日付,出発国家,出発空港,到着国家,到着空港,出発時刻,飛行時間,推奨最大運航数,収益(円),価格(円),需要(名),運航規模,座席数,運航可能な最小収益(円),必要機長数,必要副操縦士数,その他必要人員指数,飛行前必要時間,飛行後必要時間,優先順位指数
1日,日本,福岡,日本,新千歳,07:00,120,9,1020000,30000,34,小規模運航,120,2100000,1,1,4,35,40,71.4566184
1日,日本,福岡,日本,新千歳,07:30,120,9,1020000,30000,34,小規模運航,120,2100000,1,1,4,35,40,79.1906087
1日,日本,福岡,日本,新千歳,08:00,120,9,1680000,30000,56,小規模運航,120,2100000,1,1,4,35,40,93.4061008
1日,日本,福岡,日本,新千歳,08:30,120,9,1560000,30000,52,小規模運航,120,2100000,1,1,4,35,40,95.9172415
1日,日本,福岡,日本,新千歳,09:00,120,9,1680000,30000,56,小規模運航,120,2100000,1,1,4,35,40,98.2902035
1日,日本,福岡,日本,新千歳,09:30,120,9,1770000,30000,59,小規模運航,120,2100000,1,1,4,35,40,85.9561256
1日,日本,福岡,日本,新千歳,10:00,120,9,1320000,30000,44,小規模運航,120,2100000,1,1,4,35,40,95.2656475
1日,日本,福岡,日本,新千歳,10:30,120,9,1260000,30000,42,小規模運航,120,2100000,1,1,4,35,40,83.3968727
1日,日本,福岡,日本,新千歳,11:00,120,9,1290000,30000,43,小規模運航,120,2100000,1,1,4,35,40,82.2350164
1日,日本,福岡,日本,新千歳,11:30,120,9,1530000,30000,51,小規模運航,120,2100000,1,1,4,35,40,95.7711031
1日,日本,福岡,日本,新千歳,12:00,120,9,1350000,30000,45,小規模運航,120,2100000,1,1,4,35,40,94.5836705
1日,日本,福岡,日本,新千歳,12:30,120,9,1350000,30000,45,小規模運航,120,2100000,1,1,4,35,40,86.4739578
1日,日本,福岡,日本,新千歳,13:00,120,9,1260000,30000,42,小規模運航,120,2100000,1,1,4,35,40,98.2872332
1日,日本,福岡,日本,新千歳,13:30,120,9,1350000,30000,45,小規模運航,120,2100000,1,1,4,35,40,79.300201
1日,日本,福岡,日本,新千歳,14:00,120,9,1260000,30000,42,小規模運航,120,2100000,1,1,4,35,40,91.5116768
1日,日本,福岡,日本,新千歳,14:30,120,9,1380000,30000,46,小規模運航,120,2100000,1,1,4,35,40,87.990234
1日,日本,福岡,日本,新千歳,15:00,120,9,1350000,30000,45,小規模運航,120,2100000,1,1,4,35,40,80.1946835
1日,日本,福岡,日本,新千歳,15:30,120,9,1290000,30000,43,小規模運航,120,2100000,1,1,4,35,40,96.9435394
1日,日本,福岡,日本,新千歳,16:00,120,9,1380000,30000,46,小規模運航,120,2100000,1,1,4,35,40,98.5737445
1日,日本,福岡,日本,新千歳,16:30,120,9,1320000,30000,44,小規模運航,120,2100000,1,1,4,35,40,82.6034419
1日,日本,福岡,日本,新千歳,17:00,120,9,1530000,30000,51,小規模運航,120,2100000,1,1,4,35,40,94.5500495
1日,日本,福岡,日本,新千歳,17:30,120,9,1620000,30000,54,小規模運航,120,2100000,1,1,4,35,40,97.7137439
1日,日本,福岡,日本,新千歳,18:00,120,9,1680000,30000,56,小規模運航,120,2100000,1,1,4,35,40,87.7315207
1日,日本,福岡,日本,新千歳,18:30,120,9,1560000,30000,52,小規模運航,120,2100000,1,1,4,35,40,83.0242736
1日,日本,福岡,日本,新千歳,19:00,120,9,1800000,30000,60,小規模運航,120,2100000,1,1,4,35,40,95.0692206
1日,日本,福岡,日本,新千歳,19:30,120,9,1620000,30000,54,小規模運航,120,2100000,1,1,4,35,40,96.9443135
1日,日本,福岡,日本,新千歳,20:00,120,9,1290000,30000,43,小規模運航,120,2100000,1,1,4,35,40,95.6758163
1日,日本,福岡,日本,新千歳,20:30,120,9,1500000,30000,50,小規模運航,120,2100000,1,1,4,35,40,84.2079586
1日,日本,福岡,日本,新千歳,21:00,120,9,1410000,30000,47,小規模運航,120,2100000,1,1,4,35,40,83.8312484
1日,日本,福岡,日本,新千歳,21:30,120,9,1320000,30000,44,小規模運航,120,2100000,1,1,4,35,40,90.1981894
1日,日本,福岡,日本,新千歳,22:00,120,9,1050000,30000,35,小規模運航,120,2100000,1,1,4,35,40,86.8639569
1日,日本,福岡,日本,新千歳,22:30,120,9,1050000,30000,35,小規模運航,120,2100000,1,1,4,35,40,90.596999
2日,日本,福岡,日本,新千歳,07:00,120,9,1260000,30000,42,小規模運航,120,2100000,1,1,4,35,40,92.1037732
2日,日本,福岡,日本,新千歳,07:30,120,9,1080000,30000,36,小規模運航,120,2100000,1,1,4,35,40,89.2542877
2日,日本,福岡,日本,新千歳,08:00,120,9,1770000,30000,59,小規模運航,120,2100000,1,1,4,35,40,96.5030348
2日,日本,福岡,日本,新千歳,08:30,120,9,1770000,30000,59,小規模運航,120,2100000,1,1,4,35,40,91.4799851
2日,日本,福岡,日本,新千歳,09:00,120,9,1770000,30000,59,小規模運航,120,2100000,1,1,4,35,40,97.5663774
2日,日本,福岡,日本,新千歳,09:30,120,9,1770000,30000,59,小規模運航,120,2100000,1,1,4,35,40,85.9561256
2日,日本,福岡,日本,新千歳,10:00,120,9,1440000,30000,48,小規模運航,120,2100000,1,1,4,35,40,81.1859046
2日,日本,福岡,日本,新千歳,10:30,120,9,1410000,30000,47,小規模運航,120,2100000,1,1,4,35,40,95.437106
2日,日本,福岡,日本,新千歳,11:00,120,9,1410000,30000,47,小規模運航,120,2100000,1,1,4,35,40,97.956342
2日,日本,福岡,日本,新千歳,11:30,120,9,1260000,30000,42,小規模運航,120,2100000,1,1,4,35,40,96.3696693
2日,日本,福岡,日本,新千歳,12:00,120,9,1380000,30000,46,小規模運航,120,2100000,1,1,4,35,40,98.3140979
2日,日本,福岡,日本,新千歳,12:30,120,9,1320000,30000,44,小規模運航,120,2100000,1,1,4,35,40,98.4852471
2日,日本,福岡,日本,新千歳,13:00,120,9,1290000,30000,43,小規模運航,120,2100000,1,1,4,35,40,75.3521804
2日,日本,福岡,日本,新千歳,13:30,120,9,1470000,30000,49,小規模運航,120,2100000,1,1,4,35,40,84.7483695
2日,日本,福岡,日本,新千歳,14:00,120,9,1440000,30000,48,小規模運航,120,2100000,1,1,4,35,40,96.4183458
2日,日本,福岡,日本,新千歳,14:30,120,9,1320000,30000,44,小規模運航,120,2100000,1,1,4,35,40,98.3267596
2日,日本,福岡,日本,新千歳,15:00,120,9,1410000,30000,47,小規模運航,120,2100000,1,1,4,35,40,95.3252081
2日,日本,福岡,日本,新千歳,15:30,120,9,1320000,30000,44,小規模運航,120,2100000,1,1,4,35,40,97.1787123
2日,日本,福岡,日本,新千歳,16:00,120,9,1260000,30000,42,小規模運航,120,2100000,1,1,4,35,40,96.0294221
2日,日本,福岡,日本,新千歳,16:30,120,9,1350000,30000,45,小規模運航,120,2100000,1,1,4,35,40,97.2983646
2日,日本,福岡,日本,新千歳,17:00,120,9,1740000,30000,58,小規模運航,120,2100000,1,1,4,35,40,98.4244909
2日,日本,福岡,日本,新千歳,17:30,120,9,1740000,30000,58,小規模運航,120,2100000,1,1,4,35,40,74.1992509
2日,日本,福岡,日本,新千歳,18:00,120,9,1620000,30000,54,小規模運航,120,2100000,1,1,4,35,40,95.3411554
2日,日本,福岡,日本,新千歳,18:30,120,9,1590000,30000,53,小規模運航,120,2100000,1,1,4,35,40,96.2853685
2日,日本,福岡,日本,新千歳,19:00,120,9,1800000,30000,60,小規模運航,120,2100000,1,1,4,35,40,95.0692206
2日,日本,福岡,日本,新千歳,19:30,120,9,1620000,30000,54,小規模運航,120,2100000,1,1,4,35,40,96.9443135
2日,日本,福岡,日本,新千歳,20:00,120,9,1530000,30000,51,小規模運航,120,2100000,1,1,4,35,40,86.0749839
2日,日本,福岡,日本,新千歳,20:30,120,9,1440000,30000,48,小規模運航,120,2100000,1,1,4,35,40,97.2397332
2日,日本,福岡,日本,新千歳,21:00,120,9,1410000,30000,47,小規模運航,120,2100000,1,1,4,35,40,83.8312484
2日,日本,福岡,日本,新千歳,21:30,120,9,1410000,30000,47,小規模運航,120,2100000,1,1,4,35,40,96.6736463
2日,日本,福岡,日本,新千歳,22:00,120,9,990000,30000,33,小規模運航,120,2100000,1,1,4,35,40,92.8669881
2日,日本,福岡,日本,新千歳,22:30,120,9,1050000,30000,35,小規模運航,120,2100000,1,1,4,35,40,90.596999
3日,日本,福岡,日本,新千歳,07:00,120,9,1200000,30000,40,小規模運航,120,2100000,1,1,4,35,40,94.8113812
3日,日本,福岡,日本,新千歳,07:30,120,9,1110000,30000,37,小規模運航,120,2100000,1,1,4,35,40,96.381182
3日,日本,福岡,日本,新千歳,08:00,120,9,1620000,30000,54,小規模運航,120,2100000,1,1,4,35,40,95.0800747
3日,日本,福岡,日本,新千歳,08:30,120,9,1530000,30000,51,小規模運航,120,2100000,1,1,4,35,40,95.994835
3日,日本,福岡,日本,新千歳,09:00,120,9,1530000,30000,51,小規模運航,120,2100000,1,1,4,35,40,98.0872078
3日,日本,福岡,日本,新千歳,09:30,120,9,1560000,30000,52,小規模運航,120,2100000,1,1,4,35,40,91.9659778
3日,日本,福岡,日本,新千歳,10:00,120,9,1470000,30000,49,小規模運航,120,2100000,1,1,4,35,40,96.1611987
3日,日本,福岡,日本,新千歳,10:30,120,9,1410000,30000,47,小規模運航,120,2100000,1,1,4,35,40,95.437106
3日,日本,福岡,日本,新千歳,11:00,120,9,1470000,30000,49,小規模運航,120,2100000,1,1,4,35,40,95.1587986
3日,日本,福岡,日本,新千歳,11:30,120,9,1260000,30000,42,小規模運航,120,2100000,1,1,4,35,40,96.3696693
3日,日本,福岡,日本,新千歳,12:00,120,9,1320000,30000,44,小規模運航,120,2100000,1,1,4,35,40,86.2312074
3日,日本,福岡,日本,新千歳,12:30,120,9,1440000,30000,48,小規模運航,120,2100000,1,1,4,35,40,97.9263265
3日,日本,福岡,日本,新千歳,13:00,120,9,1290000,30000,43,小規模運航,120,2100000,1,1,4,35,40,75.3521804
3日,日本,福岡,日本,新千歳,13:30,120,9,1260000,30000,42,小規模運航,120,2100000,1,1,4,35,40,94.4683228
3日,日本,福岡,日本,新千歳,14:00,120,9,1320000,30000,44,小規模運航,120,2100000,1,1,4,35,40,97.9752025
3日,日本,福岡,日本,新千歳,14:30,120,9,1290000,30000,43,小規模運航,120,2100000,1,1,4,35,40,89.6627759
3日,日本,福岡,日本,新千歳,15:00,120,9,1500000,30000,50,小規模運航,120,2100000,1,1,4,35,40,93.3954738
3日,日本,福岡,日本,新千歳,15:30,120,9,1350000,30000,45,小規模運航,120,2100000,1,1,4,35,40,92.303417
3日,日本,福岡,日本,新千歳,16:00,120,9,1410000,30000,47,小規模運航,120,2100000,1,1,4,35,40,95.3128312
3日,日本,福岡,日本,新千歳,16:30,120,9,1260000,30000,42,小規模運航,120,2100000,1,1,4,35,40,93.2148769
3日,日本,福岡,日本,新千歳,17:00,120,9,1710000,30000,57,小規模運航,120,2100000,1,1,4,35,40,89.7427161
3日,日本,福岡,日本,新千歳,17:30,120,9,1530000,30000,51,小規模運航,120,2100000,1,1,4,35,40,95.6126254
3日,日本,福岡,日本,新千歳,18:00,120,9,1740000,30000,58,小規模運航,120,2100000,1,1,4,35,40,92.2838719
3日,日本,福岡,日本,新千歳,18:30,120,9,1590000,30000,53,小規模運航,120,2100000,1,1,4,35,40,96.2853685
3日,日本,福岡,日本,新千歳,19:00,120,9,1710000,30000,57,小規模運航,120,2100000,1,1,4,35,40,96.7854587
3日,日本,福岡,日本,新千歳,19:30,120,9,1560000,30000,52,小規模運航,120,2100000,1,1,4,35,40,98.3750784
3日,日本,福岡,日本,新千歳,20:00,120,9,1260000,30000,42,小規模運航,120,2100000,1,1,4,35,40,94.8577907
3日,日本,福岡,日本,新千歳,20:30,120,9,1260000,30000,42,小規模運航,120,2100000,1,1,4,35,40,95.2114115
3日,日本,福岡,日本,新千歳,21:00,120,9,1530000,30000,51,小規模運航,120,2100000,1,1,4,35,40,94.5788309
3日,日本,福岡,日本,新千歳,21:30,120,9,1410000,30000,47,小規模運航,120,2100000,1,1,4,35,40,96.6736463
3日,日本,福岡,日本,新千歳,22:00,120,9,990000,30000,33,小規模運航,120,2100000,1,1,4,35,40,92.8669881
3日,日本,福岡,日本,新千歳,22:30,120,9,1050000,30000,35,小規模運航,120,2100000,1,1,4,35,40,90.596999
4日,日本,福岡,日本,新千歳,07:00,120,9,1200000,30000,40,小規模運航,120,2100000,1,1,4,35,40,94.8113812
4日,日本,福岡,日本,新千歳,07:30,120,9,1050000,30000,35,小規模運航,120,2100000,1,1,4,35,40,90.7739489
4日,日本,福岡,日本,新千歳,08:00,120,9,1800000,30000,60,小規模運航,120,2100000,1,1,4,35,40,95.7451705
4日,日本,福岡,日本,新千歳,08:30,120,9,1590000,30000,53,小規模運航,120,2100000,1,1,4,35,40,95.2075524
4日,日本,福岡,日本,新千歳,09:00,120,9,1650000,30000,55,小規模運航,120,2100000,1,1,4,35,40,94.0029016
4日,日本,福岡,日本,新千歳,09:30,120,9,1560000,30000,52,小規模運航,120,2100000,1,1,4,35,40,91.9659778
4日,日本,福岡,日本,新千歳,10:00,120,9,1410000,30000,47,小規模運航,120,2100000,1,1,4,35,40,91.1654715
4日,日本,福岡,日本,新千歳,10:30,120,9,1470000,30000,49,小規模運航,120,2100000,1,1,4,35,40,77.8429032
4日,日本,福岡,日本,新千歳,11:00,120,9,1350000,30000,45,小規模運航,120,2100000,1,1,4,35,40,95.2835749
4日,日本,福岡,日本,新千歳,11:30,120,9,1500000,30000,50,小規模運航,120,2100000,1,1,4,35,40,97.345247
4日,日本,福岡,日本,新千歳,12:00,120,9,1500000,30000,50,小規模運航,120,2100000,1,1,4,35,40,97.4595362
4日,日本,福岡,日本,新千歳,12:30,120,9,1500000,30000,50,小規模運航,120,2100000,1,1,4,35,40,93.7738179
4日,日本,福岡,日本,新千歳,13:00,120,9,1410000,30000,47,小規模運航,120,2100000,1,1,4,35,40,95.6842861
4日,日本,福岡,日本,新千歳,13:30,120,9,1410000,30000,47,小規模運航,120,2100000,1,1,4,35,40,98.1145009
4日,日本,福岡,日本,新千歳,14:00,120,9,1380000,30000,46,小規模運航,120,2100000,1,1,4,35,40,93.8779497
4日,日本,福岡,日本,新千歳,14:30,120,9,1410000,30000,47,小規模運航,120,2100000,1,1,4,35,40,98.1388296
4日,日本,福岡,日本,新千歳,15:00,120,9,1260000,30000,42,小規模運航,120,2100000,1,1,4,35,40,80.5360356
4日,日本,福岡,日本,新千歳,15:30,120,9,1350000,30000,45,小規模運航,120,2100000,1,1,4,35,40,92.303417
4日,日本,福岡,日本,新千歳,16:00,120,9,1470000,30000,49,小規模運航,120,2100000,1,1,4,35,40,81.6958505
4日,日本,福岡,日本,新千歳,16:30,120,9,1410000,30000,47,小規模運航,120,2100000,1,1,4,35,40,97.4762387
4日,日本,福岡,日本,新千歳,17:00,120,9,1740000,30000,58,小規模運航,120,2100000,1,1,4,35,40,98.4244909
4日,日本,福岡,日本,新千歳,17:30,120,9,1620000,30000,54,小規模運航,120,2100000,1,1,4,35,40,97.7137439
4日,日本,福岡,日本,新千歳,18:00,120,9,1770000,30000,59,小規模運航,120,2100000,1,1,4,35,40,81.3962418
4日,日本,福岡,日本,新千歳,18:30,120,9,1680000,30000,56,小規模運航,120,2100000,1,1,4,35,40,95.8343518
4日,日本,福岡,日本,新千歳,19:00,120,9,1620000,30000,54,小規模運航,120,2100000,1,1,4,35,40,95.9586573
4日,日本,福岡,日本,新千歳,19:30,120,9,1770000,30000,59,小規模運航,120,2100000,1,1,4,35,40,94.383095
4日,日本,福岡,日本,新千歳,20:00,120,9,1470000,30000,49,小規模運航,120,2100000,1,1,4,35,40,87.5125242
4日,日本,福岡,日本,新千歳,20:30,120,9,1470000,30000,49,小規模運航,120,2100000,1,1,4,35,40,94.393531
4日,日本,福岡,日本,新千歳,21:00,120,9,1410000,30000,47,小規模運航,120,2100000,1,1,4,35,40,83.8312484
4日,日本,福岡,日本,新千歳,21:30,120,9,1350000,30000,45,小規模運航,120,2100000,1,1,4,35,40,84.246993
4日,日本,福岡,日本,新千歳,22:00,120,9,1020000,30000,34,小規模運航,120,2100000,1,1,4,35,40,96.5118787
4日,日本,福岡,日本,新千歳,22:30,120,9,1110000,30000,37,小規模運航,120,2100000,1,1,4,35,40,82.9244508
5日,日本,福岡,日本,新千歳,07:00,120,9,1080000,30000,36,小規模運航,120,2100000,1,1,4,35,40,94.6604528
5日,日本,福岡,日本,新千歳,07:30,120,9,990000,30000,33,小規模運航,120,2100000,1,1,4,35,40,95.2016158
5日,日本,福岡,日本,新千歳,08:00,120,9,1770000,30000,59,小規模運航,120,2100000,1,1,4,35,40,96.5030348
5日,日本,福岡,日本,新千歳,08:30,120,9,1650000,30000,55,小規模運航,120,2100000,1,1,4,35,40,92.0384463
5日,日本,福岡,日本,新千歳,09:00,120,9,1770000,30000,59,小規模運航,120,2100000,1,1,4,35,40,97.5663774
5日,日本,福岡,日本,新千歳,09:30,120,9,1650000,30000,55,小規模運航,120,2100000,1,1,4,35,40,97.2031549
5日,日本,福岡,日本,新千歳,10:00,120,9,1410000,30000,47,小規模運航,120,2100000,1,1,4,35,40,91.1654715
5日,日本,福岡,日本,新千歳,10:30,120,9,1350000,30000,45,小規模運航,120,2100000,1,1,4,35,40,96.3627269
5日,日本,福岡,日本,新千歳,11:00,120,9,1500000,30000,50,小規模運航,120,2100000,1,1,4,35,40,84.7770047
5日,日本,福岡,日本,新千歳,11:30,120,9,1530000,30000,51,小規模運航,120,2100000,1,1,4,35,40,95.7711031
5日,日本,福岡,日本,新千歳,12:00,120,9,1290000,30000,43,小規模運航,120,2100000,1,1,4,35,40,98.1102946
5日,日本,福岡,日本,新千歳,12:30,120,9,1320000,30000,44,小規模運航,120,2100000,1,1,4,35,40,98.4852471
5日,日本,福岡,日本,新千歳,13:00,120,9,1290000,30000,43,小規模運航,120,2100000,1,1,4,35,40,75.3521804
5日,日本,福岡,日本,新千歳,13:30,120,9,1350000,30000,45,小規模運航,120,2100000,1,1,4,35,40,79.300201
5日,日本,福岡,日本,新千歳,14:00,120,9,1320000,30000,44,小規模運航,120,2100000,1,1,4,35,40,97.9752025
5日,日本,福岡,日本,新千歳,14:30,120,9,1530000,30000,51,小規模運航,120,2100000,1,1,4,35,40,97.6157862
5日,日本,福岡,日本,新千歳,15:00,120,9,1410000,30000,47,小規模運航,120,2100000,1,1,4,35,40,95.3252081
5日,日本,福岡,日本,新千歳,15:30,120,9,1440000,30000,48,小規模運航,120,2100000,1,1,4,35,40,88.1951169
5日,日本,福岡,日本,新千歳,16:00,120,9,1380000,30000,46,小規模運航,120,2100000,1,1,4,35,40,98.5737445
5日,日本,福岡,日本,新千歳,16:30,120,9,1440000,30000,48,小規模運航,120,2100000,1,1,4,35,40,96.2373811
5日,日本,福岡,日本,新千歳,17:00,120,9,1590000,30000,53,小規模運航,120,2100000,1,1,4,35,40,84.5232808
5日,日本,福岡,日本,新千歳,17:30,120,9,1710000,30000,57,小規模運航,120,2100000,1,1,4,35,40,98.5298515
5日,日本,福岡,日本,新千歳,18:00,120,9,1800000,30000,60,小規模運航,120,2100000,1,1,4,35,40,94.9620562
5日,日本,福岡,日本,新千歳,18:30,120,9,1770000,30000,59,小規模運航,120,2100000,1,1,4,35,40,75.7060292
5日,日本,福岡,日本,新千歳,19:00,120,9,1710000,30000,57,小規模運航,120,2100000,1,1,4,35,40,96.7854587
5日,日本,福岡,日本,新千歳,19:30,120,9,1590000,30000,53,小規模運航,120,2100000,1,1,4,35,40,98.6887805
5日,日本,福岡,日本,新千歳,20:00,120,9,1260000,30000,42,小規模運航,120,2100000,1,1,4,35,40,94.8577907
5日,日本,福岡,日本,新千歳,20:30,120,9,1500000,30000,50,小規模運航,120,2100000,1,1,4,35,40,84.2079586
5日,日本,福岡,日本,新千歳,21:00,120,9,1350000,30000,45,小規模運航,120,2100000,1,1,4,35,40,98.5649494
5日,日本,福岡,日本,新千歳,21:30,120,9,1410000,30000,47,小規模運航,120,2100000,1,1,4,35,40,96.6736463
5日,日本,福岡,日本,新千歳,22:00,120,9,990000,30000,33,小規模運航,120,2100000,1,1,4,35,40,92.8669881
5日,日本,福岡,日本,新千歳,22:30,120,9,1080000,30000,36,小規模運航,120,2100000,1,1,4,35,40,85.2818107
6日,日本,福岡,日本,新千歳,07:00,120,9,1050000,30000,35,小規模運航,120,2100000,1,1,4,35,40,96.0527596
6日,日本,福岡,日本,新千歳,07:30,120,9,990000,30000,33,小規模運航,120,2100000,1,1,4,35,40,95.2016158
6日,日本,福岡,日本,新千歳,08:00,120,9,1560000,30000,52,小規模運航,120,2100000,1,1,4,35,40,82.469687
6日,日本,福岡,日本,新千歳,08:30,120,9,1770000,30000,59,小規模運航,120,2100000,1,1,4,35,40,91.4799851
6日,日本,福岡,日本,新千歳,09:00,120,9,1800000,30000,60,小規模運航,120,2100000,1,1,4,35,40,94.7206672
6日,日本,福岡,日本,新千歳,09:30,120,9,1590000,30000,53,小規模運航,120,2100000,1,1,4,35,40,79.3109662
6日,日本,福岡,日本,新千歳,10:00,120,9,1410000,30000,47,小規模運航,120,2100000,1,1,4,35,40,91.1654715
6日,日本,福岡,日本,新千歳,10:30,120,9,1260000,30000,42,小規模運航,120,2100000,1,1,4,35,40,83.3968727
6日,日本,福岡,日本,新千歳,11:00,120,9,1410000,30000,47,小規模運航,120,2100000,1,1,4,35,40,97.956342
6日,日本,福岡,日本,新千歳,11:30,120,9,1260000,30000,42,小規模運航,120,2100000,1,1,4,35,40,96.3696693
6日,日本,福岡,日本,新千歳,12:00,120,9,1350000,30000,45,小規模運航,120,2100000,1,1,4,35,40,94.5836705
6日,日本,福岡,日本,新千歳,12:30,120,9,1380000,30000,46,小規模運航,120,2100000,1,1,4,35,40,70.4227612
6日,日本,福岡,日本,新千歳,13:00,120,9,1470000,30000,49,小規模運航,120,2100000,1,1,4,35,40,80.4655962
6日,日本,福岡,日本,新千歳,13:30,120,9,1500000,30000,50,小規模運航,120,2100000,1,1,4,35,40,96.7332057
6日,日本,福岡,日本,新千歳,14:00,120,9,1410000,30000,47,小規模運航,120,2100000,1,1,4,35,40,97.3279285
6日,日本,福岡,日本,新千歳,14:30,120,9,1260000,30000,42,小規模運航,120,2100000,1,1,4,35,40,90.4596596
6日,日本,福岡,日本,新千歳,15:00,120,9,1410000,30000,47,小規模運航,120,2100000,1,1,4,35,40,95.3252081
6日,日本,福岡,日本,新千歳,15:30,120,9,1470000,30000,49,小規模運航,120,2100000,1,1,4,35,40,91.8443877
6日,日本,福岡,日本,新千歳,16:00,120,9,1350000,30000,45,小規模運航,120,2100000,1,1,4,35,40,83.2835836
6日,日本,福岡,日本,新千歳,16:30,120,9,1410000,30000,47,小規模運航,120,2100000,1,1,4,35,40,97.4762387
6日,日本,福岡,日本,新千歳,17:00,120,9,1770000,30000,59,小規模運航,120,2100000,1,1,4,35,40,95.7788719
6日,日本,福岡,日本,新千歳,17:30,120,9,1680000,30000,56,小規模運航,120,2100000,1,1,4,35,40,94.9293643
6日,日本,福岡,日本,新千歳,18:00,120,9,1710000,30000,57,小規模運航,120,2100000,1,1,4,35,40,94.7409988
6日,日本,福岡,日本,新千歳,18:30,120,9,1560000,30000,52,小規模運航,120,2100000,1,1,4,35,40,83.0242736
6日,日本,福岡,日本,新千歳,19:00,120,9,1770000,30000,59,小規模運航,120,2100000,1,1,4,35,40,80.9295461
6日,日本,福岡,日本,新千歳,19:30,120,9,1710000,30000,57,小規模運航,120,2100000,1,1,4,35,40,90.1602308
6日,日本,福岡,日本,新千歳,20:00,120,9,1380000,30000,46,小規模運航,120,2100000,1,1,4,35,40,97.6362318
6日,日本,福岡,日本,新千歳,20:30,120,9,1350000,30000,45,小規模運航,120,2100000,1,1,4,35,40,97.8743949
6日,日本,福岡,日本,新千歳,21:00,120,9,1440000,30000,48,小規模運航,120,2100000,1,1,4,35,40,95.0569767
6日,日本,福岡,日本,新千歳,21:30,120,9,1260000,30000,42,小規模運航,120,2100000,1,1,4,35,40,91.1972899
6日,日本,福岡,日本,新千歳,22:00,120,9,1080000,30000,36,小規模運航,120,2100000,1,1,4,35,40,85.2545574
6日,日本,福岡,日本,新千歳,22:30,120,9,1020000,30000,34,小規模運航,120,2100000,1,1,4,35,40,76.430878
7日,日本,福岡,日本,新千歳,07:00,120,9,990000,30000,33,小規模運航,120,2100000,1,1,4,35,40,88.8904182
7日,日本,福岡,日本,新千歳,07:30,120,9,1110000,30000,37,小規模運航,120,2100000,1,1,4,35,40,96.381182
7日,日本,福岡,日本,新千歳,08:00,120,9,1770000,30000,59,小規模運航,120,2100000,1,1,4,35,40,96.5030348
7日,日本,福岡,日本,新千歳,08:30,120,9,1680000,30000,56,小規模運航,120,2100000,1,1,4,35,40,94.8925363
7日,日本,福岡,日本,新千歳,09:00,120,9,1770000,30000,59,小規模運航,120,2100000,1,1,4,35,40,97.5663774
7日,日本,福岡,日本,新千歳,09:30,120,9,1770000,30000,59,小規模運航,120,2100000,1,1,4,35,40,85.9561256
7日,日本,福岡,日本,新千歳,10:00,120,9,1410000,30000,47,小規模運航,120,2100000,1,1,4,35,40,91.1654715
7日,日本,福岡,日本,新千歳,10:30,120,9,1350000,30000,45,小規模運航,120,2100000,1,1,4,35,40,96.3627269
7日,日本,福岡,日本,新千歳,11:00,120,9,1530000,30000,51,小規模運航,120,2100000,1,1,4,35,40,98.3417777
7日,日本,福岡,日本,新千歳,11:30,120,9,1440000,30000,48,小規模運航,120,2100000,1,1,4,35,40,78.1777877
7日,日本,福岡,日本,新千歳,12:00,120,9,1470000,30000,49,小規模運航,120,2100000,1,1,4,35,40,98.530428
7日,日本,福岡,日本,新千歳,12:30,120,9,1320000,30000,44,小規模運航,120,2100000,1,1,4,35,40,98.4852471
7日,日本,福岡,日本,新千歳,13:00,120,9,1320000,30000,44,小規模運航,120,2100000,1,1,4,35,40,90.7641436
7日,日本,福岡,日本,新千歳,13:30,120,9,1320000,30000,44,小規模運航,120,2100000,1,1,4,35,40,82.6691369
7日,日本,福岡,日本,新千歳,14:00,120,9,1500000,30000,50,小規模運航,120,2100000,1,1,4,35,40,94.2303755
7日,日本,福岡,日本,新千歳,14:30,120,9,1500000,30000,50,小規模運航,120,2100000,1,1,4,35,40,84.7764189
7日,日本,福岡,日本,新千歳,15:00,120,9,1410000,30000,47,小規模運航,120,2100000,1,1,4,35,40,95.3252081
7日,日本,福岡,日本,新千歳,15:30,120,9,1260000,30000,42,小規模運航,120,2100000,1,1,4,35,40,83.5325957
7日,日本,福岡,日本,新千歳,16:00,120,9,1320000,30000,44,小規模運航,120,2100000,1,1,4,35,40,91.6921285
7日,日本,福岡,日本,新千歳,16:30,120,9,1500000,30000,50,小規模運航,120,2100000,1,1,4,35,40,87.4532825
7日,日本,福岡,日本,新千歳,17:00,120,9,1620000,30000,54,小規模運航,120,2100000,1,1,4,35,40,96.8884087
7日,日本,福岡,日本,新千歳,17:30,120,9,1590000,30000,53,小規模運航,120,2100000,1,1,4,35,40,98.4718696
7日,日本,福岡,日本,新千歳,18:00,120,9,1530000,30000,51,小規模運航,120,2100000,1,1,4,35,40,95.097683
7日,日本,福岡,日本,新千歳,18:30,120,9,1740000,30000,58,小規模運航,120,2100000,1,1,4,35,40,97.3940935
7日,日本,福岡,日本,新千歳,19:00,120,9,1590000,30000,53,小規模運航,120,2100000,1,1,4,35,40,96.9702012
7日,日本,福岡,日本,新千歳,19:30,120,9,1680000,30000,56,小規模運航,120,2100000,1,1,4,35,40,96.9385201
7日,日本,福岡,日本,新千歳,20:00,120,9,1530000,30000,51,小規模運航,120,2100000,1,1,4,35,40,86.0749839
7日,日本,福岡,日本,新千歳,20:30,120,9,1380000,30000,46,小規模運航,120,2100000,1,1,4,35,40,98.5488215
7日,日本,福岡,日本,新千歳,21:00,120,9,1440000,30000,48,小規模運航,120,2100000,1,1,4,35,40,95.0569767
7日,日本,福岡,日本,新千歳,21:30,120,9,1470000,30000,49,小規模運航,120,2100000,1,1,4,35,40,78.3531441
7日,日本,福岡,日本,新千歳,22:00,120,9,1050000,30000,35,小規模運航,120,2100000,1,1,4,35,40,86.8639569
7日,日本,福岡,日本,新千歳,22:30,120,9,1200000,30000,40,小規模運航,120,2100000,1,1,4,35,40,87.8486692
8日,日本,福岡,日本,新千歳,07:00,120,9,1230000,30000,41,小規模運航,120,2100000,1,1,4,35,40,88.5648365
8日,日本,福岡,日本,新千歳,07:30,120,9,1200000,30000,40,小規模運航,120,2100000,1,1,4,35,40,95.750797
8日,日本,福岡,日本,新千歳,08:00,120,9,1620000,30000,54,小規模運航,120,2100000,1,1,4,35,40,95.0800747
8日,日本,福岡,日本,新千歳,08:30,120,9,1560000,30000,52,小規模運航,120,2100000,1,1,4,35,40,95.9172415
8日,日本,福岡,日本,新千歳,09:00,120,9,1650000,30000,55,小規模運航,120,2100000,1,1,4,35,40,94.0029016
8日,日本,福岡,日本,新千歳,09:30,120,9,1650000,30000,55,小規模運航,120,2100000,1,1,4,35,40,97.2031549
8日,日本,福岡,日本,新千歳,10:00,120,9,1410000,30000,47,小規模運航,120,2100000,1,1,4,35,40,91.1654715
8日,日本,福岡,日本,新千歳,10:30,120,9,1260000,30000,42,小規模運航,120,2100000,1,1,4,35,40,83.3968727
8日,日本,福岡,日本,新千歳,11:00,120,9,1320000,30000,44,小規模運航,120,2100000,1,1,4,35,40,86.5044326
8日,日本,福岡,日本,新千歳,11:30,120,9,1350000,30000,45,小規模運航,120,2100000,1,1,4,35,40,98.1762719
8日,日本,福岡,日本,新千歳,12:00,120,9,1440000,30000,48,小規模運航,120,2100000,1,1,4,35,40,94.4468247
8日,日本,福岡,日本,新千歳,12:30,120,9,1260000,30000,42,小規模運航,120,2100000,1,1,4,35,40,98.2194671
8日,日本,福岡,日本,新千歳,13:00,120,9,1410000,30000,47,小規模運航,120,2100000,1,1,4,35,40,95.6842861
8日,日本,福岡,日本,新千歳,13:30,120,9,1320000,30000,44,小規模運航,120,2100000,1,1,4,35,40,82.6691369
8日,日本,福岡,日本,新千歳,14:00,120,9,1380000,30000,46,小規模運航,120,2100000,1,1,4,35,40,93.8779497
8日,日本,福岡,日本,新千歳,14:30,120,9,1350000,30000,45,小規模運航,120,2100000,1,1,4,35,40,84.5413572
8日,日本,福岡,日本,新千歳,15:00,120,9,1440000,30000,48,小規模運航,120,2100000,1,1,4,35,40,80.3231925
8日,日本,福岡,日本,新千歳,15:30,120,9,1500000,30000,50,小規模運航,120,2100000,1,1,4,35,40,92.9986393
8日,日本,福岡,日本,新千歳,16:00,120,9,1290000,30000,43,小規模運航,120,2100000,1,1,4,35,40,94.0136555
8日,日本,福岡,日本,新千歳,16:30,120,9,1410000,30000,47,小規模運航,120,2100000,1,1,4,35,40,97.4762387
8日,日本,福岡,日本,新千歳,17:00,120,9,1620000,30000,54,小規模運航,120,2100000,1,1,4,35,40,96.8884087
8日,日本,福岡,日本,新千歳,17:30,120,9,1770000,30000,59,小規模運航,120,2100000,1,1,4,35,40,97.0460787
8日,日本,福岡,日本,新千歳,18:00,120,9,1770000,30000,59,小規模運航,120,2100000,1,1,4,35,40,81.3962418
8日,日本,福岡,日本,新千歳,18:30,120,9,1710000,30000,57,小規模運航,120,2100000,1,1,4,35,40,96.3817074
8日,日本,福岡,日本,新千歳,19:00,120,9,1770000,30000,59,小規模運航,120,2100000,1,1,4,35,40,80.9295461
8日,日本,福岡,日本,新千歳,19:30,120,9,1590000,30000,53,小規模運航,120,2100000,1,1,4,35,40,98.6887805
8日,日本,福岡,日本,新千歳,20:00,120,9,1440000,30000,48,小規模運航,120,2100000,1,1,4,35,40,93.4555195
8日,日本,福岡,日本,新千歳,20:30,120,9,1440000,30000,48,小規模運航,120,2100000,1,1,4,35,40,97.2397332
8日,日本,福岡,日本,新千歳,21:00,120,9,1410000,30000,47,小規模運航,120,2100000,1,1,4,35,40,83.8312484
8日,日本,福岡,日本,新千歳,21:30,120,9,1410000,30000,47,小規模運航,120,2100000,1,1,4,35,40,96.6736463
8日,日本,福岡,日本,新千歳,22:00,120,9,1200000,30000,40,小規模運航,120,2100000,1,1,4,35,40,92.6124625
8日,日本,福岡,日本,新千歳,22:30,120,9,1230000,30000,41,小規模運航,120,2100000,1,1,4,35,40,87.0047513
9日,日本,福岡,日本,新千歳,07:00,120,9,1050000,30000,35,小規模運航,120,2100000,1,1,4,35,40,96.0527596
9日,日本,福岡,日本,新千歳,07:30,120,9,1050000,30000,35,小規模運航,120,2100000,1,1,4,35,40,90.7739489
9日,日本,福岡,日本,新千歳,08:00,120,9,1770000,30000,59,小規模運航,120,2100000,1,1,4,35,40,96.5030348
9日,日本,福岡,日本,新千歳,08:30,120,9,1620000,30000,54,小規模運航,120,2100000,1,1,4,35,40,92.0261187
9日,日本,福岡,日本,新千歳,09:00,120,9,1530000,30000,51,小規模運航,120,2100000,1,1,4,35,40,98.0872078
9日,日本,福岡,日本,新千歳,09:30,120,9,1650000,30000,55,小規模運航,120,2100000,1,1,4,35,40,97.2031549
9日,日本,福岡,日本,新千歳,10:00,120,9,1290000,30000,43,小規模運航,120,2100000,1,1,4,35,40,98.2174974
9日,日本,福岡,日本,新千歳,10:30,120,9,1500000,30000,50,小規模運航,120,2100000,1,1,4,35,40,86.4424557
9日,日本,福岡,日本,新千歳,11:00,120,9,1500000,30000,50,小規模運航,120,2100000,1,1,4,35,40,84.7770047
9日,日本,福岡,日本,新千歳,11:30,120,9,1320000,30000,44,小規模運航,120,2100000,1,1,4,35,40,97.9800491
9日,日本,福岡,日本,新千歳,12:00,120,9,1410000,30000,47,小規模運航,120,2100000,1,1,4,35,40,94.4474624
9日,日本,福岡,日本,新千歳,12:30,120,9,1470000,30000,49,小規模運航,120,2100000,1,1,4,35,40,97.1876687
9日,日本,福岡,日本,新千歳,13:00,120,9,1260000,30000,42,小規模運航,120,2100000,1,1,4,35,40,98.2872332
9日,日本,福岡,日本,新千歳,13:30,120,9,1290000,30000,43,小規模運航,120,2100000,1,1,4,35,40,72.2248278
9日,日本,福岡,日本,新千歳,14:00,120,9,1410000,30000,47,小規模運航,120,2100000,1,1,4,35,40,97.3279285
9日,日本,福岡,日本,新千歳,14:30,120,9,1320000,30000,44,小規模運航,120,2100000,1,1,4,35,40,98.3267596
9日,日本,福岡,日本,新千歳,15:00,120,9,1470000,30000,49,小規模運航,120,2100000,1,1,4,35,40,94.9347801
9日,日本,福岡,日本,新千歳,15:30,120,9,1500000,30000,50,小規模運航,120,2100000,1,1,4,35,40,92.9986393
9日,日本,福岡,日本,新千歳,16:00,120,9,1260000,30000,42,小規模運航,120,2100000,1,1,4,35,40,96.0294221
9日,日本,福岡,日本,新千歳,16:30,120,9,1410000,30000,47,小規模運航,120,2100000,1,1,4,35,40,97.4762387
9日,日本,福岡,日本,新千歳,17:00,120,9,1560000,30000,52,小規模運航,120,2100000,1,1,4,35,40,94.678463
9日,日本,福岡,日本,新千歳,17:30,120,9,1530000,30000,51,小規模運航,120,2100000,1,1,4,35,40,95.6126254
9日,日本,福岡,日本,新千歳,18:00,120,9,1620000,30000,54,小規模運航,120,2100000,1,1,4,35,40,95.3411554
9日,日本,福岡,日本,新千歳,18:30,120,9,1530000,30000,51,小規模運航,120,2100000,1,1,4,35,40,91.3016134
9日,日本,福岡,日本,新千歳,19:00,120,9,1710000,30000,57,小規模運航,120,2100000,1,1,4,35,40,96.7854587
9日,日本,福岡,日本,新千歳,19:30,120,9,1620000,30000,54,小規模運航,120,2100000,1,1,4,35,40,96.9443135
9日,日本,福岡,日本,新千歳,20:00,120,9,1320000,30000,44,小規模運航,120,2100000,1,1,4,35,40,86.3649208
9日,日本,福岡,日本,新千歳,20:30,120,9,1500000,30000,50,小規模運航,120,2100000,1,1,4,35,40,84.2079586
9日,日本,福岡,日本,新千歳,21:00,120,9,1380000,30000,46,小規模運航,120,2100000,1,1,4,35,40,96.2627516
9日,日本,福岡,日本,新千歳,21:30,120,9,1530000,30000,51,小規模運航,120,2100000,1,1,4,35,40,75.7682391
9日,日本,福岡,日本,新千歳,22:00,120,9,990000,30000,33,小規模運航,120,2100000,1,1,4,35,40,92.8669881
9日,日本,福岡,日本,新千歳,22:30,120,9,1080000,30000,36,小規模運航,120,2100000,1,1,4,35,40,85.2818107
10日,日本,福岡,日本,新千歳,07:00,120,9,1140000,30000,38,小規模運航,120,2100000,1,1,4,35,40,95.9041209
10日,日本,福岡,日本,新千歳,07:30,120,9,1080000,30000,36,小規模運航,120,2100000,1,1,4,35,40,89.2542877
10日,日本,福岡,日本,新千歳,08:00,120,9,1770000,30000,59,小規模運航,120,2100000,1,1,4,35,40,96.5030348
10日,日本,福岡,日本,新千歳,08:30,120,9,1650000,30000,55,小規模運航,120,2100000,1,1,4,35,40,92.0384463
10日,日本,福岡,日本,新千歳,09:00,120,9,1620000,30000,54,小規模運航,120,2100000,1,1,4,35,40,95.8605768
10日,日本,福岡,日本,新千歳,09:30,120,9,1740000,30000,58,小規模運航,120,2100000,1,1,4,35,40,95.8423075
10日,日本,福岡,日本,新千歳,10:00,120,9,1410000,30000,47,小規模運航,120,2100000,1,1,4,35,40,91.1654715
10日,日本,福岡,日本,新千歳,10:30,120,9,1290000,30000,43,小規模運航,120,2100000,1,1,4,35,40,81.7395509
10日,日本,福岡,日本,新千歳,11:00,120,9,1470000,30000,49,小規模運航,120,2100000,1,1,4,35,40,95.1587986
10日,日本,福岡,日本,新千歳,11:30,120,9,1380000,30000,46,小規模運航,120,2100000,1,1,4,35,40,82.6384276
10日,日本,福岡,日本,新千歳,12:00,120,9,1500000,30000,50,小規模運航,120,2100000,1,1,4,35,40,97.4595362
10日,日本,福岡,日本,新千歳,12:30,120,9,1380000,30000,46,小規模運航,120,2100000,1,1,4,35,40,70.4227612
10日,日本,福岡,日本,新千歳,13:00,120,9,1290000,30000,43,小規模運航,120,2100000,1,1,4,35,40,75.3521804
10日,日本,福岡,日本,新千歳,13:30,120,9,1410000,30000,47,小規模運航,120,2100000,1,1,4,35,40,98.1145009
10日,日本,福岡,日本,新千歳,14:00,120,9,1380000,30000,46,小規模運航,120,2100000,1,1,4,35,40,93.8779497
10日,日本,福岡,日本,新千歳,14:30,120,9,1320000,30000,44,小規模運航,120,2100000,1,1,4,35,40,98.3267596
10日,日本,福岡,日本,新千歳,15:00,120,9,1290000,30000,43,小規模運航,120,2100000,1,1,4,35,40,84.1937696
10日,日本,福岡,日本,新千歳,15:30,120,9,1440000,30000,48,小規模運航,120,2100000,1,1,4,35,40,88.1951169
10日,日本,福岡,日本,新千歳,16:00,120,9,1290000,30000,43,小規模運航,120,2100000,1,1,4,35,40,94.0136555
10日,日本,福岡,日本,新千歳,16:30,120,9,1320000,30000,44,小規模運航,120,2100000,1,1,4,35,40,82.6034419
10日,日本,福岡,日本,新千歳,17:00,120,9,1740000,30000,58,小規模運航,120,2100000,1,1,4,35,40,98.4244909
10日,日本,福岡,日本,新千歳,17:30,120,9,1800000,30000,60,小規模運航,120,2100000,1,1,4,35,40,96.0268002
10日,日本,福岡,日本,新千歳,18:00,120,9,1620000,30000,54,小規模運航,120,2100000,1,1,4,35,40,95.3411554
10日,日本,福岡,日本,新千歳,18:30,120,9,1590000,30000,53,小規模運航,120,2100000,1,1,4,35,40,96.2853685
10日,日本,福岡,日本,新千歳,19:00,120,9,1740000,30000,58,小規模運航,120,2100000,1,1,4,35,40,92.6944158
10日,日本,福岡,日本,新千歳,19:30,120,9,1800000,30000,60,小規模運航,120,2100000,1,1,4,35,40,95.9063762
10日,日本,福岡,日本,新千歳,20:00,120,9,1410000,30000,47,小規模運航,120,2100000,1,1,4,35,40,88.3822797
10日,日本,福岡,日本,新千歳,20:30,120,9,1440000,30000,48,小規模運航,120,2100000,1,1,4,35,40,97.2397332
10日,日本,福岡,日本,新千歳,21:00,120,9,1410000,30000,47,小規模運航,120,2100000,1,1,4,35,40,83.8312484
10日,日本,福岡,日本,新千歳,21:30,120,9,1410000,30000,47,小規模運航,120,2100000,1,1,4,35,40,96.6736463
10日,日本,福岡,日本,新千歳,22:00,120,9,1050000,30000,35,小規模運航,120,2100000,1,1,4,35,40,86.8639569
10日,日本,福岡,日本,新千歳,22:30,120,9,990000,30000,33,小規模運航,120,2100000,1,1,4,35,40,97.3529342
11日,日本,福岡,日本,新千歳,07:00,120,9,1200000,30000,40,小規模運航,120,2100000,1,1,4,35,40,94.8113812
11日,日本,福岡,日本,新千歳,07:30,120,9,1020000,30000,34,小規模運航,120,2100000,1,1,4,35,40,79.1906087
11日,日本,福岡,日本,新千歳,08:00,120,9,1680000,30000,56,小規模運航,120,2100000,1,1,4,35,40,93.4061008
11日,日本,福岡,日本,新千歳,08:30,120,9,1680000,30000,56,小規模運航,120,2100000,1,1,4,35,40,94.8925363
11日,日本,福岡,日本,新千歳,09:00,120,9,1710000,30000,57,小規模運航,120,2100000,1,1,4,35,40,90.3169588
11日,日本,福岡,日本,新千歳,09:30,120,9,1590000,30000,53,小規模運航,120,2100000,1,1,4,35,40,79.3109662
11日,日本,福岡,日本,新千歳,10:00,120,9,1290000,30000,43,小規模運航,120,2100000,1,1,4,35,40,98.2174974
11日,日本,福岡,日本,新千歳,10:30,120,9,1410000,30000,47,小規模運航,120,2100000,1,1,4,35,40,95.437106
11日,日本,福岡,日本,新千歳,11:00,120,9,1290000,30000,43,小規模運航,120,2100000,1,1,4,35,40,82.2350164
11日,日本,福岡,日本,新千歳,11:30,120,9,1380000,30000,46,小規模運航,120,2100000,1,1,4,35,40,82.6384276
11日,日本,福岡,日本,新千歳,12:00,120,9,1320000,30000,44,小規模運航,120,2100000,1,1,4,35,40,86.2312074
11日,日本,福岡,日本,新千歳,12:30,120,9,1260000,30000,42,小規模運航,120,2100000,1,1,4,35,40,98.2194671
11日,日本,福岡,日本,新千歳,13:00,120,9,1500000,30000,50,小規模運航,120,2100000,1,1,4,35,40,88.5249814
11日,日本,福岡,日本,新千歳,13:30,120,9,1470000,30000,49,小規模運航,120,2100000,1,1,4,35,40,84.7483695
11日,日本,福岡,日本,新千歳,14:00,120,9,1380000,30000,46,小規模運航,120,2100000,1,1,4,35,40,93.8779497
11日,日本,福岡,日本,新千歳,14:30,120,9,1500000,30000,50,小規模運航,120,2100000,1,1,4,35,40,84.7764189
11日,日本,福岡,日本,新千歳,15:00,120,9,1290000,30000,43,小規模運航,120,2100000,1,1,4,35,40,84.1937696
11日,日本,福岡,日本,新千歳,15:30,120,9,1410000,30000,47,小規模運航,120,2100000,1,1,4,35,40,94.4604534
11日,日本,福岡,日本,新千歳,16:00,120,9,1260000,30000,42,小規模運航,120,2100000,1,1,4,35,40,96.0294221
11日,日本,福岡,日本,新千歳,16:30,120,9,1410000,30000,47,小規模運航,120,2100000,1,1,4,35,40,97.4762387
11日,日本,福岡,日本,新千歳,17:00,120,9,1680000,30000,56,小規模運航,120,2100000,1,1,4,35,40,95.8412899
11日,日本,福岡,日本,新千歳,17:30,120,9,1740000,30000,58,小規模運航,120,2100000,1,1,4,35,40,74.1992509
11日,日本,福岡,日本,新千歳,18:00,120,9,1770000,30000,59,小規模運航,120,2100000,1,1,4,35,40,81.3962418
11日,日本,福岡,日本,新千歳,18:30,120,9,1710000,30000,57,小規模運航,120,2100000,1,1,4,35,40,96.3817074
11日,日本,福岡,日本,新千歳,19:00,120,9,1800000,30000,60,小規模運航,120,2100000,1,1,4,35,40,95.0692206
11日,日本,福岡,日本,新千歳,19:30,120,9,1650000,30000,55,小規模運航,120,2100000,1,1,4,35,40,84.2580572
11日,日本,福岡,日本,新千歳,20:00,120,9,1500000,30000,50,小規模運航,120,2100000,1,1,4,35,40,94.8271753
11日,日本,福岡,日本,新千歳,20:30,120,9,1350000,30000,45,小規模運航,120,2100000,1,1,4,35,40,97.8743949
11日,日本,福岡,日本,新千歳,21:00,120,9,1380000,30000,46,小規模運航,120,2100000,1,1,4,35,40,96.2627516
11日,日本,福岡,日本,新千歳,21:30,120,9,1500000,30000,50,小規模運航,120,2100000,1,1,4,35,40,85.6934464
11日,日本,福岡,日本,新千歳,22:00,120,9,1200000,30000,40,小規模運航,120,2100000,1,1,4,35,40,92.6124625
11日,日本,福岡,日本,新千歳,22:30,120,9,990000,30000,33,小規模運航,120,2100000,1,1,4,35,40,97.3529342
12日,日本,福岡,日本,新千歳,07:00,120,9,990000,30000,33,小規模運航,120,2100000,1,1,4,35,40,88.8904182
12日,日本,福岡,日本,新千歳,07:30,120,9,990000,30000,33,小規模運航,120,2100000,1,1,4,35,40,95.2016158
12日,日本,福岡,日本,新千歳,08:00,120,9,1770000,30000,59,小規模運航,120,2100000,1,1,4,35,40,96.5030348
12日,日本,福岡,日本,新千歳,08:30,120,9,1680000,30000,56,小規模運航,120,2100000,1,1,4,35,40,94.8925363
12日,日本,福岡,日本,新千歳,09:00,120,9,1590000,30000,53,小規模運航,120,2100000,1,1,4,35,40,80.0254665
12日,日本,福岡,日本,新千歳,09:30,120,9,1590000,30000,53,小規模運航,120,2100000,1,1,4,35,40,79.3109662
12日,日本,福岡,日本,新千歳,10:00,120,9,1350000,30000,45,小規模運航,120,2100000,1,1,4,35,40,84.3886003
12日,日本,福岡,日本,新千歳,10:30,120,9,1410000,30000,47,小規模運航,120,2100000,1,1,4,35,40,95.437106
12日,日本,福岡,日本,新千歳,11:00,120,9,1260000,30000,42,小規模運航,120,2100000,1,1,4,35,40,94.4345774
12日,日本,福岡,日本,新千歳,11:30,120,9,1440000,30000,48,小規模運航,120,2100000,1,1,4,35,40,78.1777877
12日,日本,福岡,日本,新千歳,12:00,120,9,1320000,30000,44,小規模運航,120,2100000,1,1,4,35,40,86.2312074
12日,日本,福岡,日本,新千歳,12:30,120,9,1470000,30000,49,小規模運航,120,2100000,1,1,4,35,40,97.1876687
12日,日本,福岡,日本,新千歳,13:00,120,9,1470000,30000,49,小規模運航,120,2100000,1,1,4,35,40,80.4655962
12日,日本,福岡,日本,新千歳,13:30,120,9,1440000,30000,48,小規模運航,120,2100000,1,1,4,35,40,93.7145875
12日,日本,福岡,日本,新千歳,14:00,120,9,1440000,30000,48,小規模運航,120,2100000,1,1,4,35,40,96.4183458
12日,日本,福岡,日本,新千歳,14:30,120,9,1410000,30000,47,小規模運航,120,2100000,1,1,4,35,40,98.1388296
12日,日本,福岡,日本,新千歳,15:00,120,9,1320000,30000,44,小規模運航,120,2100000,1,1,4,35,40,70.3783589
12日,日本,福岡,日本,新千歳,15:30,120,9,1320000,30000,44,小規模運航,120,2100000,1,1,4,35,40,97.1787123
12日,日本,福岡,日本,新千歳,16:00,120,9,1290000,30000,43,小規模運航,120,2100000,1,1,4,35,40,94.0136555
12日,日本,福岡,日本,新千歳,16:30,120,9,1380000,30000,46,小規模運航,120,2100000,1,1,4,35,40,94.6121877
12日,日本,福岡,日本,新千歳,17:00,120,9,1770000,30000,59,小規模運航,120,2100000,1,1,4,35,40,95.7788719
12日,日本,福岡,日本,新千歳,17:30,120,9,1800000,30000,60,小規模運航,120,2100000,1,1,4,35,40,96.0268002
12日,日本,福岡,日本,新千歳,18:00,120,9,1560000,30000,52,小規模運航,120,2100000,1,1,4,35,40,98.2068994
12日,日本,福岡,日本,新千歳,18:30,120,9,1710000,30000,57,小規模運航,120,2100000,1,1,4,35,40,96.3817074
12日,日本,福岡,日本,新千歳,19:00,120,9,1530000,30000,51,小規模運航,120,2100000,1,1,4,35,40,97.2335619
12日,日本,福岡,日本,新千歳,19:30,120,9,1590000,30000,53,小規模運航,120,2100000,1,1,4,35,40,98.6887805
12日,日本,福岡,日本,新千歳,20:00,120,9,1410000,30000,47,小規模運航,120,2100000,1,1,4,35,40,88.3822797
12日,日本,福岡,日本,新千歳,20:30,120,9,1470000,30000,49,小規模運航,120,2100000,1,1,4,35,40,94.393531
12日,日本,福岡,日本,新千歳,21:00,120,9,1500000,30000,50,小規模運航,120,2100000,1,1,4,35,40,96.6313932
12日,日本,福岡,日本,新千歳,21:30,120,9,1380000,30000,46,小規模運航,120,2100000,1,1,4,35,40,98.5675804
12日,日本,福岡,日本,新千歳,22:00,120,9,1200000,30000,40,小規模運航,120,2100000,1,1,4,35,40,92.6124625
12日,日本,福岡,日本,新千歳,22:30,120,9,1200000,30000,40,小規模運航,120,2100000,1,1,4,35,40,87.8486692
13日,日本,福岡,日本,新千歳,07:00,120,9,1230000,30000,41,小規模運航,120,2100000,1,1,4,35,40,88.5648365
13日,日本,福岡,日本,新千歳,07:30,120,9,990000,30000,33,小規模運航,120,2100000,1,1,4,35,40,95.2016158
13日,日本,福岡,日本,新千歳,08:00,120,9,1680000,30000,56,小規模運航,120,2100000,1,1,4,35,40,93.4061008
13日,日本,福岡,日本,新千歳,08:30,120,9,1770000,30000,59,小規模運航,120,2100000,1,1,4,35,40,91.4799851
13日,日本,福岡,日本,新千歳,09:00,120,9,1590000,30000,53,小規模運航,120,2100000,1,1,4,35,40,80.0254665
13日,日本,福岡,日本,新千歳,09:30,120,9,1710000,30000,57,小規模運航,120,2100000,1,1,4,35,40,98.8057777
13日,日本,福岡,日本,新千歳,10:00,120,9,1350000,30000,45,小規模運航,120,2100000,1,1,4,35,40,84.3886003
13日,日本,福岡,日本,新千歳,10:30,120,9,1380000,30000,46,小規模運航,120,2100000,1,1,4,35,40,98.235529
13日,日本,福岡,日本,新千歳,11:00,120,9,1260000,30000,42,小規模運航,120,2100000,1,1,4,35,40,94.4345774
13日,日本,福岡,日本,新千歳,11:30,120,9,1350000,30000,45,小規模運航,120,2100000,1,1,4,35,40,98.1762719
13日,日本,福岡,日本,新千歳,12:00,120,9,1290000,30000,43,小規模運航,120,2100000,1,1,4,35,40,98.1102946
13日,日本,福岡,日本,新千歳,12:30,120,9,1380000,30000,46,小規模運航,120,2100000,1,1,4,35,40,70.4227612
13日,日本,福岡,日本,新千歳,13:00,120,9,1470000,30000,49,小規模運航,120,2100000,1,1,4,35,40,80.4655962
13日,日本,福岡,日本,新千歳,13:30,120,9,1320000,30000,44,小規模運航,120,2100000,1,1,4,35,40,82.6691369
13日,日本,福岡,日本,新千歳,14:00,120,9,1380000,30000,46,小規模運航,120,2100000,1,1,4,35,40,93.8779497
13日,日本,福岡,日本,新千歳,14:30,120,9,1410000,30000,47,小規模運航,120,2100000,1,1,4,35,40,98.1388296
13日,日本,福岡,日本,新千歳,15:00,120,9,1320000,30000,44,小規模運航,120,2100000,1,1,4,35,40,70.3783589
13日,日本,福岡,日本,新千歳,15:30,120,9,1530000,30000,51,小規模運航,120,2100000,1,1,4,35,40,94.0650183
13日,日本,福岡,日本,新千歳,16:00,120,9,1260000,30000,42,小規模運航,120,2100000,1,1,4,35,40,96.0294221
13日,日本,福岡,日本,新千歳,16:30,120,9,1320000,30000,44,小規模運航,120,2100000,1,1,4,35,40,82.6034419
13日,日本,福岡,日本,新千歳,17:00,120,9,1770000,30000,59,小規模運航,120,2100000,1,1,4,35,40,95.7788719
13日,日本,福岡,日本,新千歳,17:30,120,9,1740000,30000,58,小規模運航,120,2100000,1,1,4,35,40,74.1992509
13日,日本,福岡,日本,新千歳,18:00,120,9,1710000,30000,57,小規模運航,120,2100000,1,1,4,35,40,94.7409988
13日,日本,福岡,日本,新千歳,18:30,120,9,1650000,30000,55,小規模運航,120,2100000,1,1,4,35,40,90.5332512
13日,日本,福岡,日本,新千歳,19:00,120,9,1680000,30000,56,小規模運航,120,2100000,1,1,4,35,40,92.7462482
13日,日本,福岡,日本,新千歳,19:30,120,9,1680000,30000,56,小規模運航,120,2100000,1,1,4,35,40,96.9385201
13日,日本,福岡,日本,新千歳,20:00,120,9,1500000,30000,50,小規模運航,120,2100000,1,1,4,35,40,94.8271753
13日,日本,福岡,日本,新千歳,20:30,120,9,1290000,30000,43,小規模運航,120,2100000,1,1,4,35,40,98.7079519
13日,日本,福岡,日本,新千歳,21:00,120,9,1260000,30000,42,小規模運航,120,2100000,1,1,4,35,40,97.1135218
13日,日本,福岡,日本,新千歳,21:30,120,9,1440000,30000,48,小規模運航,120,2100000,1,1,4,35,40,93.1735321
13日,日本,福岡,日本,新千歳,22:00,120,9,1140000,30000,38,小規模運航,120,2100000,1,1,4,35,40,89.6881904
13日,日本,福岡,日本,新千歳,22:30,120,9,1170000,30000,39,小規模運航,120,2100000,1,1,4,35,40,91.3203829
14日,日本,福岡,日本,新千歳,07:00,120,9,1230000,30000,41,小規模運航,120,2100000,1,1,4,35,40,88.5648365
14日,日本,福岡,日本,新千歳,07:30,120,9,1080000,30000,36,小規模運航,120,2100000,1,1,4,35,40,89.2542877
14日,日本,福岡,日本,新千歳,08:00,120,9,1590000,30000,53,小規模運航,120,2100000,1,1,4,35,40,94.3435657
14日,日本,福岡,日本,新千歳,08:30,120,9,1800000,30000,60,小規模運航,120,2100000,1,1,4,35,40,98.6927183
14日,日本,福岡,日本,新千歳,09:00,120,9,1590000,30000,53,小規模運航,120,2100000,1,1,4,35,40,80.0254665
14日,日本,福岡,日本,新千歳,09:30,120,9,1770000,30000,59,小規模運航,120,2100000,1,1,4,35,40,85.9561256
14日,日本,福岡,日本,新千歳,10:00,120,9,1410000,30000,47,小規模運航,120,2100000,1,1,4,35,40,91.1654715
14日,日本,福岡,日本,新千歳,10:30,120,9,1320000,30000,44,小規模運航,120,2100000,1,1,4,35,40,85.9731263
14日,日本,福岡,日本,新千歳,11:00,120,9,1410000,30000,47,小規模運航,120,2100000,1,1,4,35,40,97.956342
14日,日本,福岡,日本,新千歳,11:30,120,9,1440000,30000,48,小規模運航,120,2100000,1,1,4,35,40,78.1777877
14日,日本,福岡,日本,新千歳,12:00,120,9,1410000,30000,47,小規模運航,120,2100000,1,1,4,35,40,94.4474624
14日,日本,福岡,日本,新千歳,12:30,120,9,1410000,30000,47,小規模運航,120,2100000,1,1,4,35,40,93.9630655
14日,日本,福岡,日本,新千歳,13:00,120,9,1320000,30000,44,小規模運航,120,2100000,1,1,4,35,40,90.7641436
14日,日本,福岡,日本,新千歳,13:30,120,9,1500000,30000,50,小規模運航,120,2100000,1,1,4,35,40,96.7332057
14日,日本,福岡,日本,新千歳,14:00,120,9,1410000,30000,47,小規模運航,120,2100000,1,1,4,35,40,97.3279285
14日,日本,福岡,日本,新千歳,14:30,120,9,1410000,30000,47,小規模運航,120,2100000,1,1,4,35,40,98.1388296
14日,日本,福岡,日本,新千歳,15:00,120,9,1350000,30000,45,小規模運航,120,2100000,1,1,4,35,40,80.1946835
14日,日本,福岡,日本,新千歳,15:30,120,9,1350000,30000,45,小規模運航,120,2100000,1,1,4,35,40,92.303417
14日,日本,福岡,日本,新千歳,16:00,120,9,1410000,30000,47,小規模運航,120,2100000,1,1,4,35,40,95.3128312
14日,日本,福岡,日本,新千歳,16:30,120,9,1500000,30000,50,小規模運航,120,2100000,1,1,4,35,40,87.4532825
14日,日本,福岡,日本,新千歳,17:00,120,9,1770000,30000,59,小規模運航,120,2100000,1,1,4,35,40,95.7788719
14日,日本,福岡,日本,新千歳,17:30,120,9,1710000,30000,57,小規模運航,120,2100000,1,1,4,35,40,98.5298515
14日,日本,福岡,日本,新千歳,18:00,120,9,1770000,30000,59,小規模運航,120,2100000,1,1,4,35,40,81.3962418
14日,日本,福岡,日本,新千歳,18:30,120,9,1740000,30000,58,小規模運航,120,2100000,1,1,4,35,40,97.3940935
14日,日本,福岡,日本,新千歳,19:00,120,9,1710000,30000,57,小規模運航,120,2100000,1,1,4,35,40,96.7854587
14日,日本,福岡,日本,新千歳,19:30,120,9,1560000,30000,52,小規模運航,120,2100000,1,1,4,35,40,98.3750784
14日,日本,福岡,日本,新千歳,20:00,120,9,1290000,30000,43,小規模運航,120,2100000,1,1,4,35,40,95.6758163
14日,日本,福岡,日本,新千歳,20:30,120,9,1260000,30000,42,小規模運航,120,2100000,1,1,4,35,40,95.2114115
14日,日本,福岡,日本,新千歳,21:00,120,9,1470000,30000,49,小規模運航,120,2100000,1,1,4,35,40,87.2606838
14日,日本,福岡,日本,新千歳,21:30,120,9,1410000,30000,47,小規模運航,120,2100000,1,1,4,35,40,96.6736463
14日,日本,福岡,日本,新千歳,22:00,120,9,1140000,30000,38,小規模運航,120,2100000,1,1,4,35,40,89.6881904
14日,日本,福岡,日本,新千歳,22:30,120,9,1140000,30000,38,小規模運航,120,2100000,1,1,4,35,40,92.2438027
15日,日本,福岡,日本,新千歳,07:00,120,9,1200000,30000,40,小規模運航,120,2100000,1,1,4,35,40,94.8113812
15日,日本,福岡,日本,新千歳,07:30,120,9,990000,30000,33,小規模運航,120,2100000,1,1,4,35,40,95.2016158
15日,日本,福岡,日本,新千歳,08:00,120,9,1710000,30000,57,小規模運航,120,2100000,1,1,4,35,40,98.3907384
15日,日本,福岡,日本,新千歳,08:30,120,9,1590000,30000,53,小規模運航,120,2100000,1,1,4,35,40,95.2075524
15日,日本,福岡,日本,新千歳,09:00,120,9,1770000,30000,59,小規模運航,120,2100000,1,1,4,35,40,97.5663774
15日,日本,福岡,日本,新千歳,09:30,120,9,1710000,30000,57,小規模運航,120,2100000,1,1,4,35,40,98.8057777
15日,日本,福岡,日本,新千歳,10:00,120,9,1440000,30000,48,小規模運航,120,2100000,1,1,4,35,40,81.1859046
15日,日本,福岡,日本,新千歳,10:30,120,9,1470000,30000,49,小規模運航,120,2100000,1,1,4,35,40,77.8429032
15日,日本,福岡,日本,新千歳,11:00,120,9,1410000,30000,47,小規模運航,120,2100000,1,1,4,35,40,97.956342
15日,日本,福岡,日本,新千歳,11:30,120,9,1470000,30000,49,小規模運航,120,2100000,1,1,4,35,40,95.5031907
15日,日本,福岡,日本,新千歳,12:00,120,9,1440000,30000,48,小規模運航,120,2100000,1,1,4,35,40,94.4468247
15日,日本,福岡,日本,新千歳,12:30,120,9,1470000,30000,49,小規模運航,120,2100000,1,1,4,35,40,97.1876687
15日,日本,福岡,日本,新千歳,13:00,120,9,1440000,30000,48,小規模運航,120,2100000,1,1,4,35,40,97.3785281
15日,日本,福岡,日本,新千歳,13:30,120,9,1380000,30000,46,小規模運航,120,2100000,1,1,4,35,40,81.50697
15日,日本,福岡,日本,新千歳,14:00,120,9,1470000,30000,49,小規模運航,120,2100000,1,1,4,35,40,93.5665999
15日,日本,福岡,日本,新千歳,14:30,120,9,1320000,30000,44,小規模運航,120,2100000,1,1,4,35,40,98.3267596
15日,日本,福岡,日本,新千歳,15:00,120,9,1410000,30000,47,小規模運航,120,2100000,1,1,4,35,40,95.3252081
15日,日本,福岡,日本,新千歳,15:30,120,9,1290000,30000,43,小規模運航,120,2100000,1,1,4,35,40,96.9435394
15日,日本,福岡,日本,新千歳,16:00,120,9,1380000,30000,46,小規模運航,120,2100000,1,1,4,35,40,98.5737445
15日,日本,福岡,日本,新千歳,16:30,120,9,1350000,30000,45,小規模運航,120,2100000,1,1,4,35,40,97.2983646
15日,日本,福岡,日本,新千歳,17:00,120,9,1800000,30000,60,小規模運航,120,2100000,1,1,4,35,40,95.2704786
15日,日本,福岡,日本,新千歳,17:30,120,9,1770000,30000,59,小規模運航,120,2100000,1,1,4,35,40,97.0460787
15日,日本,福岡,日本,新千歳,18:00,120,9,1680000,30000,56,小規模運航,120,2100000,1,1,4,35,40,87.7315207
15日,日本,福岡,日本,新千歳,18:30,120,9,1650000,30000,55,小規模運航,120,2100000,1,1,4,35,40,90.5332512
15日,日本,福岡,日本,新千歳,19:00,120,9,1560000,30000,52,小規模運航,120,2100000,1,1,4,35,40,89.0403999
15日,日本,福岡,日本,新千歳,19:30,120,9,1620000,30000,54,小規模運航,120,2100000,1,1,4,35,40,96.9443135
15日,日本,福岡,日本,新千歳,20:00,120,9,1470000,30000,49,小規模運航,120,2100000,1,1,4,35,40,87.5125242
15日,日本,福岡,日本,新千歳,20:30,120,9,1320000,30000,44,小規模運航,120,2100000,1,1,4,35,40,97.5326652
15日,日本,福岡,日本,新千歳,21:00,120,9,1380000,30000,46,小規模運航,120,2100000,1,1,4,35,40,96.2627516
15日,日本,福岡,日本,新千歳,21:30,120,9,1350000,30000,45,小規模運航,120,2100000,1,1,4,35,40,84.246993
15日,日本,福岡,日本,新千歳,22:00,120,9,1170000,30000,39,小規模運航,120,2100000,1,1,4,35,40,74.6568739
15日,日本,福岡,日本,新千歳,22:30,120,9,1110000,30000,37,小規模運航,120,2100000,1,1,4,35,40,82.9244508
16日,日本,福岡,日本,新千歳,07:00,120,9,1080000,30000,36,小規模運航,120,2100000,1,1,4,35,40,94.6604528
16日,日本,福岡,日本,新千歳,07:30,120,9,1140000,30000,38,小規模運航,120,2100000,1,1,4,35,40,84.3953954
16日,日本,福岡,日本,新千歳,08:00,120,9,1650000,30000,55,小規模運航,120,2100000,1,1,4,35,40,89.4521929
16日,日本,福岡,日本,新千歳,08:30,120,9,1650000,30000,55,小規模運航,120,2100000,1,1,4,35,40,92.0384463
16日,日本,福岡,日本,新千歳,09:00,120,9,1770000,30000,59,小規模運航,120,2100000,1,1,4,35,40,97.5663774
16日,日本,福岡,日本,新千歳,09:30,120,9,1680000,30000,56,小規模運航,120,2100000,1,1,4,35,40,98.8925382
16日,日本,福岡,日本,新千歳,10:00,120,9,1350000,30000,45,小規模運航,120,2100000,1,1,4,35,40,84.3886003
16日,日本,福岡,日本,新千歳,10:30,120,9,1350000,30000,45,小規模運航,120,2100000,1,1,4,35,40,96.3627269
16日,日本,福岡,日本,新千歳,11:00,120,9,1530000,30000,51,小規模運航,120,2100000,1,1,4,35,40,98.3417777
16日,日本,福岡,日本,新千歳,11:30,120,9,1500000,30000,50,小規模運航,120,2100000,1,1,4,35,40,97.345247
16日,日本,福岡,日本,新千歳,12:00,120,9,1260000,30000,42,小規模運航,120,2100000,1,1,4,35,40,98.0711889
16日,日本,福岡,日本,新千歳,12:30,120,9,1290000,30000,43,小規模運航,120,2100000,1,1,4,35,40,93.8280108
16日,日本,福岡,日本,新千歳,13:00,120,9,1440000,30000,48,小規模運航,120,2100000,1,1,4,35,40,97.3785281
16日,日本,福岡,日本,新千歳,13:30,120,9,1470000,30000,49,小規模運航,120,2100000,1,1,4,35,40,84.7483695
16日,日本,福岡,日本,新千歳,14:00,120,9,1320000,30000,44,小規模運航,120,2100000,1,1,4,35,40,97.9752025
16日,日本,福岡,日本,新千歳,14:30,120,9,1470000,30000,49,小規模運航,120,2100000,1,1,4,35,40,82.0043172
16日,日本,福岡,日本,新千歳,15:00,120,9,1410000,30000,47,小規模運航,120,2100000,1,1,4,35,40,95.3252081
16日,日本,福岡,日本,新千歳,15:30,120,9,1290000,30000,43,小規模運航,120,2100000,1,1,4,35,40,96.9435394
16日,日本,福岡,日本,新千歳,16:00,120,9,1380000,30000,46,小規模運航,120,2100000,1,1,4,35,40,98.5737445
16日,日本,福岡,日本,新千歳,16:30,120,9,1410000,30000,47,小規模運航,120,2100000,1,1,4,35,40,97.4762387
16日,日本,福岡,日本,新千歳,17:00,120,9,1560000,30000,52,小規模運航,120,2100000,1,1,4,35,40,94.678463
16日,日本,福岡,日本,新千歳,17:30,120,9,1560000,30000,52,小規模運航,120,2100000,1,1,4,35,40,98.1791766
16日,日本,福岡,日本,新千歳,18:00,120,9,1770000,30000,59,小規模運航,120,2100000,1,1,4,35,40,81.3962418
16日,日本,福岡,日本,新千歳,18:30,120,9,1740000,30000,58,小規模運航,120,2100000,1,1,4,35,40,97.3940935
16日,日本,福岡,日本,新千歳,19:00,120,9,1710000,30000,57,小規模運航,120,2100000,1,1,4,35,40,96.7854587
16日,日本,福岡,日本,新千歳,19:30,120,9,1620000,30000,54,小規模運航,120,2100000,1,1,4,35,40,96.9443135
16日,日本,福岡,日本,新千歳,20:00,120,9,1500000,30000,50,小規模運航,120,2100000,1,1,4,35,40,94.8271753
16日,日本,福岡,日本,新千歳,20:30,120,9,1470000,30000,49,小規模運航,120,2100000,1,1,4,35,40,94.393531
16日,日本,福岡,日本,新千歳,21:00,120,9,1290000,30000,43,小規模運航,120,2100000,1,1,4,35,40,93.2689598
16日,日本,福岡,日本,新千歳,21:30,120,9,1410000,30000,47,小規模運航,120,2100000,1,1,4,35,40,96.6736463
16日,日本,福岡,日本,新千歳,22:00,120,9,1170000,30000,39,小規模運航,120,2100000,1,1,4,35,40,74.6568739
16日,日本,福岡,日本,新千歳,22:30,120,9,990000,30000,33,小規模運航,120,2100000,1,1,4,35,40,97.3529342
17日,日本,福岡,日本,新千歳,07:00,120,9,1050000,30000,35,小規模運航,120,2100000,1,1,4,35,40,96.0527596
17日,日本,福岡,日本,新千歳,07:30,120,9,1170000,30000,39,小規模運航,120,2100000,1,1,4,35,40,89.7040552
17日,日本,福岡,日本,新千歳,08:00,120,9,1770000,30000,59,小規模運航,120,2100000,1,1,4,35,40,96.5030348
17日,日本,福岡,日本,新千歳,08:30,120,9,1770000,30000,59,小規模運航,120,2100000,1,1,4,35,40,91.4799851
17日,日本,福岡,日本,新千歳,09:00,120,9,1560000,30000,52,小規模運航,120,2100000,1,1,4,35,40,87.7856869
17日,日本,福岡,日本,新千歳,09:30,120,9,1530000,30000,51,小規模運航,120,2100000,1,1,4,35,40,87.2136365
17日,日本,福岡,日本,新千歳,10:00,120,9,1350000,30000,45,小規模運航,120,2100000,1,1,4,35,40,84.3886003
17日,日本,福岡,日本,新千歳,10:30,120,9,1470000,30000,49,小規模運航,120,2100000,1,1,4,35,40,77.8429032
17日,日本,福岡,日本,新千歳,11:00,120,9,1380000,30000,46,小規模運航,120,2100000,1,1,4,35,40,95.4303074
17日,日本,福岡,日本,新千歳,11:30,120,9,1470000,30000,49,小規模運航,120,2100000,1,1,4,35,40,95.5031907
17日,日本,福岡,日本,新千歳,12:00,120,9,1350000,30000,45,小規模運航,120,2100000,1,1,4,35,40,94.5836705
17日,日本,福岡,日本,新千歳,12:30,120,9,1470000,30000,49,小規模運航,120,2100000,1,1,4,35,40,97.1876687
17日,日本,福岡,日本,新千歳,13:00,120,9,1410000,30000,47,小規模運航,120,2100000,1,1,4,35,40,95.6842861
17日,日本,福岡,日本,新千歳,13:30,120,9,1410000,30000,47,小規模運航,120,2100000,1,1,4,35,40,98.1145009
17日,日本,福岡,日本,新千歳,14:00,120,9,1380000,30000,46,小規模運航,120,2100000,1,1,4,35,40,93.8779497
17日,日本,福岡,日本,新千歳,14:30,120,9,1260000,30000,42,小規模運航,120,2100000,1,1,4,35,40,90.4596596
17日,日本,福岡,日本,新千歳,15:00,120,9,1470000,30000,49,小規模運航,120,2100000,1,1,4,35,40,94.9347801
17日,日本,福岡,日本,新千歳,15:30,120,9,1470000,30000,49,小規模運航,120,2100000,1,1,4,35,40,91.8443877
17日,日本,福岡,日本,新千歳,16:00,120,9,1350000,30000,45,小規模運航,120,2100000,1,1,4,35,40,83.2835836
17日,日本,福岡,日本,新千歳,16:30,120,9,1500000,30000,50,小規模運航,120,2100000,1,1,4,35,40,87.4532825
17日,日本,福岡,日本,新千歳,17:00,120,9,1800000,30000,60,小規模運航,120,2100000,1,1,4,35,40,95.2704786
17日,日本,福岡,日本,新千歳,17:30,120,9,1740000,30000,58,小規模運航,120,2100000,1,1,4,35,40,74.1992509
17日,日本,福岡,日本,新千歳,18:00,120,9,1680000,30000,56,小規模運航,120,2100000,1,1,4,35,40,87.7315207
17日,日本,福岡,日本,新千歳,18:30,120,9,1710000,30000,57,小規模運航,120,2100000,1,1,4,35,40,96.3817074
17日,日本,福岡,日本,新千歳,19:00,120,9,1560000,30000,52,小規模運航,120,2100000,1,1,4,35,40,89.0403999
17日,日本,福岡,日本,新千歳,19:30,120,9,1590000,30000,53,小規模運航,120,2100000,1,1,4,35,40,98.6887805
17日,日本,福岡,日本,新千歳,20:00,120,9,1410000,30000,47,小規模運航,120,2100000,1,1,4,35,40,88.3822797
17日,日本,福岡,日本,新千歳,20:30,120,9,1380000,30000,46,小規模運航,120,2100000,1,1,4,35,40,98.5488215
17日,日本,福岡,日本,新千歳,21:00,120,9,1410000,30000,47,小規模運航,120,2100000,1,1,4,35,40,83.8312484
17日,日本,福岡,日本,新千歳,21:30,120,9,1500000,30000,50,小規模運航,120,2100000,1,1,4,35,40,85.6934464
17日,日本,福岡,日本,新千歳,22:00,120,9,1140000,30000,38,小規模運航,120,2100000,1,1,4,35,40,89.6881904
17日,日本,福岡,日本,新千歳,22:30,120,9,1200000,30000,40,小規模運航,120,2100000,1,1,4,35,40,87.8486692
18日,日本,福岡,日本,新千歳,07:00,120,9,1140000,30000,38,小規模運航,120,2100000,1,1,4,35,40,95.9041209
18日,日本,福岡,日本,新千歳,07:30,120,9,1230000,30000,41,小規模運航,120,2100000,1,1,4,35,40,94.1520932
18日,日本,福岡,日本,新千歳,08:00,120,9,1620000,30000,54,小規模運航,120,2100000,1,1,4,35,40,95.0800747
18日,日本,福岡,日本,新千歳,08:30,120,9,1620000,30000,54,小規模運航,120,2100000,1,1,4,35,40,92.0261187
18日,日本,福岡,日本,新千歳,09:00,120,9,1770000,30000,59,小規模運航,120,2100000,1,1,4,35,40,97.5663774
18日,日本,福岡,日本,新千歳,09:30,120,9,1740000,30000,58,小規模運航,120,2100000,1,1,4,35,40,95.8423075
18日,日本,福岡,日本,新千歳,10:00,120,9,1500000,30000,50,小規模運航,120,2100000,1,1,4,35,40,94.6452622
18日,日本,福岡,日本,新千歳,10:30,120,9,1410000,30000,47,小規模運航,120,2100000,1,1,4,35,40,95.437106
18日,日本,福岡,日本,新千歳,11:00,120,9,1410000,30000,47,小規模運航,120,2100000,1,1,4,35,40,97.956342
18日,日本,福岡,日本,新千歳,11:30,120,9,1320000,30000,44,小規模運航,120,2100000,1,1,4,35,40,97.9800491
18日,日本,福岡,日本,新千歳,12:00,120,9,1350000,30000,45,小規模運航,120,2100000,1,1,4,35,40,94.5836705
18日,日本,福岡,日本,新千歳,12:30,120,9,1320000,30000,44,小規模運航,120,2100000,1,1,4,35,40,98.4852471
18日,日本,福岡,日本,新千歳,13:00,120,9,1440000,30000,48,小規模運航,120,2100000,1,1,4,35,40,97.3785281
18日,日本,福岡,日本,新千歳,13:30,120,9,1440000,30000,48,小規模運航,120,2100000,1,1,4,35,40,93.7145875
18日,日本,福岡,日本,新千歳,14:00,120,9,1410000,30000,47,小規模運航,120,2100000,1,1,4,35,40,97.3279285
18日,日本,福岡,日本,新千歳,14:30,120,9,1500000,30000,50,小規模運航,120,2100000,1,1,4,35,40,84.7764189
18日,日本,福岡,日本,新千歳,15:00,120,9,1350000,30000,45,小規模運航,120,2100000,1,1,4,35,40,80.1946835
18日,日本,福岡,日本,新千歳,15:30,120,9,1530000,30000,51,小規模運航,120,2100000,1,1,4,35,40,94.0650183
18日,日本,福岡,日本,新千歳,16:00,120,9,1320000,30000,44,小規模運航,120,2100000,1,1,4,35,40,91.6921285
18日,日本,福岡,日本,新千歳,16:30,120,9,1290000,30000,43,小規模運航,120,2100000,1,1,4,35,40,96.4779357
18日,日本,福岡,日本,新千歳,17:00,120,9,1770000,30000,59,小規模運航,120,2100000,1,1,4,35,40,95.7788719
18日,日本,福岡,日本,新千歳,17:30,120,9,1590000,30000,53,小規模運航,120,2100000,1,1,4,35,40,98.4718696
18日,日本,福岡,日本,新千歳,18:00,120,9,1680000,30000,56,小規模運航,120,2100000,1,1,4,35,40,87.7315207
18日,日本,福岡,日本,新千歳,18:30,120,9,1770000,30000,59,小規模運航,120,2100000,1,1,4,35,40,75.7060292
18日,日本,福岡,日本,新千歳,19:00,120,9,1590000,30000,53,小規模運航,120,2100000,1,1,4,35,40,96.9702012
18日,日本,福岡,日本,新千歳,19:30,120,9,1740000,30000,58,小規模運航,120,2100000,1,1,4,35,40,97.9135246
18日,日本,福岡,日本,新千歳,20:00,120,9,1440000,30000,48,小規模運航,120,2100000,1,1,4,35,40,93.4555195
18日,日本,福岡,日本,新千歳,20:30,120,9,1350000,30000,45,小規模運航,120,2100000,1,1,4,35,40,97.8743949
18日,日本,福岡,日本,新千歳,21:00,120,9,1320000,30000,44,小規模運航,120,2100000,1,1,4,35,40,85.7885312
18日,日本,福岡,日本,新千歳,21:30,120,9,1500000,30000,50,小規模運航,120,2100000,1,1,4,35,40,85.6934464
18日,日本,福岡,日本,新千歳,22:00,120,9,1020000,30000,34,小規模運航,120,2100000,1,1,4,35,40,96.5118787
18日,日本,福岡,日本,新千歳,22:30,120,9,1050000,30000,35,小規模運航,120,2100000,1,1,4,35,40,90.596999
19日,日本,福岡,日本,新千歳,07:00,120,9,1200000,30000,40,小規模運航,120,2100000,1,1,4,35,40,94.8113812
19日,日本,福岡,日本,新千歳,07:30,120,9,1020000,30000,34,小規模運航,120,2100000,1,1,4,35,40,79.1906087
19日,日本,福岡,日本,新千歳,08:00,120,9,1620000,30000,54,小規模運航,120,2100000,1,1,4,35,40,95.0800747
19日,日本,福岡,日本,新千歳,08:30,120,9,1560000,30000,52,小規模運航,120,2100000,1,1,4,35,40,95.9172415
19日,日本,福岡,日本,新千歳,09:00,120,9,1740000,30000,58,小規模運航,120,2100000,1,1,4,35,40,82.2769275
19日,日本,福岡,日本,新千歳,09:30,120,9,1530000,30000,51,小規模運航,120,2100000,1,1,4,35,40,87.2136365
19日,日本,福岡,日本,新千歳,10:00,120,9,1500000,30000,50,小規模運航,120,2100000,1,1,4,35,40,94.6452622
19日,日本,福岡,日本,新千歳,10:30,120,9,1410000,30000,47,小規模運航,120,2100000,1,1,4,35,40,95.437106
19日,日本,福岡,日本,新千歳,11:00,120,9,1350000,30000,45,小規模運航,120,2100000,1,1,4,35,40,95.2835749
19日,日本,福岡,日本,新千歳,11:30,120,9,1470000,30000,49,小規模運航,120,2100000,1,1,4,35,40,95.5031907
19日,日本,福岡,日本,新千歳,12:00,120,9,1410000,30000,47,小規模運航,120,2100000,1,1,4,35,40,94.4474624
19日,日本,福岡,日本,新千歳,12:30,120,9,1290000,30000,43,小規模運航,120,2100000,1,1,4,35,40,93.8280108
19日,日本,福岡,日本,新千歳,13:00,120,9,1380000,30000,46,小規模運航,120,2100000,1,1,4,35,40,84.8910118
19日,日本,福岡,日本,新千歳,13:30,120,9,1500000,30000,50,小規模運航,120,2100000,1,1,4,35,40,96.7332057
19日,日本,福岡,日本,新千歳,14:00,120,9,1500000,30000,50,小規模運航,120,2100000,1,1,4,35,40,94.2303755
19日,日本,福岡,日本,新千歳,14:30,120,9,1500000,30000,50,小規模運航,120,2100000,1,1,4,35,40,84.7764189
19日,日本,福岡,日本,新千歳,15:00,120,9,1260000,30000,42,小規模運航,120,2100000,1,1,4,35,40,80.5360356
19日,日本,福岡,日本,新千歳,15:30,120,9,1350000,30000,45,小規模運航,120,2100000,1,1,4,35,40,92.303417
19日,日本,福岡,日本,新千歳,16:00,120,9,1440000,30000,48,小規模運航,120,2100000,1,1,4,35,40,93.5353345
19日,日本,福岡,日本,新千歳,16:30,120,9,1410000,30000,47,小規模運航,120,2100000,1,1,4,35,40,97.4762387
19日,日本,福岡,日本,新千歳,17:00,120,9,1680000,30000,56,小規模運航,120,2100000,1,1,4,35,40,95.8412899
19日,日本,福岡,日本,新千歳,17:30,120,9,1710000,30000,57,小規模運航,120,2100000,1,1,4,35,40,98.5298515
19日,日本,福岡,日本,新千歳,18:00,120,9,1710000,30000,57,小規模運航,120,2100000,1,1,4,35,40,94.7409988
19日,日本,福岡,日本,新千歳,18:30,120,9,1740000,30000,58,小規模運航,120,2100000,1,1,4,35,40,97.3940935
19日,日本,福岡,日本,新千歳,19:00,120,9,1620000,30000,54,小規模運航,120,2100000,1,1,4,35,40,95.9586573
19日,日本,福岡,日本,新千歳,19:30,120,9,1680000,30000,56,小規模運航,120,2100000,1,1,4,35,40,96.9385201
19日,日本,福岡,日本,新千歳,20:00,120,9,1380000,30000,46,小規模運航,120,2100000,1,1,4,35,40,97.6362318
19日,日本,福岡,日本,新千歳,20:30,120,9,1410000,30000,47,小規模運航,120,2100000,1,1,4,35,40,92.164141
19日,日本,福岡,日本,新千歳,21:00,120,9,1470000,30000,49,小規模運航,120,2100000,1,1,4,35,40,87.2606838
19日,日本,福岡,日本,新千歳,21:30,120,9,1380000,30000,46,小規模運航,120,2100000,1,1,4,35,40,98.5675804
19日,日本,福岡,日本,新千歳,22:00,120,9,1020000,30000,34,小規模運航,120,2100000,1,1,4,35,40,96.5118787
19日,日本,福岡,日本,新千歳,22:30,120,9,1200000,30000,40,小規模運航,120,2100000,1,1,4,35,40,87.8486692
20日,日本,福岡,日本,新千歳,07:00,120,9,1020000,30000,34,小規模運航,120,2100000,1,1,4,35,40,71.4566184
20日,日本,福岡,日本,新千歳,07:30,120,9,1230000,30000,41,小規模運航,120,2100000,1,1,4,35,40,94.1520932
20日,日本,福岡,日本,新千歳,08:00,120,9,1650000,30000,55,小規模運航,120,2100000,1,1,4,35,40,89.4521929
20日,日本,福岡,日本,新千歳,08:30,120,9,1740000,30000,58,小規模運航,120,2100000,1,1,4,35,40,98.981378
20日,日本,福岡,日本,新千歳,09:00,120,9,1740000,30000,58,小規模運航,120,2100000,1,1,4,35,40,82.2769275
20日,日本,福岡,日本,新千歳,09:30,120,9,1650000,30000,55,小規模運航,120,2100000,1,1,4,35,40,97.2031549
20日,日本,福岡,日本,新千歳,10:00,120,9,1530000,30000,51,小規模運航,120,2100000,1,1,4,35,40,97.9378763
20日,日本,福岡,日本,新千歳,10:30,120,9,1260000,30000,42,小規模運航,120,2100000,1,1,4,35,40,83.3968727
20日,日本,福岡,日本,新千歳,11:00,120,9,1260000,30000,42,小規模運航,120,2100000,1,1,4,35,40,94.4345774
20日,日本,福岡,日本,新千歳,11:30,120,9,1380000,30000,46,小規模運航,120,2100000,1,1,4,35,40,82.6384276
20日,日本,福岡,日本,新千歳,12:00,120,9,1290000,30000,43,小規模運航,120,2100000,1,1,4,35,40,98.1102946
20日,日本,福岡,日本,新千歳,12:30,120,9,1410000,30000,47,小規模運航,120,2100000,1,1,4,35,40,93.9630655
20日,日本,福岡,日本,新千歳,13:00,120,9,1500000,30000,50,小規模運航,120,2100000,1,1,4,35,40,88.5249814
20日,日本,福岡,日本,新千歳,13:30,120,9,1290000,30000,43,小規模運航,120,2100000,1,1,4,35,40,72.2248278
20日,日本,福岡,日本,新千歳,14:00,120,9,1410000,30000,47,小規模運航,120,2100000,1,1,4,35,40,97.3279285
20日,日本,福岡,日本,新千歳,14:30,120,9,1290000,30000,43,小規模運航,120,2100000,1,1,4,35,40,89.6627759
20日,日本,福岡,日本,新千歳,15:00,120,9,1320000,30000,44,小規模運航,120,2100000,1,1,4,35,40,70.3783589
20日,日本,福岡,日本,新千歳,15:30,120,9,1380000,30000,46,小規模運航,120,2100000,1,1,4,35,40,95.0090348
20日,日本,福岡,日本,新千歳,16:00,120,9,1290000,30000,43,小規模運航,120,2100000,1,1,4,35,40,94.0136555
20日,日本,福岡,日本,新千歳,16:30,120,9,1290000,30000,43,小規模運航,120,2100000,1,1,4,35,40,96.4779357
20日,日本,福岡,日本,新千歳,17:00,120,9,1620000,30000,54,小規模運航,120,2100000,1,1,4,35,40,96.8884087
20日,日本,福岡,日本,新千歳,17:30,120,9,1770000,30000,59,小規模運航,120,2100000,1,1,4,35,40,97.0460787
20日,日本,福岡,日本,新千歳,18:00,120,9,1530000,30000,51,小規模運航,120,2100000,1,1,4,35,40,95.097683
20日,日本,福岡,日本,新千歳,18:30,120,9,1620000,30000,54,小規模運航,120,2100000,1,1,4,35,40,96.2194313
20日,日本,福岡,日本,新千歳,19:00,120,9,1650000,30000,55,小規模運航,120,2100000,1,1,4,35,40,98.1290462
20日,日本,福岡,日本,新千歳,19:30,120,9,1770000,30000,59,小規模運航,120,2100000,1,1,4,35,40,94.383095
20日,日本,福岡,日本,新千歳,20:00,120,9,1260000,30000,42,小規模運航,120,2100000,1,1,4,35,40,94.8577907
20日,日本,福岡,日本,新千歳,20:30,120,9,1320000,30000,44,小規模運航,120,2100000,1,1,4,35,40,97.5326652
20日,日本,福岡,日本,新千歳,21:00,120,9,1440000,30000,48,小規模運航,120,2100000,1,1,4,35,40,95.0569767
20日,日本,福岡,日本,新千歳,21:30,120,9,1320000,30000,44,小規模運航,120,2100000,1,1,4,35,40,90.1981894
20日,日本,福岡,日本,新千歳,22:00,120,9,1050000,30000,35,小規模運航,120,2100000,1,1,4,35,40,86.8639569
20日,日本,福岡,日本,新千歳,22:30,120,9,1050000,30000,35,小規模運航,120,2100000,1,1,4,35,40,90.596999
21日,日本,福岡,日本,新千歳,07:00,120,9,1050000,30000,35,小規模運航,120,2100000,1,1,4,35,40,96.0527596
21日,日本,福岡,日本,新千歳,07:30,120,9,1020000,30000,34,小規模運航,120,2100000,1,1,4,35,40,79.1906087
21日,日本,福岡,日本,新千歳,08:00,120,9,1770000,30000,59,小規模運航,120,2100000,1,1,4,35,40,96.5030348
21日,日本,福岡,日本,新千歳,08:30,120,9,1560000,30000,52,小規模運航,120,2100000,1,1,4,35,40,95.9172415
21日,日本,福岡,日本,新千歳,09:00,120,9,1650000,30000,55,小規模運航,120,2100000,1,1,4,35,40,94.0029016
21日,日本,福岡,日本,新千歳,09:30,120,9,1530000,30000,51,小規模運航,120,2100000,1,1,4,35,40,87.2136365
21日,日本,福岡,日本,新千歳,10:00,120,9,1410000,30000,47,小規模運航,120,2100000,1,1,4,35,40,91.1654715
21日,日本,福岡,日本,新千歳,10:30,120,9,1470000,30000,49,小規模運航,120,2100000,1,1,4,35,40,77.8429032
21日,日本,福岡,日本,新千歳,11:00,120,9,1350000,30000,45,小規模運航,120,2100000,1,1,4,35,40,95.2835749
21日,日本,福岡,日本,新千歳,11:30,120,9,1470000,30000,49,小規模運航,120,2100000,1,1,4,35,40,95.5031907
21日,日本,福岡,日本,新千歳,12:00,120,9,1470000,30000,49,小規模運航,120,2100000,1,1,4,35,40,98.530428
21日,日本,福岡,日本,新千歳,12:30,120,9,1410000,30000,47,小規模運航,120,2100000,1,1,4,35,40,93.9630655
21日,日本,福岡,日本,新千歳,13:00,120,9,1320000,30000,44,小規模運航,120,2100000,1,1,4,35,40,90.7641436
21日,日本,福岡,日本,新千歳,13:30,120,9,1320000,30000,44,小規模運航,120,2100000,1,1,4,35,40,82.6691369
21日,日本,福岡,日本,新千歳,14:00,120,9,1500000,30000,50,小規模運航,120,2100000,1,1,4,35,40,94.2303755
21日,日本,福岡,日本,新千歳,14:30,120,9,1500000,30000,50,小規模運航,120,2100000,1,1,4,35,40,84.7764189
21日,日本,福岡,日本,新千歳,15:00,120,9,1290000,30000,43,小規模運航,120,2100000,1,1,4,35,40,84.1937696
21日,日本,福岡,日本,新千歳,15:30,120,9,1500000,30000,50,小規模運航,120,2100000,1,1,4,35,40,92.9986393
21日,日本,福岡,日本,新千歳,16:00,120,9,1350000,30000,45,小規模運航,120,2100000,1,1,4,35,40,83.2835836
21日,日本,福岡,日本,新千歳,16:30,120,9,1470000,30000,49,小規模運航,120,2100000,1,1,4,35,40,93.7142572
21日,日本,福岡,日本,新千歳,17:00,120,9,1770000,30000,59,小規模運航,120,2100000,1,1,4,35,40,95.7788719
21日,日本,福岡,日本,新千歳,17:30,120,9,1740000,30000,58,小規模運航,120,2100000,1,1,4,35,40,74.1992509
21日,日本,福岡,日本,新千歳,18:00,120,9,1560000,30000,52,小規模運航,120,2100000,1,1,4,35,40,98.2068994
21日,日本,福岡,日本,新千歳,18:30,120,9,1770000,30000,59,小規模運航,120,2100000,1,1,4,35,40,75.7060292
21日,日本,福岡,日本,新千歳,19:00,120,9,1770000,30000,59,小規模運航,120,2100000,1,1,4,35,40,80.9295461
21日,日本,福岡,日本,新千歳,19:30,120,9,1770000,30000,59,小規模運航,120,2100000,1,1,4,35,40,94.383095
21日,日本,福岡,日本,新千歳,20:00,120,9,1410000,30000,47,小規模運航,120,2100000,1,1,4,35,40,88.3822797
21日,日本,福岡,日本,新千歳,20:30,120,9,1410000,30000,47,小規模運航,120,2100000,1,1,4,35,40,92.164141
21日,日本,福岡,日本,新千歳,21:00,120,9,1500000,30000,50,小規模運航,120,2100000,1,1,4,35,40,96.6313932
21日,日本,福岡,日本,新千歳,21:30,120,9,1410000,30000,47,小規模運航,120,2100000,1,1,4,35,40,96.6736463
21日,日本,福岡,日本,新千歳,22:00,120,9,1050000,30000,35,小規模運航,120,2100000,1,1,4,35,40,86.8639569
21日,日本,福岡,日本,新千歳,22:30,120,9,1140000,30000,38,小規模運航,120,2100000,1,1,4,35,40,92.2438027
22日,日本,福岡,日本,新千歳,07:00,120,9,990000,30000,33,小規模運航,120,2100000,1,1,4,35,40,88.8904182
22日,日本,福岡,日本,新千歳,07:30,120,9,1200000,30000,40,小規模運航,120,2100000,1,1,4,35,40,95.750797
22日,日本,福岡,日本,新千歳,08:00,120,9,1770000,30000,59,小規模運航,120,2100000,1,1,4,35,40,96.5030348
22日,日本,福岡,日本,新千歳,08:30,120,9,1800000,30000,60,小規模運航,120,2100000,1,1,4,35,40,98.6927183
22日,日本,福岡,日本,新千歳,09:00,120,9,1590000,30000,53,小規模運航,120,2100000,1,1,4,35,40,80.0254665
22日,日本,福岡,日本,新千歳,09:30,120,9,1620000,30000,54,小規模運航,120,2100000,1,1,4,35,40,97.3637889
22日,日本,福岡,日本,新千歳,10:00,120,9,1440000,30000,48,小規模運航,120,2100000,1,1,4,35,40,81.1859046
22日,日本,福岡,日本,新千歳,10:30,120,9,1290000,30000,43,小規模運航,120,2100000,1,1,4,35,40,81.7395509
22日,日本,福岡,日本,新千歳,11:00,120,9,1530000,30000,51,小規模運航,120,2100000,1,1,4,35,40,98.3417777
22日,日本,福岡,日本,新千歳,11:30,120,9,1470000,30000,49,小規模運航,120,2100000,1,1,4,35,40,95.5031907
22日,日本,福岡,日本,新千歳,12:00,120,9,1350000,30000,45,小規模運航,120,2100000,1,1,4,35,40,94.5836705
22日,日本,福岡,日本,新千歳,12:30,120,9,1260000,30000,42,小規模運航,120,2100000,1,1,4,35,40,98.2194671
22日,日本,福岡,日本,新千歳,13:00,120,9,1500000,30000,50,小規模運航,120,2100000,1,1,4,35,40,88.5249814
22日,日本,福岡,日本,新千歳,13:30,120,9,1320000,30000,44,小規模運航,120,2100000,1,1,4,35,40,82.6691369
22日,日本,福岡,日本,新千歳,14:00,120,9,1410000,30000,47,小規模運航,120,2100000,1,1,4,35,40,97.3279285
22日,日本,福岡,日本,新千歳,14:30,120,9,1500000,30000,50,小規模運航,120,2100000,1,1,4,35,40,84.7764189
22日,日本,福岡,日本,新千歳,15:00,120,9,1380000,30000,46,小規模運航,120,2100000,1,1,4,35,40,93.5379145
22日,日本,福岡,日本,新千歳,15:30,120,9,1380000,30000,46,小規模運航,120,2100000,1,1,4,35,40,95.0090348
22日,日本,福岡,日本,新千歳,16:00,120,9,1380000,30000,46,小規模運航,120,2100000,1,1,4,35,40,98.5737445
22日,日本,福岡,日本,新千歳,16:30,120,9,1380000,30000,46,小規模運航,120,2100000,1,1,4,35,40,94.6121877
22日,日本,福岡,日本,新千歳,17:00,120,9,1560000,30000,52,小規模運航,120,2100000,1,1,4,35,40,94.678463
22日,日本,福岡,日本,新千歳,17:30,120,9,1800000,30000,60,小規模運航,120,2100000,1,1,4,35,40,96.0268002
22日,日本,福岡,日本,新千歳,18:00,120,9,1650000,30000,55,小規模運航,120,2100000,1,1,4,35,40,96.2474119
22日,日本,福岡,日本,新千歳,18:30,120,9,1680000,30000,56,小規模運航,120,2100000,1,1,4,35,40,95.8343518
22日,日本,福岡,日本,新千歳,19:00,120,9,1770000,30000,59,小規模運航,120,2100000,1,1,4,35,40,80.9295461
22日,日本,福岡,日本,新千歳,19:30,120,9,1560000,30000,52,小規模運航,120,2100000,1,1,4,35,40,98.3750784
22日,日本,福岡,日本,新千歳,20:00,120,9,1350000,30000,45,小規模運航,120,2100000,1,1,4,35,40,86.9196546
22日,日本,福岡,日本,新千歳,20:30,120,9,1290000,30000,43,小規模運航,120,2100000,1,1,4,35,40,98.7079519
22日,日本,福岡,日本,新千歳,21:00,120,9,1410000,30000,47,小規模運航,120,2100000,1,1,4,35,40,83.8312484
22日,日本,福岡,日本,新千歳,21:30,120,9,1290000,30000,43,小規模運航,120,2100000,1,1,4,35,40,92.5665522
22日,日本,福岡,日本,新千歳,22:00,120,9,1080000,30000,36,小規模運航,120,2100000,1,1,4,35,40,85.2545574
22日,日本,福岡,日本,新千歳,22:30,120,9,1020000,30000,34,小規模運航,120,2100000,1,1,4,35,40,76.430878
23日,日本,福岡,日本,新千歳,07:00,120,9,1020000,30000,34,小規模運航,120,2100000,1,1,4,35,40,71.4566184
23日,日本,福岡,日本,新千歳,07:30,120,9,990000,30000,33,小規模運航,120,2100000,1,1,4,35,40,95.2016158
23日,日本,福岡,日本,新千歳,08:00,120,9,1770000,30000,59,小規模運航,120,2100000,1,1,4,35,40,96.5030348
23日,日本,福岡,日本,新千歳,08:30,120,9,1590000,30000,53,小規模運航,120,2100000,1,1,4,35,40,95.2075524
23日,日本,福岡,日本,新千歳,09:00,120,9,1680000,30000,56,小規模運航,120,2100000,1,1,4,35,40,98.2902035
23日,日本,福岡,日本,新千歳,09:30,120,9,1800000,30000,60,小規模運航,120,2100000,1,1,4,35,40,78.1583955
23日,日本,福岡,日本,新千歳,10:00,120,9,1320000,30000,44,小規模運航,120,2100000,1,1,4,35,40,95.2656475
23日,日本,福岡,日本,新千歳,10:30,120,9,1410000,30000,47,小規模運航,120,2100000,1,1,4,35,40,95.437106
23日,日本,福岡,日本,新千歳,11:00,120,9,1440000,30000,48,小規模運航,120,2100000,1,1,4,35,40,99.0846076
23日,日本,福岡,日本,新千歳,11:30,120,9,1440000,30000,48,小規模運航,120,2100000,1,1,4,35,40,78.1777877
23日,日本,福岡,日本,新千歳,12:00,120,9,1410000,30000,47,小規模運航,120,2100000,1,1,4,35,40,94.4474624
23日,日本,福岡,日本,新千歳,12:30,120,9,1290000,30000,43,小規模運航,120,2100000,1,1,4,35,40,93.8280108
23日,日本,福岡,日本,新千歳,13:00,120,9,1530000,30000,51,小規模運航,120,2100000,1,1,4,35,40,93.5933761
23日,日本,福岡,日本,新千歳,13:30,120,9,1500000,30000,50,小規模運航,120,2100000,1,1,4,35,40,96.7332057
23日,日本,福岡,日本,新千歳,14:00,120,9,1320000,30000,44,小規模運航,120,2100000,1,1,4,35,40,97.9752025
23日,日本,福岡,日本,新千歳,14:30,120,9,1470000,30000,49,小規模運航,120,2100000,1,1,4,35,40,82.0043172
23日,日本,福岡,日本,新千歳,15:00,120,9,1470000,30000,49,小規模運航,120,2100000,1,1,4,35,40,94.9347801
23日,日本,福岡,日本,新千歳,15:30,120,9,1440000,30000,48,小規模運航,120,2100000,1,1,4,35,40,88.1951169
23日,日本,福岡,日本,新千歳,16:00,120,9,1350000,30000,45,小規模運航,120,2100000,1,1,4,35,40,83.2835836
23日,日本,福岡,日本,新千歳,16:30,120,9,1260000,30000,42,小規模運航,120,2100000,1,1,4,35,40,93.2148769
23日,日本,福岡,日本,新千歳,17:00,120,9,1770000,30000,59,小規模運航,120,2100000,1,1,4,35,40,95.7788719
23日,日本,福岡,日本,新千歳,17:30,120,9,1740000,30000,58,小規模運航,120,2100000,1,1,4,35,40,74.1992509
23日,日本,福岡,日本,新千歳,18:00,120,9,1770000,30000,59,小規模運航,120,2100000,1,1,4,35,40,81.3962418
23日,日本,福岡,日本,新千歳,18:30,120,9,1590000,30000,53,小規模運航,120,2100000,1,1,4,35,40,96.2853685
23日,日本,福岡,日本,新千歳,19:00,120,9,1560000,30000,52,小規模運航,120,2100000,1,1,4,35,40,89.0403999
23日,日本,福岡,日本,新千歳,19:30,120,9,1650000,30000,55,小規模運航,120,2100000,1,1,4,35,40,84.2580572
23日,日本,福岡,日本,新千歳,20:00,120,9,1500000,30000,50,小規模運航,120,2100000,1,1,4,35,40,94.8271753
23日,日本,福岡,日本,新千歳,20:30,120,9,1410000,30000,47,小規模運航,120,2100000,1,1,4,35,40,92.164141
23日,日本,福岡,日本,新千歳,21:00,120,9,1380000,30000,46,小規模運航,120,2100000,1,1,4,35,40,96.2627516
23日,日本,福岡,日本,新千歳,21:30,120,9,1260000,30000,42,小規模運航,120,2100000,1,1,4,35,40,91.1972899
23日,日本,福岡,日本,新千歳,22:00,120,9,1050000,30000,35,小規模運航,120,2100000,1,1,4,35,40,86.8639569
23日,日本,福岡,日本,新千歳,22:30,120,9,1200000,30000,40,小規模運航,120,2100000,1,1,4,35,40,87.8486692
24日,日本,福岡,日本,新千歳,07:00,120,9,1050000,30000,35,小規模運航,120,2100000,1,1,4,35,40,96.0527596
24日,日本,福岡,日本,新千歳,07:30,120,9,1140000,30000,38,小規模運航,120,2100000,1,1,4,35,40,84.3953954
24日,日本,福岡,日本,新千歳,08:00,120,9,1770000,30000,59,小規模運航,120,2100000,1,1,4,35,40,96.5030348
24日,日本,福岡,日本,新千歳,08:30,120,9,1620000,30000,54,小規模運航,120,2100000,1,1,4,35,40,92.0261187
24日,日本,福岡,日本,新千歳,09:00,120,9,1680000,30000,56,小規模運航,120,2100000,1,1,4,35,40,98.2902035
24日,日本,福岡,日本,新千歳,09:30,120,9,1560000,30000,52,小規模運航,120,2100000,1,1,4,35,40,91.9659778
24日,日本,福岡,日本,新千歳,10:00,120,9,1500000,30000,50,小規模運航,120,2100000,1,1,4,35,40,94.6452622
24日,日本,福岡,日本,新千歳,10:30,120,9,1350000,30000,45,小規模運航,120,2100000,1,1,4,35,40,96.3627269
24日,日本,福岡,日本,新千歳,11:00,120,9,1410000,30000,47,小規模運航,120,2100000,1,1,4,35,40,97.956342
24日,日本,福岡,日本,新千歳,11:30,120,9,1290000,30000,43,小規模運航,120,2100000,1,1,4,35,40,82.1589223
24日,日本,福岡,日本,新千歳,12:00,120,9,1440000,30000,48,小規模運航,120,2100000,1,1,4,35,40,94.4468247
24日,日本,福岡,日本,新千歳,12:30,120,9,1290000,30000,43,小規模運航,120,2100000,1,1,4,35,40,93.8280108
24日,日本,福岡,日本,新千歳,13:00,120,9,1350000,30000,45,小規模運航,120,2100000,1,1,4,35,40,68.9136189
24日,日本,福岡,日本,新千歳,13:30,120,9,1500000,30000,50,小規模運航,120,2100000,1,1,4,35,40,96.7332057
24日,日本,福岡,日本,新千歳,14:00,120,9,1470000,30000,49,小規模運航,120,2100000,1,1,4,35,40,93.5665999
24日,日本,福岡,日本,新千歳,14:30,120,9,1470000,30000,49,小規模運航,120,2100000,1,1,4,35,40,82.0043172
24日,日本,福岡,日本,新千歳,15:00,120,9,1380000,30000,46,小規模運航,120,2100000,1,1,4,35,40,93.5379145
24日,日本,福岡,日本,新千歳,15:30,120,9,1380000,30000,46,小規模運航,120,2100000,1,1,4,35,40,95.0090348
24日,日本,福岡,日本,新千歳,16:00,120,9,1410000,30000,47,小規模運航,120,2100000,1,1,4,35,40,95.3128312
24日,日本,福岡,日本,新千歳,16:30,120,9,1350000,30000,45,小規模運航,120,2100000,1,1,4,35,40,97.2983646
24日,日本,福岡,日本,新千歳,17:00,120,9,1680000,30000,56,小規模運航,120,2100000,1,1,4,35,40,95.8412899
24日,日本,福岡,日本,新千歳,17:30,120,9,1800000,30000,60,小規模運航,120,2100000,1,1,4,35,40,96.0268002
24日,日本,福岡,日本,新千歳,18:00,120,9,1590000,30000,53,小規模運航,120,2100000,1,1,4,35,40,80.5732904
24日,日本,福岡,日本,新千歳,18:30,120,9,1560000,30000,52,小規模運航,120,2100000,1,1,4,35,40,83.0242736
24日,日本,福岡,日本,新千歳,19:00,120,9,1650000,30000,55,小規模運航,120,2100000,1,1,4,35,40,98.1290462
24日,日本,福岡,日本,新千歳,19:30,120,9,1530000,30000,51,小規模運航,120,2100000,1,1,4,35,40,78.4553728
24日,日本,福岡,日本,新千歳,20:00,120,9,1380000,30000,46,小規模運航,120,2100000,1,1,4,35,40,97.6362318
24日,日本,福岡,日本,新千歳,20:30,120,9,1320000,30000,44,小規模運航,120,2100000,1,1,4,35,40,97.5326652
24日,日本,福岡,日本,新千歳,21:00,120,9,1380000,30000,46,小規模運航,120,2100000,1,1,4,35,40,96.2627516
24日,日本,福岡,日本,新千歳,21:30,120,9,1380000,30000,46,小規模運航,120,2100000,1,1,4,35,40,98.5675804
24日,日本,福岡,日本,新千歳,22:00,120,9,1050000,30000,35,小規模運航,120,2100000,1,1,4,35,40,86.8639569
24日,日本,福岡,日本,新千歳,22:30,120,9,1230000,30000,41,小規模運航,120,2100000,1,1,4,35,40,87.0047513
25日,日本,福岡,日本,新千歳,07:00,120,9,1020000,30000,34,小規模運航,120,2100000,1,1,4,35,40,71.4566184
25日,日本,福岡,日本,新千歳,07:30,120,9,990000,30000,33,小規模運航,120,2100000,1,1,4,35,40,95.2016158
25日,日本,福岡,日本,新千歳,08:00,120,9,1770000,30000,59,小規模運航,120,2100000,1,1,4,35,40,96.5030348
25日,日本,福岡,日本,新千歳,08:30,120,9,1620000,30000,54,小規模運航,120,2100000,1,1,4,35,40,92.0261187
25日,日本,福岡,日本,新千歳,09:00,120,9,1560000,30000,52,小規模運航,120,2100000,1,1,4,35,40,87.7856869
25日,日本,福岡,日本,新千歳,09:30,120,9,1650000,30000,55,小規模運航,120,2100000,1,1,4,35,40,97.2031549
25日,日本,福岡,日本,新千歳,10:00,120,9,1410000,30000,47,小規模運航,120,2100000,1,1,4,35,40,91.1654715
25日,日本,福岡,日本,新千歳,10:30,120,9,1410000,30000,47,小規模運航,120,2100000,1,1,4,35,40,95.437106
25日,日本,福岡,日本,新千歳,11:00,120,9,1500000,30000,50,小規模運航,120,2100000,1,1,4,35,40,84.7770047
25日,日本,福岡,日本,新千歳,11:30,120,9,1410000,30000,47,小規模運航,120,2100000,1,1,4,35,40,92.179979
25日,日本,福岡,日本,新千歳,12:00,120,9,1320000,30000,44,小規模運航,120,2100000,1,1,4,35,40,86.2312074
25日,日本,福岡,日本,新千歳,12:30,120,9,1410000,30000,47,小規模運航,120,2100000,1,1,4,35,40,93.9630655
25日,日本,福岡,日本,新千歳,13:00,120,9,1350000,30000,45,小規模運航,120,2100000,1,1,4,35,40,68.9136189
25日,日本,福岡,日本,新千歳,13:30,120,9,1440000,30000,48,小規模運航,120,2100000,1,1,4,35,40,93.7145875
25日,日本,福岡,日本,新千歳,14:00,120,9,1470000,30000,49,小規模運航,120,2100000,1,1,4,35,40,93.5665999
25日,日本,福岡,日本,新千歳,14:30,120,9,1530000,30000,51,小規模運航,120,2100000,1,1,4,35,40,97.6157862
25日,日本,福岡,日本,新千歳,15:00,120,9,1350000,30000,45,小規模運航,120,2100000,1,1,4,35,40,80.1946835
25日,日本,福岡,日本,新千歳,15:30,120,9,1470000,30000,49,小規模運航,120,2100000,1,1,4,35,40,91.8443877
25日,日本,福岡,日本,新千歳,16:00,120,9,1440000,30000,48,小規模運航,120,2100000,1,1,4,35,40,93.5353345
25日,日本,福岡,日本,新千歳,16:30,120,9,1260000,30000,42,小規模運航,120,2100000,1,1,4,35,40,93.2148769
25日,日本,福岡,日本,新千歳,17:00,120,9,1770000,30000,59,小規模運航,120,2100000,1,1,4,35,40,95.7788719
25日,日本,福岡,日本,新千歳,17:30,120,9,1770000,30000,59,小規模運航,120,2100000,1,1,4,35,40,97.0460787
25日,日本,福岡,日本,新千歳,18:00,120,9,1770000,30000,59,小規模運航,120,2100000,1,1,4,35,40,81.3962418
25日,日本,福岡,日本,新千歳,18:30,120,9,1770000,30000,59,小規模運航,120,2100000,1,1,4,35,40,75.7060292
25日,日本,福岡,日本,新千歳,19:00,120,9,1650000,30000,55,小規模運航,120,2100000,1,1,4,35,40,98.1290462
25日,日本,福岡,日本,新千歳,19:30,120,9,1800000,30000,60,小規模運航,120,2100000,1,1,4,35,40,95.9063762
25日,日本,福岡,日本,新千歳,20:00,120,9,1260000,30000,42,小規模運航,120,2100000,1,1,4,35,40,94.8577907
25日,日本,福岡,日本,新千歳,20:30,120,9,1470000,30000,49,小規模運航,120,2100000,1,1,4,35,40,94.393531
25日,日本,福岡,日本,新千歳,21:00,120,9,1530000,30000,51,小規模運航,120,2100000,1,1,4,35,40,94.5788309
25日,日本,福岡,日本,新千歳,21:30,120,9,1290000,30000,43,小規模運航,120,2100000,1,1,4,35,40,92.5665522
25日,日本,福岡,日本,新千歳,22:00,120,9,1140000,30000,38,小規模運航,120,2100000,1,1,4,35,40,89.6881904
25日,日本,福岡,日本,新千歳,22:30,120,9,1170000,30000,39,小規模運航,120,2100000,1,1,4,35,40,91.3203829
26日,日本,福岡,日本,新千歳,07:00,120,9,1050000,30000,35,小規模運航,120,2100000,1,1,4,35,40,96.0527596
26日,日本,福岡,日本,新千歳,07:30,120,9,1050000,30000,35,小規模運航,120,2100000,1,1,4,35,40,90.7739489
26日,日本,福岡,日本,新千歳,08:00,120,9,1620000,30000,54,小規模運航,120,2100000,1,1,4,35,40,95.0800747
26日,日本,福岡,日本,新千歳,08:30,120,9,1560000,30000,52,小規模運航,120,2100000,1,1,4,35,40,95.9172415
26日,日本,福岡,日本,新千歳,09:00,120,9,1620000,30000,54,小規模運航,120,2100000,1,1,4,35,40,95.8605768
26日,日本,福岡,日本,新千歳,09:30,120,9,1530000,30000,51,小規模運航,120,2100000,1,1,4,35,40,87.2136365
26日,日本,福岡,日本,新千歳,10:00,120,9,1530000,30000,51,小規模運航,120,2100000,1,1,4,35,40,97.9378763
26日,日本,福岡,日本,新千歳,10:30,120,9,1500000,30000,50,小規模運航,120,2100000,1,1,4,35,40,86.4424557
26日,日本,福岡,日本,新千歳,11:00,120,9,1380000,30000,46,小規模運航,120,2100000,1,1,4,35,40,95.4303074
26日,日本,福岡,日本,新千歳,11:30,120,9,1440000,30000,48,小規模運航,120,2100000,1,1,4,35,40,78.1777877
26日,日本,福岡,日本,新千歳,12:00,120,9,1500000,30000,50,小規模運航,120,2100000,1,1,4,35,40,97.4595362
26日,日本,福岡,日本,新千歳,12:30,120,9,1320000,30000,44,小規模運航,120,2100000,1,1,4,35,40,98.4852471
26日,日本,福岡,日本,新千歳,13:00,120,9,1470000,30000,49,小規模運航,120,2100000,1,1,4,35,40,80.4655962
26日,日本,福岡,日本,新千歳,13:30,120,9,1290000,30000,43,小規模運航,120,2100000,1,1,4,35,40,72.2248278
26日,日本,福岡,日本,新千歳,14:00,120,9,1500000,30000,50,小規模運航,120,2100000,1,1,4,35,40,94.2303755
26日,日本,福岡,日本,新千歳,14:30,120,9,1410000,30000,47,小規模運航,120,2100000,1,1,4,35,40,98.1388296
26日,日本,福岡,日本,新千歳,15:00,120,9,1320000,30000,44,小規模運航,120,2100000,1,1,4,35,40,70.3783589
26日,日本,福岡,日本,新千歳,15:30,120,9,1260000,30000,42,小規模運航,120,2100000,1,1,4,35,40,83.5325957
26日,日本,福岡,日本,新千歳,16:00,120,9,1410000,30000,47,小規模運航,120,2100000,1,1,4,35,40,95.3128312
26日,日本,福岡,日本,新千歳,16:30,120,9,1290000,30000,43,小規模運航,120,2100000,1,1,4,35,40,96.4779357
26日,日本,福岡,日本,新千歳,17:00,120,9,1740000,30000,58,小規模運航,120,2100000,1,1,4,35,40,98.4244909
26日,日本,福岡,日本,新千歳,17:30,120,9,1560000,30000,52,小規模運航,120,2100000,1,1,4,35,40,98.1791766
26日,日本,福岡,日本,新千歳,18:00,120,9,1530000,30000,51,小規模運航,120,2100000,1,1,4,35,40,95.097683
26日,日本,福岡,日本,新千歳,18:30,120,9,1590000,30000,53,小規模運航,120,2100000,1,1,4,35,40,96.2853685
26日,日本,福岡,日本,新千歳,19:00,120,9,1620000,30000,54,小規模運航,120,2100000,1,1,4,35,40,95.9586573
26日,日本,福岡,日本,新千歳,19:30,120,9,1770000,30000,59,小規模運航,120,2100000,1,1,4,35,40,94.383095
26日,日本,福岡,日本,新千歳,20:00,120,9,1260000,30000,42,小規模運航,120,2100000,1,1,4,35,40,94.8577907
26日,日本,福岡,日本,新千歳,20:30,120,9,1500000,30000,50,小規模運航,120,2100000,1,1,4,35,40,84.2079586
26日,日本,福岡,日本,新千歳,21:00,120,9,1260000,30000,42,小規模運航,120,2100000,1,1,4,35,40,97.1135218
26日,日本,福岡,日本,新千歳,21:30,120,9,1410000,30000,47,小規模運航,120,2100000,1,1,4,35,40,96.6736463
26日,日本,福岡,日本,新千歳,22:00,120,9,1140000,30000,38,小規模運航,120,2100000,1,1,4,35,40,89.6881904
26日,日本,福岡,日本,新千歳,22:30,120,9,1200000,30000,40,小規模運航,120,2100000,1,1,4,35,40,87.8486692
27日,日本,福岡,日本,新千歳,07:00,120,9,1050000,30000,35,小規模運航,120,2100000,1,1,4,35,40,96.0527596
27日,日本,福岡,日本,新千歳,07:30,120,9,1020000,30000,34,小規模運航,120,2100000,1,1,4,35,40,79.1906087
27日,日本,福岡,日本,新千歳,08:00,120,9,1620000,30000,54,小規模運航,120,2100000,1,1,4,35,40,95.0800747
27日,日本,福岡,日本,新千歳,08:30,120,9,1710000,30000,57,小規模運航,120,2100000,1,1,4,35,40,97.8632761
27日,日本,福岡,日本,新千歳,09:00,120,9,1530000,30000,51,小規模運航,120,2100000,1,1,4,35,40,98.0872078
27日,日本,福岡,日本,新千歳,09:30,120,9,1800000,30000,60,小規模運航,120,2100000,1,1,4,35,40,78.1583955
27日,日本,福岡,日本,新千歳,10:00,120,9,1350000,30000,45,小規模運航,120,2100000,1,1,4,35,40,84.3886003
27日,日本,福岡,日本,新千歳,10:30,120,9,1440000,30000,48,小規模運航,120,2100000,1,1,4,35,40,94.6052616
27日,日本,福岡,日本,新千歳,11:00,120,9,1320000,30000,44,小規模運航,120,2100000,1,1,4,35,40,86.5044326
27日,日本,福岡,日本,新千歳,11:30,120,9,1380000,30000,46,小規模運航,120,2100000,1,1,4,35,40,82.6384276
27日,日本,福岡,日本,新千歳,12:00,120,9,1440000,30000,48,小規模運航,120,2100000,1,1,4,35,40,94.4468247
27日,日本,福岡,日本,新千歳,12:30,120,9,1380000,30000,46,小規模運航,120,2100000,1,1,4,35,40,70.4227612
27日,日本,福岡,日本,新千歳,13:00,120,9,1410000,30000,47,小規模運航,120,2100000,1,1,4,35,40,95.6842861
27日,日本,福岡,日本,新千歳,13:30,120,9,1380000,30000,46,小規模運航,120,2100000,1,1,4,35,40,81.50697
27日,日本,福岡,日本,新千歳,14:00,120,9,1410000,30000,47,小規模運航,120,2100000,1,1,4,35,40,97.3279285
27日,日本,福岡,日本,新千歳,14:30,120,9,1500000,30000,50,小規模運航,120,2100000,1,1,4,35,40,84.7764189
27日,日本,福岡,日本,新千歳,15:00,120,9,1380000,30000,46,小規模運航,120,2100000,1,1,4,35,40,93.5379145
27日,日本,福岡,日本,新千歳,15:30,120,9,1350000,30000,45,小規模運航,120,2100000,1,1,4,35,40,92.303417
27日,日本,福岡,日本,新千歳,16:00,120,9,1530000,30000,51,小規模運航,120,2100000,1,1,4,35,40,82.4566396
27日,日本,福岡,日本,新千歳,16:30,120,9,1440000,30000,48,小規模運航,120,2100000,1,1,4,35,40,96.2373811
27日,日本,福岡,日本,新千歳,17:00,120,9,1530000,30000,51,小規模運航,120,2100000,1,1,4,35,40,94.5500495
27日,日本,福岡,日本,新千歳,17:30,120,9,1680000,30000,56,小規模運航,120,2100000,1,1,4,35,40,94.9293643
27日,日本,福岡,日本,新千歳,18:00,120,9,1590000,30000,53,小規模運航,120,2100000,1,1,4,35,40,80.5732904
27日,日本,福岡,日本,新千歳,18:30,120,9,1530000,30000,51,小規模運航,120,2100000,1,1,4,35,40,91.3016134
27日,日本,福岡,日本,新千歳,19:00,120,9,1740000,30000,58,小規模運航,120,2100000,1,1,4,35,40,92.6944158
27日,日本,福岡,日本,新千歳,19:30,120,9,1560000,30000,52,小規模運航,120,2100000,1,1,4,35,40,98.3750784
27日,日本,福岡,日本,新千歳,20:00,120,9,1380000,30000,46,小規模運航,120,2100000,1,1,4,35,40,97.6362318
27日,日本,福岡,日本,新千歳,20:30,120,9,1320000,30000,44,小規模運航,120,2100000,1,1,4,35,40,97.5326652
27日,日本,福岡,日本,新千歳,21:00,120,9,1320000,30000,44,小規模運航,120,2100000,1,1,4,35,40,85.7885312
27日,日本,福岡,日本,新千歳,21:30,120,9,1290000,30000,43,小規模運航,120,2100000,1,1,4,35,40,92.5665522
27日,日本,福岡,日本,新千歳,22:00,120,9,1050000,30000,35,小規模運航,120,2100000,1,1,4,35,40,86.8639569
27日,日本,福岡,日本,新千歳,22:30,120,9,1140000,30000,38,小規模運航,120,2100000,1,1,4,35,40,92.2438027
28日,日本,福岡,日本,新千歳,07:00,120,9,1050000,30000,35,小規模運航,120,2100000,1,1,4,35,40,96.0527596
28日,日本,福岡,日本,新千歳,07:30,120,9,1050000,30000,35,小規模運航,120,2100000,1,1,4,35,40,90.7739489
28日,日本,福岡,日本,新千歳,08:00,120,9,1650000,30000,55,小規模運航,120,2100000,1,1,4,35,40,89.4521929
28日,日本,福岡,日本,新千歳,08:30,120,9,1800000,30000,60,小規模運航,120,2100000,1,1,4,35,40,98.6927183
28日,日本,福岡,日本,新千歳,09:00,120,9,1740000,30000,58,小規模運航,120,2100000,1,1,4,35,40,82.2769275
28日,日本,福岡,日本,新千歳,09:30,120,9,1740000,30000,58,小規模運航,120,2100000,1,1,4,35,40,95.8423075
28日,日本,福岡,日本,新千歳,10:00,120,9,1290000,30000,43,小規模運航,120,2100000,1,1,4,35,40,98.2174974
28日,日本,福岡,日本,新千歳,10:30,120,9,1380000,30000,46,小規模運航,120,2100000,1,1,4,35,40,98.235529
28日,日本,福岡,日本,新千歳,11:00,120,9,1500000,30000,50,小規模運航,120,2100000,1,1,4,35,40,84.7770047
28日,日本,福岡,日本,新千歳,11:30,120,9,1410000,30000,47,小規模運航,120,2100000,1,1,4,35,40,92.179979
28日,日本,福岡,日本,新千歳,12:00,120,9,1410000,30000,47,小規模運航,120,2100000,1,1,4,35,40,94.4474624
28日,日本,福岡,日本,新千歳,12:30,120,9,1440000,30000,48,小規模運航,120,2100000,1,1,4,35,40,97.9263265
28日,日本,福岡,日本,新千歳,13:00,120,9,1410000,30000,47,小規模運航,120,2100000,1,1,4,35,40,95.6842861
28日,日本,福岡,日本,新千歳,13:30,120,9,1410000,30000,47,小規模運航,120,2100000,1,1,4,35,40,98.1145009
28日,日本,福岡,日本,新千歳,14:00,120,9,1410000,30000,47,小規模運航,120,2100000,1,1,4,35,40,97.3279285
28日,日本,福岡,日本,新千歳,14:30,120,9,1290000,30000,43,小規模運航,120,2100000,1,1,4,35,40,89.6627759
28日,日本,福岡,日本,新千歳,15:00,120,9,1530000,30000,51,小規模運航,120,2100000,1,1,4,35,40,89.8762651
28日,日本,福岡,日本,新千歳,15:30,120,9,1410000,30000,47,小規模運航,120,2100000,1,1,4,35,40,94.4604534
28日,日本,福岡,日本,新千歳,16:00,120,9,1440000,30000,48,小規模運航,120,2100000,1,1,4,35,40,93.5353345
28日,日本,福岡,日本,新千歳,16:30,120,9,1410000,30000,47,小規模運航,120,2100000,1,1,4,35,40,97.4762387
28日,日本,福岡,日本,新千歳,17:00,120,9,1590000,30000,53,小規模運航,120,2100000,1,1,4,35,40,84.5232808
28日,日本,福岡,日本,新千歳,17:30,120,9,1650000,30000,55,小規模運航,120,2100000,1,1,4,35,40,96.0958984
28日,日本,福岡,日本,新千歳,18:00,120,9,1620000,30000,54,小規模運航,120,2100000,1,1,4,35,40,95.3411554
28日,日本,福岡,日本,新千歳,18:30,120,9,1620000,30000,54,小規模運航,120,2100000,1,1,4,35,40,96.2194313
28日,日本,福岡,日本,新千歳,19:00,120,9,1740000,30000,58,小規模運航,120,2100000,1,1,4,35,40,92.6944158
28日,日本,福岡,日本,新千歳,19:30,120,9,1620000,30000,54,小規模運航,120,2100000,1,1,4,35,40,96.9443135
28日,日本,福岡,日本,新千歳,20:00,120,9,1410000,30000,47,小規模運航,120,2100000,1,1,4,35,40,88.3822797
28日,日本,福岡,日本,新千歳,20:30,120,9,1380000,30000,46,小規模運航,120,2100000,1,1,4,35,40,98.5488215
28日,日本,福岡,日本,新千歳,21:00,120,9,1410000,30000,47,小規模運航,120,2100000,1,1,4,35,40,83.8312484
28日,日本,福岡,日本,新千歳,21:30,120,9,1380000,30000,46,小規模運航,120,2100000,1,1,4,35,40,98.5675804
28日,日本,福岡,日本,新千歳,22:00,120,9,1230000,30000,41,小規模運航,120,2100000,1,1,4,35,40,97.6636145
28日,日本,福岡,日本,新千歳,22:30,120,9,990000,30000,33,小規模運航,120,2100000,1,1,4,35,40,97.3529342
29日,日本,福岡,日本,新千歳,07:00,120,9,1080000,30000,36,小規模運航,120,2100000,1,1,4,35,40,94.6604528
29日,日本,福岡,日本,新千歳,07:30,120,9,1110000,30000,37,小規模運航,120,2100000,1,1,4,35,40,96.381182
29日,日本,福岡,日本,新千歳,08:00,120,9,1710000,30000,57,小規模運航,120,2100000,1,1,4,35,40,98.3907384
29日,日本,福岡,日本,新千歳,08:30,120,9,1770000,30000,59,小規模運航,120,2100000,1,1,4,35,40,91.4799851
29日,日本,福岡,日本,新千歳,09:00,120,9,1560000,30000,52,小規模運航,120,2100000,1,1,4,35,40,87.7856869
29日,日本,福岡,日本,新千歳,09:30,120,9,1620000,30000,54,小規模運航,120,2100000,1,1,4,35,40,97.3637889
29日,日本,福岡,日本,新千歳,10:00,120,9,1470000,30000,49,小規模運航,120,2100000,1,1,4,35,40,96.1611987
29日,日本,福岡,日本,新千歳,10:30,120,9,1320000,30000,44,小規模運航,120,2100000,1,1,4,35,40,85.9731263
29日,日本,福岡,日本,新千歳,11:00,120,9,1260000,30000,42,小規模運航,120,2100000,1,1,4,35,40,94.4345774
29日,日本,福岡,日本,新千歳,11:30,120,9,1350000,30000,45,小規模運航,120,2100000,1,1,4,35,40,98.1762719
29日,日本,福岡,日本,新千歳,12:00,120,9,1410000,30000,47,小規模運航,120,2100000,1,1,4,35,40,94.4474624
29日,日本,福岡,日本,新千歳,12:30,120,9,1380000,30000,46,小規模運航,120,2100000,1,1,4,35,40,70.4227612
29日,日本,福岡,日本,新千歳,13:00,120,9,1320000,30000,44,小規模運航,120,2100000,1,1,4,35,40,90.7641436
29日,日本,福岡,日本,新千歳,13:30,120,9,1350000,30000,45,小規模運航,120,2100000,1,1,4,35,40,79.300201
29日,日本,福岡,日本,新千歳,14:00,120,9,1470000,30000,49,小規模運航,120,2100000,1,1,4,35,40,93.5665999
29日,日本,福岡,日本,新千歳,14:30,120,9,1380000,30000,46,小規模運航,120,2100000,1,1,4,35,40,87.990234
29日,日本,福岡,日本,新千歳,15:00,120,9,1500000,30000,50,小規模運航,120,2100000,1,1,4,35,40,93.3954738
29日,日本,福岡,日本,新千歳,15:30,120,9,1470000,30000,49,小規模運航,120,2100000,1,1,4,35,40,91.8443877
29日,日本,福岡,日本,新千歳,16:00,120,9,1350000,30000,45,小規模運航,120,2100000,1,1,4,35,40,83.2835836
29日,日本,福岡,日本,新千歳,16:30,120,9,1440000,30000,48,小規模運航,120,2100000,1,1,4,35,40,96.2373811
29日,日本,福岡,日本,新千歳,17:00,120,9,1590000,30000,53,小規模運航,120,2100000,1,1,4,35,40,84.5232808
29日,日本,福岡,日本,新千歳,17:30,120,9,1590000,30000,53,小規模運航,120,2100000,1,1,4,35,40,98.4718696
29日,日本,福岡,日本,新千歳,18:00,120,9,1710000,30000,57,小規模運航,120,2100000,1,1,4,35,40,94.7409988
29日,日本,福岡,日本,新千歳,18:30,120,9,1710000,30000,57,小規模運航,120,2100000,1,1,4,35,40,96.3817074
29日,日本,福岡,日本,新千歳,19:00,120,9,1680000,30000,56,小規模運航,120,2100000,1,1,4,35,40,92.7462482
29日,日本,福岡,日本,新千歳,19:30,120,9,1560000,30000,52,小規模運航,120,2100000,1,1,4,35,40,98.3750784
29日,日本,福岡,日本,新千歳,20:00,120,9,1260000,30000,42,小規模運航,120,2100000,1,1,4,35,40,94.8577907
29日,日本,福岡,日本,新千歳,20:30,120,9,1320000,30000,44,小規模運航,120,2100000,1,1,4,35,40,97.5326652
29日,日本,福岡,日本,新千歳,21:00,120,9,1500000,30000,50,小規模運航,120,2100000,1,1,4,35,40,96.6313932
29日,日本,福岡,日本,新千歳,21:30,120,9,1380000,30000,46,小規模運航,120,2100000,1,1,4,35,40,98.5675804
29日,日本,福岡,日本,新千歳,22:00,120,9,1050000,30000,35,小規模運航,120,2100000,1,1,4,35,40,86.8639569
29日,日本,福岡,日本,新千歳,22:30,120,9,1230000,30000,41,小規模運航,120,2100000,1,1,4,35,40,87.0047513
30日,日本,福岡,日本,新千歳,07:00,120,9,1140000,30000,38,小規模運航,120,2100000,1,1,4,35,40,95.9041209
30日,日本,福岡,日本,新千歳,07:30,120,9,1020000,30000,34,小規模運航,120,2100000,1,1,4,35,40,79.1906087
30日,日本,福岡,日本,新千歳,08:00,120,9,1620000,30000,54,小規模運航,120,2100000,1,1,4,35,40,95.0800747
30日,日本,福岡,日本,新千歳,08:30,120,9,1680000,30000,56,小規模運航,120,2100000,1,1,4,35,40,94.8925363
30日,日本,福岡,日本,新千歳,09:00,120,9,1770000,30000,59,小規模運航,120,2100000,1,1,4,35,40,97.5663774
30日,日本,福岡,日本,新千歳,09:30,120,9,1770000,30000,59,小規模運航,120,2100000,1,1,4,35,40,85.9561256
30日,日本,福岡,日本,新千歳,10:00,120,9,1290000,30000,43,小規模運航,120,2100000,1,1,4,35,40,98.2174974
30日,日本,福岡,日本,新千歳,10:30,120,9,1410000,30000,47,小規模運航,120,2100000,1,1,4,35,40,95.437106
30日,日本,福岡,日本,新千歳,11:00,120,9,1350000,30000,45,小規模運航,120,2100000,1,1,4,35,40,95.2835749
30日,日本,福岡,日本,新千歳,11:30,120,9,1410000,30000,47,小規模運航,120,2100000,1,1,4,35,40,92.179979
30日,日本,福岡,日本,新千歳,12:00,120,9,1350000,30000,45,小規模運航,120,2100000,1,1,4,35,40,94.5836705
30日,日本,福岡,日本,新千歳,12:30,120,9,1320000,30000,44,小規模運航,120,2100000,1,1,4,35,40,98.4852471
30日,日本,福岡,日本,新千歳,13:00,120,9,1350000,30000,45,小規模運航,120,2100000,1,1,4,35,40,68.9136189
30日,日本,福岡,日本,新千歳,13:30,120,9,1290000,30000,43,小規模運航,120,2100000,1,1,4,35,40,72.2248278
30日,日本,福岡,日本,新千歳,14:00,120,9,1350000,30000,45,小規模運航,120,2100000,1,1,4,35,40,90.8486363
30日,日本,福岡,日本,新千歳,14:30,120,9,1410000,30000,47,小規模運航,120,2100000,1,1,4,35,40,98.1388296
30日,日本,福岡,日本,新千歳,15:00,120,9,1440000,30000,48,小規模運航,120,2100000,1,1,4,35,40,80.3231925
30日,日本,福岡,日本,新千歳,15:30,120,9,1410000,30000,47,小規模運航,120,2100000,1,1,4,35,40,94.4604534
30日,日本,福岡,日本,新千歳,16:00,120,9,1350000,30000,45,小規模運航,120,2100000,1,1,4,35,40,83.2835836
30日,日本,福岡,日本,新千歳,16:30,120,9,1260000,30000,42,小規模運航,120,2100000,1,1,4,35,40,93.2148769
30日,日本,福岡,日本,新千歳,17:00,120,9,1620000,30000,54,小規模運航,120,2100000,1,1,4,35,40,96.8884087
30日,日本,福岡,日本,新千歳,17:30,120,9,1530000,30000,51,小規模運航,120,2100000,1,1,4,35,40,95.6126254
30日,日本,福岡,日本,新千歳,18:00,120,9,1650000,30000,55,小規模運航,120,2100000,1,1,4,35,40,96.2474119
30日,日本,福岡,日本,新千歳,18:30,120,9,1770000,30000,59,小規模運航,120,2100000,1,1,4,35,40,75.7060292
30日,日本,福岡,日本,新千歳,19:00,120,9,1560000,30000,52,小規模運航,120,2100000,1,1,4,35,40,89.0403999
30日,日本,福岡,日本,新千歳,19:30,120,9,1710000,30000,57,小規模運航,120,2100000,1,1,4,35,40,90.1602308
30日,日本,福岡,日本,新千歳,20:00,120,9,1410000,30000,47,小規模運航,120,2100000,1,1,4,35,40,88.3822797
30日,日本,福岡,日本,新千歳,20:30,120,9,1440000,30000,48,小規模運航,120,2100000,1,1,4,35,40,97.2397332
30日,日本,福岡,日本,新千歳,21:00,120,9,1380000,30000,46,小規模運航,120,2100000,1,1,4,35,40,96.2627516
30日,日本,福岡,日本,新千歳,21:30,120,9,1260000,30000,42,小規模運航,120,2100000,1,1,4,35,40,91.1972899
30日,日本,福岡,日本,新千歳,22:00,120,9,990000,30000,33,小規模運航,120,2100000,1,1,4,35,40,92.8669881
30日,日本,福岡,日本,新千歳,22:30,120,9,1140000,30000,38,小規模運航,120,2100000,1,1,4,35,40,92.2438027
31日,日本,福岡,日本,新千歳,07:00,120,9,990000,30000,33,小規模運航,120,2100000,1,1,4,35,40,88.8904182
31日,日本,福岡,日本,新千歳,07:30,120,9,1050000,30000,35,小規模運航,120,2100000,1,1,4,35,40,90.7739489
31日,日本,福岡,日本,新千歳,08:00,120,9,1590000,30000,53,小規模運航,120,2100000,1,1,4,35,40,94.3435657
31日,日本,福岡,日本,新千歳,08:30,120,9,1770000,30000,59,小規模運航,120,2100000,1,1,4,35,40,91.4799851
31日,日本,福岡,日本,新千歳,09:00,120,9,1560000,30000,52,小規模運航,120,2100000,1,1,4,35,40,87.7856869
31日,日本,福岡,日本,新千歳,09:30,120,9,1710000,30000,57,小規模運航,120,2100000,1,1,4,35,40,98.8057777
31日,日本,福岡,日本,新千歳,10:00,120,9,1470000,30000,49,小規模運航,120,2100000,1,1,4,35,40,96.1611987
31日,日本,福岡,日本,新千歳,10:30,120,9,1410000,30000,47,小規模運航,120,2100000,1,1,4,35,40,95.437106
31日,日本,福岡,日本,新千歳,11:00,120,9,1290000,30000,43,小規模運航,120,2100000,1,1,4,35,40,82.2350164
31日,日本,福岡,日本,新千歳,11:30,120,9,1470000,30000,49,小規模運航,120,2100000,1,1,4,35,40,95.5031907
31日,日本,福岡,日本,新千歳,12:00,120,9,1470000,30000,49,小規模運航,120,2100000,1,1,4,35,40,98.530428
31日,日本,福岡,日本,新千歳,12:30,120,9,1410000,30000,47,小規模運航,120,2100000,1,1,4,35,40,93.9630655
31日,日本,福岡,日本,新千歳,13:00,120,9,1410000,30000,47,小規模運航,120,2100000,1,1,4,35,40,95.6842861
31日,日本,福岡,日本,新千歳,13:30,120,9,1320000,30000,44,小規模運航,120,2100000,1,1,4,35,40,82.6691369
31日,日本,福岡,日本,新千歳,14:00,120,9,1380000,30000,46,小規模運航,120,2100000,1,1,4,35,40,93.8779497
31日,日本,福岡,日本,新千歳,14:30,120,9,1500000,30000,50,小規模運航,120,2100000,1,1,4,35,40,84.7764189
31日,日本,福岡,日本,新千歳,15:00,120,9,1410000,30000,47,小規模運航,120,2100000,1,1,4,35,40,95.3252081
31日,日本,福岡,日本,新千歳,15:30,120,9,1500000,30000,50,小規模運航,120,2100000,1,1,4,35,40,92.9986393
31日,日本,福岡,日本,新千歳,16:00,120,9,1410000,30000,47,小規模運航,120,2100000,1,1,4,35,40,95.3128312
31日,日本,福岡,日本,新千歳,16:30,120,9,1410000,30000,47,小規模運航,120,2100000,1,1,4,35,40,97.4762387
31日,日本,福岡,日本,新千歳,17:00,120,9,1530000,30000,51,小規模運航,120,2100000,1,1,4,35,40,94.5500495
31日,日本,福岡,日本,新千歳,17:30,120,9,1590000,30000,53,小規模運航,120,2100000,1,1,4,35,40,98.4718696
31日,日本,福岡,日本,新千歳,18:00,120,9,1680000,30000,56,小規模運航,120,2100000,1,1,4,35,40,87.7315207
31日,日本,福岡,日本,新千歳,18:30,120,9,1770000,30000,59,小規模運航,120,2100000,1,1,4,35,40,75.7060292
31日,日本,福岡,日本,新千歳,19:00,120,9,1710000,30000,57,小規模運航,120,2100000,1,1,4,35,40,96.7854587
31日,日本,福岡,日本,新千歳,19:30,120,9,1620000,30000,54,小規模運航,120,2100000,1,1,4,35,40,96.9443135
31日,日本,福岡,日本,新千歳,20:00,120,9,1290000,30000,43,小規模運航,120,2100000,1,1,4,35,40,95.6758163
31日,日本,福岡,日本,新千歳,20:30,120,9,1500000,30000,50,小規模運航,120,2100000,1,1,4,35,40,84.2079586
31日,日本,福岡,日本,新千歳,21:00,120,9,1410000,30000,47,小規模運航,120,2100000,1,1,4,35,40,83.8312484
31日,日本,福岡,日本,新千歳,21:30,120,9,1410000,30000,47,小規模運航,120,2100000,1,1,4,35,40,96.6736463
31日,日本,福岡,日本,新千歳,22:00,120,9,1230000,30000,41,小規模運航,120,2100000,1,1,4,35,40,97.6636145
31日,日本,福岡,日本,新千歳,22:30,120,9,1110000,30000,37,小規模運航,120,2100000,1,1,4,35,40,82.9244508
1日,日本,福岡,日本,羽田,07:00,60,8,1140000,30000,38,小規模運航,120,2100000,1,1,4,35,40,88.2366732
1日,日本,福岡,日本,羽田,07:30,60,8,1080000,30000,36,小規模運航,120,2100000,1,1,4,35,40,76.2008168
1日,日本,福岡,日本,羽田,08:00,60,8,1770000,30000,59,小規模運航,120,2100000,1,1,4,35,40,97.7967791
1日,日本,福岡,日本,羽田,08:30,60,8,1770000,30000,59,小規模運航,120,2100000,1,1,4,35,40,90.9039296
1日,日本,福岡,日本,羽田,09:00,60,8,1770000,30000,59,小規模運航,120,2100000,1,1,4,35,40,98.6527882
1日,日本,福岡,日本,羽田,09:30,60,8,1770000,30000,59,小規模運航,120,2100000,1,1,4,35,40,96.4477095
1日,日本,福岡,日本,羽田,10:00,60,8,1500000,30000,50,小規模運航,120,2100000,1,1,4,35,40,85.9041388
1日,日本,福岡,日本,羽田,10:30,60,8,1380000,30000,46,小規模運航,120,2100000,1,1,4,35,40,98.1374072
1日,日本,福岡,日本,羽田,11:00,60,8,1320000,30000,44,小規模運航,120,2100000,1,1,4,35,40,87.2565553
1日,日本,福岡,日本,羽田,11:30,60,8,1380000,30000,46,小規模運航,120,2100000,1,1,4,35,40,78.7952107
1日,日本,福岡,日本,羽田,12:00,60,8,1410000,30000,47,小規模運航,120,2100000,1,1,4,35,40,98.4420169
1日,日本,福岡,日本,羽田,12:30,60,8,1380000,30000,46,小規模運航,120,2100000,1,1,4,35,40,94.2836838
1日,日本,福岡,日本,羽田,13:00,60,8,1320000,30000,44,小規模運航,120,2100000,1,1,4,35,40,82.4353466
1日,日本,福岡,日本,羽田,13:30,60,8,1470000,30000,49,小規模運航,120,2100000,1,1,4,35,40,82.0557306
1日,日本,福岡,日本,羽田,14:00,60,8,1440000,30000,48,小規模運航,120,2100000,1,1,4,35,40,97.8041245
1日,日本,福岡,日本,羽田,14:30,60,8,1410000,30000,47,小規模運航,120,2100000,1,1,4,35,40,87.326709
1日,日本,福岡,日本,羽田,15:00,60,8,1500000,30000,50,小規模運航,120,2100000,1,1,4,35,40,94.1784007
1日,日本,福岡,日本,羽田,15:30,60,8,1380000,30000,46,小規模運航,120,2100000,1,1,4,35,40,77.6173998
1日,日本,福岡,日本,羽田,16:00,60,8,1440000,30000,48,小規模運航,120,2100000,1,1,4,35,40,96.4467746
1日,日本,福岡,日本,羽田,16:30,60,8,1500000,30000,50,小規模運航,120,2100000,1,1,4,35,40,91.0064258
1日,日本,福岡,日本,羽田,17:00,60,8,1770000,30000,59,小規模運航,120,2100000,1,1,4,35,40,89.0326947
1日,日本,福岡,日本,羽田,17:30,60,8,1770000,30000,59,小規模運航,120,2100000,1,1,4,35,40,96.0230068
1日,日本,福岡,日本,羽田,18:00,60,8,1770000,30000,59,小規模運航,120,2100000,1,1,4,35,40,98.6072393
1日,日本,福岡,日本,羽田,18:30,60,8,1770000,30000,59,小規模運航,120,2100000,1,1,4,35,40,94.8123299
1日,日本,福岡,日本,羽田,19:00,60,8,1770000,30000,59,小規模運航,120,2100000,1,1,4,35,40,83.1000399
1日,日本,福岡,日本,羽田,19:30,60,8,1620000,30000,54,小規模運航,120,2100000,1,1,4,35,40,88.4777215
1日,日本,福岡,日本,羽田,20:00,60,8,1260000,30000,42,小規模運航,120,2100000,1,1,4,35,40,96.6989839
1日,日本,福岡,日本,羽田,20:30,60,8,1380000,30000,46,小規模運航,120,2100000,1,1,4,35,40,97.5538564
1日,日本,福岡,日本,羽田,21:00,60,8,1470000,30000,49,小規模運航,120,2100000,1,1,4,35,40,97.8506414
1日,日本,福岡,日本,羽田,21:30,60,8,1500000,30000,50,小規模運航,120,2100000,1,1,4,35,40,95.4013616
1日,日本,福岡,日本,羽田,22:00,60,8,1140000,30000,38,小規模運航,120,2100000,1,1,4,35,40,76.5648971
1日,日本,福岡,日本,羽田,22:30,60,8,990000,30000,33,小規模運航,120,2100000,1,1,4,35,40,94.4864073
2日,日本,福岡,日本,羽田,07:00,60,8,1200000,30000,40,小規模運航,120,2100000,1,1,4,35,40,86.8855627
2日,日本,福岡,日本,羽田,07:30,60,8,1170000,30000,39,小規模運航,120,2100000,1,1,4,35,40,85.5121576
2日,日本,福岡,日本,羽田,08:00,60,8,1650000,30000,55,小規模運航,120,2100000,1,1,4,35,40,97.0253358
2日,日本,福岡,日本,羽田,08:30,60,8,1770000,30000,59,小規模運航,120,2100000,1,1,4,35,40,90.9039296
2日,日本,福岡,日本,羽田,09:00,60,8,1740000,30000,58,小規模運航,120,2100000,1,1,4,35,40,97.6151835
2日,日本,福岡,日本,羽田,09:30,60,8,1770000,30000,59,小規模運航,120,2100000,1,1,4,35,40,96.4477095
2日,日本,福岡,日本,羽田,10:00,60,8,1410000,30000,47,小規模運航,120,2100000,1,1,4,35,40,77.8828718
2日,日本,福岡,日本,羽田,10:30,60,8,1410000,30000,47,小規模運航,120,2100000,1,1,4,35,40,94.1897519
2日,日本,福岡,日本,羽田,11:00,60,8,1380000,30000,46,小規模運航,120,2100000,1,1,4,35,40,87.4895715
2日,日本,福岡,日本,羽田,11:30,60,8,1410000,30000,47,小規模運航,120,2100000,1,1,4,35,40,98.3286887
2日,日本,福岡,日本,羽田,12:00,60,8,1380000,30000,46,小規模運航,120,2100000,1,1,4,35,40,97.6981784
2日,日本,福岡,日本,羽田,12:30,60,8,1470000,30000,49,小規模運航,120,2100000,1,1,4,35,40,98.2403732
2日,日本,福岡,日本,羽田,13:00,60,8,1440000,30000,48,小規模運航,120,2100000,1,1,4,35,40,77.9920477
2日,日本,福岡,日本,羽田,13:30,60,8,1290000,30000,43,小規模運航,120,2100000,1,1,4,35,40,97.9140882
2日,日本,福岡,日本,羽田,14:00,60,8,1440000,30000,48,小規模運航,120,2100000,1,1,4,35,40,97.8041245
2日,日本,福岡,日本,羽田,14:30,60,8,1440000,30000,48,小規模運航,120,2100000,1,1,4,35,40,93.5063731
2日,日本,福岡,日本,羽田,15:00,60,8,1260000,30000,42,小規模運航,120,2100000,1,1,4,35,40,92.8015843
2日,日本,福岡,日本,羽田,15:30,60,8,1410000,30000,47,小規模運航,120,2100000,1,1,4,35,40,83.1208484
2日,日本,福岡,日本,羽田,16:00,60,8,1440000,30000,48,小規模運航,120,2100000,1,1,4,35,40,96.4467746
2日,日本,福岡,日本,羽田,16:30,60,8,1290000,30000,43,小規模運航,120,2100000,1,1,4,35,40,98.3753342
2日,日本,福岡,日本,羽田,17:00,60,8,1590000,30000,53,小規模運航,120,2100000,1,1,4,35,40,90.3000987
2日,日本,福岡,日本,羽田,17:30,60,8,1770000,30000,59,小規模運航,120,2100000,1,1,4,35,40,96.0230068
2日,日本,福岡,日本,羽田,18:00,60,8,1590000,30000,53,小規模運航,120,2100000,1,1,4,35,40,88.6898516
2日,日本,福岡,日本,羽田,18:30,60,8,1590000,30000,53,小規模運航,120,2100000,1,1,4,35,40,98.5636594
2日,日本,福岡,日本,羽田,19:00,60,8,1770000,30000,59,小規模運航,120,2100000,1,1,4,35,40,83.1000399
2日,日本,福岡,日本,羽田,19:30,60,8,1740000,30000,58,小規模運航,120,2100000,1,1,4,35,40,79.1431777
2日,日本,福岡,日本,羽田,20:00,60,8,1440000,30000,48,小規模運航,120,2100000,1,1,4,35,40,95.9521475
2日,日本,福岡,日本,羽田,20:30,60,8,1470000,30000,49,小規模運航,120,2100000,1,1,4,35,40,84.3707331
2日,日本,福岡,日本,羽田,21:00,60,8,1410000,30000,47,小規模運航,120,2100000,1,1,4,35,40,77.91849
2日,日本,福岡,日本,羽田,21:30,60,8,1410000,30000,47,小規模運航,120,2100000,1,1,4,35,40,97.5458997
2日,日本,福岡,日本,羽田,22:00,60,8,1140000,30000,38,小規模運航,120,2100000,1,1,4,35,40,76.5648971
2日,日本,福岡,日本,羽田,22:30,60,8,1200000,30000,40,小規模運航,120,2100000,1,1,4,35,40,88.3929672
3日,日本,福岡,日本,羽田,07:00,60,8,1230000,30000,41,小規模運航,120,2100000,1,1,4,35,40,61.1945017
3日,日本,福岡,日本,羽田,07:30,60,8,1230000,30000,41,小規模運航,120,2100000,1,1,4,35,40,97.3872872
3日,日本,福岡,日本,羽田,08:00,60,8,1710000,30000,57,小規模運航,120,2100000,1,1,4,35,40,98.6412414
3日,日本,福岡,日本,羽田,08:30,60,8,1590000,30000,53,小規模運航,120,2100000,1,1,4,35,40,96.5577188
3日,日本,福岡,日本,羽田,09:00,60,8,1560000,30000,52,小規模運航,120,2100000,1,1,4,35,40,85.6242452
3日,日本,福岡,日本,羽田,09:30,60,8,1710000,30000,57,小規模運航,120,2100000,1,1,4,35,40,95.7061272
3日,日本,福岡,日本,羽田,10:00,60,8,1440000,30000,48,小規模運航,120,2100000,1,1,4,35,40,92.3461576
3日,日本,福岡,日本,羽田,10:30,60,8,1380000,30000,46,小規模運航,120,2100000,1,1,4,35,40,98.1374072
3日,日本,福岡,日本,羽田,11:00,60,8,1320000,30000,44,小規模運航,120,2100000,1,1,4,35,40,87.2565553
3日,日本,福岡,日本,羽田,11:30,60,8,1320000,30000,44,小規模運航,120,2100000,1,1,4,35,40,91.6996916
3日,日本,福岡,日本,羽田,12:00,60,8,1470000,30000,49,小規模運航,120,2100000,1,1,4,35,40,96.1912994
3日,日本,福岡,日本,羽田,12:30,60,8,1440000,30000,48,小規模運航,120,2100000,1,1,4,35,40,97.7117429
3日,日本,福岡,日本,羽田,13:00,60,8,1500000,30000,50,小規模運航,120,2100000,1,1,4,35,40,96.5095059
3日,日本,福岡,日本,羽田,13:30,60,8,1260000,30000,42,小規模運航,120,2100000,1,1,4,35,40,86.9193346
3日,日本,福岡,日本,羽田,14:00,60,8,1410000,30000,47,小規模運航,120,2100000,1,1,4,35,40,98.4264138
3日,日本,福岡,日本,羽田,14:30,60,8,1350000,30000,45,小規模運航,120,2100000,1,1,4,35,40,79.9734635
3日,日本,福岡,日本,羽田,15:00,60,8,1410000,30000,47,小規模運航,120,2100000,1,1,4,35,40,86.2249744
3日,日本,福岡,日本,羽田,15:30,60,8,1260000,30000,42,小規模運航,120,2100000,1,1,4,35,40,97.9623832
3日,日本,福岡,日本,羽田,16:00,60,8,1380000,30000,46,小規模運航,120,2100000,1,1,4,35,40,80.9846473
3日,日本,福岡,日本,羽田,16:30,60,8,1500000,30000,50,小規模運航,120,2100000,1,1,4,35,40,91.0064258
3日,日本,福岡,日本,羽田,17:00,60,8,1650000,30000,55,小規模運航,120,2100000,1,1,4,35,40,87.1081223
3日,日本,福岡,日本,羽田,17:30,60,8,1740000,30000,58,小規模運航,120,2100000,1,1,4,35,40,92.2173983
3日,日本,福岡,日本,羽田,18:00,60,8,1770000,30000,59,小規模運航,120,2100000,1,1,4,35,40,98.6072393
3日,日本,福岡,日本,羽田,18:30,60,8,1680000,30000,56,小規模運航,120,2100000,1,1,4,35,40,94.8061541
3日,日本,福岡,日本,羽田,19:00,60,8,1590000,30000,53,小規模運航,120,2100000,1,1,4,35,40,94.9977221
3日,日本,福岡,日本,羽田,19:30,60,8,1710000,30000,57,小規模運航,120,2100000,1,1,4,35,40,99.2563349
3日,日本,福岡,日本,羽田,20:00,60,8,1500000,30000,50,小規模運航,120,2100000,1,1,4,35,40,87.2639389
3日,日本,福岡,日本,羽田,20:30,60,8,1350000,30000,45,小規模運航,120,2100000,1,1,4,35,40,97.3984385
3日,日本,福岡,日本,羽田,21:00,60,8,1320000,30000,44,小規模運航,120,2100000,1,1,4,35,40,95.5729861
3日,日本,福岡,日本,羽田,21:30,60,8,1290000,30000,43,小規模運航,120,2100000,1,1,4,35,40,94.8859555
3日,日本,福岡,日本,羽田,22:00,60,8,1140000,30000,38,小規模運航,120,2100000,1,1,4,35,40,76.5648971
3日,日本,福岡,日本,羽田,22:30,60,8,1140000,30000,38,小規模運航,120,2100000,1,1,4,35,40,97.9592685
4日,日本,福岡,日本,羽田,07:00,60,8,1230000,30000,41,小規模運航,120,2100000,1,1,4,35,40,61.1945017
4日,日本,福岡,日本,羽田,07:30,60,8,1140000,30000,38,小規模運航,120,2100000,1,1,4,35,40,94.2788047
4日,日本,福岡,日本,羽田,08:00,60,8,1740000,30000,58,小規模運航,120,2100000,1,1,4,35,40,94.5580776
4日,日本,福岡,日本,羽田,08:30,60,8,1770000,30000,59,小規模運航,120,2100000,1,1,4,35,40,90.9039296
4日,日本,福岡,日本,羽田,09:00,60,8,1740000,30000,58,小規模運航,120,2100000,1,1,4,35,40,97.6151835
4日,日本,福岡,日本,羽田,09:30,60,8,1680000,30000,56,小規模運航,120,2100000,1,1,4,35,40,96.3403813
4日,日本,福岡,日本,羽田,10:00,60,8,1290000,30000,43,小規模運航,120,2100000,1,1,4,35,40,83.4349004
4日,日本,福岡,日本,羽田,10:30,60,8,1260000,30000,42,小規模運航,120,2100000,1,1,4,35,40,76.599637
4日,日本,福岡,日本,羽田,11:00,60,8,1440000,30000,48,小規模運航,120,2100000,1,1,4,35,40,79.4829271
4日,日本,福岡,日本,羽田,11:30,60,8,1530000,30000,51,小規模運航,120,2100000,1,1,4,35,40,92.9788342
4日,日本,福岡,日本,羽田,12:00,60,8,1440000,30000,48,小規模運航,120,2100000,1,1,4,35,40,96.5989285
4日,日本,福岡,日本,羽田,12:30,60,8,1320000,30000,44,小規模運航,120,2100000,1,1,4,35,40,74.5524839
4日,日本,福岡,日本,羽田,13:00,60,8,1290000,30000,43,小規模運航,120,2100000,1,1,4,35,40,78.1740752
4日,日本,福岡,日本,羽田,13:30,60,8,1410000,30000,47,小規模運航,120,2100000,1,1,4,35,40,97.6049044
4日,日本,福岡,日本,羽田,14:00,60,8,1410000,30000,47,小規模運航,120,2100000,1,1,4,35,40,98.4264138
4日,日本,福岡,日本,羽田,14:30,60,8,1410000,30000,47,小規模運航,120,2100000,1,1,4,35,40,87.326709
4日,日本,福岡,日本,羽田,15:00,60,8,1500000,30000,50,小規模運航,120,2100000,1,1,4,35,40,94.1784007
4日,日本,福岡,日本,羽田,15:30,60,8,1320000,30000,44,小規模運航,120,2100000,1,1,4,35,40,94.8658019
4日,日本,福岡,日本,羽田,16:00,60,8,1440000,30000,48,小規模運航,120,2100000,1,1,4,35,40,96.4467746
4日,日本,福岡,日本,羽田,16:30,60,8,1440000,30000,48,小規模運航,120,2100000,1,1,4,35,40,84.1744261
4日,日本,福岡,日本,羽田,17:00,60,8,1740000,30000,58,小規模運航,120,2100000,1,1,4,35,40,96.7609575
4日,日本,福岡,日本,羽田,17:30,60,8,1770000,30000,59,小規模運航,120,2100000,1,1,4,35,40,96.0230068
4日,日本,福岡,日本,羽田,18:00,60,8,1590000,30000,53,小規模運航,120,2100000,1,1,4,35,40,88.6898516
4日,日本,福岡,日本,羽田,18:30,60,8,1620000,30000,54,小規模運航,120,2100000,1,1,4,35,40,94.6359019
4日,日本,福岡,日本,羽田,19:00,60,8,1590000,30000,53,小規模運航,120,2100000,1,1,4,35,40,94.9977221
4日,日本,福岡,日本,羽田,19:30,60,8,1770000,30000,59,小規模運航,120,2100000,1,1,4,35,40,95.2929551
4日,日本,福岡,日本,羽田,20:00,60,8,1410000,30000,47,小規模運航,120,2100000,1,1,4,35,40,96.5498009
4日,日本,福岡,日本,羽田,20:30,60,8,1350000,30000,45,小規模運航,120,2100000,1,1,4,35,40,97.3984385
4日,日本,福岡,日本,羽田,21:00,60,8,1290000,30000,43,小規模運航,120,2100000,1,1,4,35,40,98.2583191
4日,日本,福岡,日本,羽田,21:30,60,8,1500000,30000,50,小規模運航,120,2100000,1,1,4,35,40,95.4013616
4日,日本,福岡,日本,羽田,22:00,60,8,1200000,30000,40,小規模運航,120,2100000,1,1,4,35,40,76.584196
4日,日本,福岡,日本,羽田,22:30,60,8,1020000,30000,34,小規模運航,120,2100000,1,1,4,35,40,91.3537542
5日,日本,福岡,日本,羽田,07:00,60,8,1230000,30000,41,小規模運航,120,2100000,1,1,4,35,40,61.1945017
5日,日本,福岡,日本,羽田,07:30,60,8,1080000,30000,36,小規模運航,120,2100000,1,1,4,35,40,76.2008168
5日,日本,福岡,日本,羽田,08:00,60,8,1710000,30000,57,小規模運航,120,2100000,1,1,4,35,40,98.6412414
5日,日本,福岡,日本,羽田,08:30,60,8,1620000,30000,54,小規模運航,120,2100000,1,1,4,35,40,96.8233018
5日,日本,福岡,日本,羽田,09:00,60,8,1770000,30000,59,小規模運航,120,2100000,1,1,4,35,40,98.6527882
5日,日本,福岡,日本,羽田,09:30,60,8,1650000,30000,55,小規模運航,120,2100000,1,1,4,35,40,96.0604367
5日,日本,福岡,日本,羽田,10:00,60,8,1320000,30000,44,小規模運航,120,2100000,1,1,4,35,40,97.818815
5日,日本,福岡,日本,羽田,10:30,60,8,1410000,30000,47,小規模運航,120,2100000,1,1,4,35,40,94.1897519
5日,日本,福岡,日本,羽田,11:00,60,8,1290000,30000,43,小規模運航,120,2100000,1,1,4,35,40,93.633324
5日,日本,福岡,日本,羽田,11:30,60,8,1350000,30000,45,小規模運航,120,2100000,1,1,4,35,40,95.9695779
5日,日本,福岡,日本,羽田,12:00,60,8,1500000,30000,50,小規模運航,120,2100000,1,1,4,35,40,94.5402165
5日,日本,福岡,日本,羽田,12:30,60,8,1410000,30000,47,小規模運航,120,2100000,1,1,4,35,40,89.5665815
5日,日本,福岡,日本,羽田,13:00,60,8,1320000,30000,44,小規模運航,120,2100000,1,1,4,35,40,82.4353466
5日,日本,福岡,日本,羽田,13:30,60,8,1410000,30000,47,小規模運航,120,2100000,1,1,4,35,40,97.6049044
5日,日本,福岡,日本,羽田,14:00,60,8,1320000,30000,44,小規模運航,120,2100000,1,1,4,35,40,97.980146
5日,日本,福岡,日本,羽田,14:30,60,8,1500000,30000,50,小規模運航,120,2100000,1,1,4,35,40,83.2072892
5日,日本,福岡,日本,羽田,15:00,60,8,1410000,30000,47,小規模運航,120,2100000,1,1,4,35,40,86.2249744
5日,日本,福岡,日本,羽田,15:30,60,8,1320000,30000,44,小規模運航,120,2100000,1,1,4,35,40,94.8658019
5日,日本,福岡,日本,羽田,16:00,60,8,1350000,30000,45,小規模運航,120,2100000,1,1,4,35,40,79.8856707
5日,日本,福岡,日本,羽田,16:30,60,8,1410000,30000,47,小規模運航,120,2100000,1,1,4,35,40,93.4527751
5日,日本,福岡,日本,羽田,17:00,60,8,1710000,30000,57,小規模運航,120,2100000,1,1,4,35,40,94.8647819
5日,日本,福岡,日本,羽田,17:30,60,8,1620000,30000,54,小規模運航,120,2100000,1,1,4,35,40,87.1695923
5日,日本,福岡,日本,羽田,18:00,60,8,1710000,30000,57,小規模運航,120,2100000,1,1,4,35,40,96.1844472
5日,日本,福岡,日本,羽田,18:30,60,8,1770000,30000,59,小規模運航,120,2100000,1,1,4,35,40,94.8123299
5日,日本,福岡,日本,羽田,19:00,60,8,1560000,30000,52,小規模運航,120,2100000,1,1,4,35,40,89.0531984
5日,日本,福岡,日本,羽田,19:30,60,8,1800000,30000,60,小規模運航,120,2100000,1,1,4,35,40,97.2590557
5日,日本,福岡,日本,羽田,20:00,60,8,1290000,30000,43,小規模運航,120,2100000,1,1,4,35,40,93.86767
5日,日本,福岡,日本,羽田,20:30,60,8,1350000,30000,45,小規模運航,120,2100000,1,1,4,35,40,97.3984385
5日,日本,福岡,日本,羽田,21:00,60,8,1500000,30000,50,小規模運航,120,2100000,1,1,4,35,40,92.394002
5日,日本,福岡,日本,羽田,21:30,60,8,1350000,30000,45,小規模運航,120,2100000,1,1,4,35,40,85.1930521
5日,日本,福岡,日本,羽田,22:00,60,8,1050000,30000,35,小規模運航,120,2100000,1,1,4,35,40,97.5329414
5日,日本,福岡,日本,羽田,22:30,60,8,1020000,30000,34,小規模運航,120,2100000,1,1,4,35,40,91.3537542
6日,日本,福岡,日本,羽田,07:00,60,8,1140000,30000,38,小規模運航,120,2100000,1,1,4,35,40,88.2366732
6日,日本,福岡,日本,羽田,07:30,60,8,1050000,30000,35,小規模運航,120,2100000,1,1,4,35,40,85.0295063
6日,日本,福岡,日本,羽田,08:00,60,8,1620000,30000,54,小規模運航,120,2100000,1,1,4,35,40,97.3047813
6日,日本,福岡,日本,羽田,08:30,60,8,1560000,30000,52,小規模運航,120,2100000,1,1,4,35,40,98.5047226
6日,日本,福岡,日本,羽田,09:00,60,8,1680000,30000,56,小規模運航,120,2100000,1,1,4,35,40,94.8973896
6日,日本,福岡,日本,羽田,09:30,60,8,1560000,30000,52,小規模運航,120,2100000,1,1,4,35,40,93.9098772
6日,日本,福岡,日本,羽田,10:00,60,8,1260000,30000,42,小規模運航,120,2100000,1,1,4,35,40,96.0562152
6日,日本,福岡,日本,羽田,10:30,60,8,1290000,30000,43,小規模運航,120,2100000,1,1,4,35,40,93.0222933
6日,日本,福岡,日本,羽田,11:00,60,8,1410000,30000,47,小規模運航,120,2100000,1,1,4,35,40,97.9927135
6日,日本,福岡,日本,羽田,11:30,60,8,1380000,30000,46,小規模運航,120,2100000,1,1,4,35,40,78.7952107
6日,日本,福岡,日本,羽田,12:00,60,8,1320000,30000,44,小規模運航,120,2100000,1,1,4,35,40,94.3453158
6日,日本,福岡,日本,羽田,12:30,60,8,1470000,30000,49,小規模運航,120,2100000,1,1,4,35,40,98.2403732
6日,日本,福岡,日本,羽田,13:00,60,8,1500000,30000,50,小規模運航,120,2100000,1,1,4,35,40,96.5095059
6日,日本,福岡,日本,羽田,13:30,60,8,1440000,30000,48,小規模運航,120,2100000,1,1,4,35,40,93.1736136
6日,日本,福岡,日本,羽田,14:00,60,8,1470000,30000,49,小規模運航,120,2100000,1,1,4,35,40,81.6905401
6日,日本,福岡,日本,羽田,14:30,60,8,1320000,30000,44,小規模運航,120,2100000,1,1,4,35,40,95.343819
6日,日本,福岡,日本,羽田,15:00,60,8,1320000,30000,44,小規模運航,120,2100000,1,1,4,35,40,92.9020089
6日,日本,福岡,日本,羽田,15:30,60,8,1440000,30000,48,小規模運航,120,2100000,1,1,4,35,40,95.7968693
6日,日本,福岡,日本,羽田,16:00,60,8,1500000,30000,50,小規模運航,120,2100000,1,1,4,35,40,92.6962404
6日,日本,福岡,日本,羽田,16:30,60,8,1440000,30000,48,小規模運航,120,2100000,1,1,4,35,40,84.1744261
6日,日本,福岡,日本,羽田,17:00,60,8,1710000,30000,57,小規模運航,120,2100000,1,1,4,35,40,94.8647819
6日,日本,福岡,日本,羽田,17:30,60,8,1650000,30000,55,小規模運航,120,2100000,1,1,4,35,40,92.6407994
6日,日本,福岡,日本,羽田,18:00,60,8,1590000,30000,53,小規模運航,120,2100000,1,1,4,35,40,88.6898516
6日,日本,福岡,日本,羽田,18:30,60,8,1530000,30000,51,小規模運航,120,2100000,1,1,4,35,40,96.0158719
6日,日本,福岡,日本,羽田,19:00,60,8,1680000,30000,56,小規模運航,120,2100000,1,1,4,35,40,91.2151514
6日,日本,福岡,日本,羽田,19:30,60,8,1680000,30000,56,小規模運航,120,2100000,1,1,4,35,40,90.3219459
6日,日本,福岡,日本,羽田,20:00,60,8,1410000,30000,47,小規模運航,120,2100000,1,1,4,35,40,96.5498009
6日,日本,福岡,日本,羽田,20:30,60,8,1320000,30000,44,小規模運航,120,2100000,1,1,4,35,40,95.1058374
6日,日本,福岡,日本,羽田,21:00,60,8,1500000,30000,50,小規模運航,120,2100000,1,1,4,35,40,92.394002
6日,日本,福岡,日本,羽田,21:30,60,8,1260000,30000,42,小規模運航,120,2100000,1,1,4,35,40,82.4018254
6日,日本,福岡,日本,羽田,22:00,60,8,1200000,30000,40,小規模運航,120,2100000,1,1,4,35,40,76.584196
6日,日本,福岡,日本,羽田,22:30,60,8,1230000,30000,41,小規模運航,120,2100000,1,1,4,35,40,97.9258236
7日,日本,福岡,日本,羽田,07:00,60,8,1200000,30000,40,小規模運航,120,2100000,1,1,4,35,40,86.8855627
7日,日本,福岡,日本,羽田,07:30,60,8,1110000,30000,37,小規模運航,120,2100000,1,1,4,35,40,95.030308
7日,日本,福岡,日本,羽田,08:00,60,8,1770000,30000,59,小規模運航,120,2100000,1,1,4,35,40,97.7967791
7日,日本,福岡,日本,羽田,08:30,60,8,1590000,30000,53,小規模運航,120,2100000,1,1,4,35,40,96.5577188
7日,日本,福岡,日本,羽田,09:00,60,8,1560000,30000,52,小規模運航,120,2100000,1,1,4,35,40,85.6242452
7日,日本,福岡,日本,羽田,09:30,60,8,1770000,30000,59,小規模運航,120,2100000,1,1,4,35,40,96.4477095
7日,日本,福岡,日本,羽田,10:00,60,8,1410000,30000,47,小規模運航,120,2100000,1,1,4,35,40,77.8828718
7日,日本,福岡,日本,羽田,10:30,60,8,1440000,30000,48,小規模運航,120,2100000,1,1,4,35,40,94.9156359
7日,日本,福岡,日本,羽田,11:00,60,8,1530000,30000,51,小規模運航,120,2100000,1,1,4,35,40,98.9552254
7日,日本,福岡,日本,羽田,11:30,60,8,1440000,30000,48,小規模運航,120,2100000,1,1,4,35,40,94.9284824
7日,日本,福岡,日本,羽田,12:00,60,8,1260000,30000,42,小規模運航,120,2100000,1,1,4,35,40,96.5954257
7日,日本,福岡,日本,羽田,12:30,60,8,1500000,30000,50,小規模運航,120,2100000,1,1,4,35,40,94.1393483
7日,日本,福岡,日本,羽田,13:00,60,8,1410000,30000,47,小規模運航,120,2100000,1,1,4,35,40,81.6411556
7日,日本,福岡,日本,羽田,13:30,60,8,1470000,30000,49,小規模運航,120,2100000,1,1,4,35,40,82.0557306
7日,日本,福岡,日本,羽田,14:00,60,8,1320000,30000,44,小規模運航,120,2100000,1,1,4,35,40,97.980146
7日,日本,福岡,日本,羽田,14:30,60,8,1320000,30000,44,小規模運航,120,2100000,1,1,4,35,40,95.343819
7日,日本,福岡,日本,羽田,15:00,60,8,1530000,30000,51,小規模運航,120,2100000,1,1,4,35,40,81.8771217
7日,日本,福岡,日本,羽田,15:30,60,8,1290000,30000,43,小規模運航,120,2100000,1,1,4,35,40,98.0396829
7日,日本,福岡,日本,羽田,16:00,60,8,1320000,30000,44,小規模運航,120,2100000,1,1,4,35,40,97.9328709
7日,日本,福岡,日本,羽田,16:30,60,8,1380000,30000,46,小規模運航,120,2100000,1,1,4,35,40,94.3952691
7日,日本,福岡,日本,羽田,17:00,60,8,1590000,30000,53,小規模運航,120,2100000,1,1,4,35,40,90.3000987
7日,日本,福岡,日本,羽田,17:30,60,8,1680000,30000,56,小規模運航,120,2100000,1,1,4,35,40,88.3504633
7日,日本,福岡,日本,羽田,18:00,60,8,1680000,30000,56,小規模運航,120,2100000,1,1,4,35,40,98.4777539
7日,日本,福岡,日本,羽田,18:30,60,8,1560000,30000,52,小規模運航,120,2100000,1,1,4,35,40,89.7859544
7日,日本,福岡,日本,羽田,19:00,60,8,1680000,30000,56,小規模運航,120,2100000,1,1,4,35,40,91.2151514
7日,日本,福岡,日本,羽田,19:30,60,8,1560000,30000,52,小規模運航,120,2100000,1,1,4,35,40,98.0417827
7日,日本,福岡,日本,羽田,20:00,60,8,1410000,30000,47,小規模運航,120,2100000,1,1,4,35,40,96.5498009
7日,日本,福岡,日本,羽田,20:30,60,8,1350000,30000,45,小規模運航,120,2100000,1,1,4,35,40,97.3984385
7日,日本,福岡,日本,羽田,21:00,60,8,1440000,30000,48,小規模運航,120,2100000,1,1,4,35,40,84.3066624
7日,日本,福岡,日本,羽田,21:30,60,8,1440000,30000,48,小規模運航,120,2100000,1,1,4,35,40,90.3937051
7日,日本,福岡,日本,羽田,22:00,60,8,1080000,30000,36,小規模運航,120,2100000,1,1,4,35,40,67.6569142
7日,日本,福岡,日本,羽田,22:30,60,8,1110000,30000,37,小規模運航,120,2100000,1,1,4,35,40,82.0069626
8日,日本,福岡,日本,羽田,07:00,60,8,1020000,30000,34,小規模運航,120,2100000,1,1,4,35,40,82.9248728
8日,日本,福岡,日本,羽田,07:30,60,8,1020000,30000,34,小規模運航,120,2100000,1,1,4,35,40,82.5170872
8日,日本,福岡,日本,羽田,08:00,60,8,1590000,30000,53,小規模運航,120,2100000,1,1,4,35,40,96.5173961
8日,日本,福岡,日本,羽田,08:30,60,8,1650000,30000,55,小規模運航,120,2100000,1,1,4,35,40,95.9412259
8日,日本,福岡,日本,羽田,09:00,60,8,1530000,30000,51,小規模運航,120,2100000,1,1,4,35,40,78.5037167
8日,日本,福岡,日本,羽田,09:30,60,8,1740000,30000,58,小規模運航,120,2100000,1,1,4,35,40,99.1151781
8日,日本,福岡,日本,羽田,10:00,60,8,1290000,30000,43,小規模運航,120,2100000,1,1,4,35,40,83.4349004
8日,日本,福岡,日本,羽田,10:30,60,8,1350000,30000,45,小規模運航,120,2100000,1,1,4,35,40,97.5983943
8日,日本,福岡,日本,羽田,11:00,60,8,1410000,30000,47,小規模運航,120,2100000,1,1,4,35,40,97.9927135
8日,日本,福岡,日本,羽田,11:30,60,8,1470000,30000,49,小規模運航,120,2100000,1,1,4,35,40,73.0610583
8日,日本,福岡,日本,羽田,12:00,60,8,1530000,30000,51,小規模運航,120,2100000,1,1,4,35,40,95.7333184
8日,日本,福岡,日本,羽田,12:30,60,8,1290000,30000,43,小規模運航,120,2100000,1,1,4,35,40,97.4074467
8日,日本,福岡,日本,羽田,13:00,60,8,1470000,30000,49,小規模運航,120,2100000,1,1,4,35,40,94.3294148
8日,日本,福岡,日本,羽田,13:30,60,8,1380000,30000,46,小規模運航,120,2100000,1,1,4,35,40,97.4311505
8日,日本,福岡,日本,羽田,14:00,60,8,1410000,30000,47,小規模運航,120,2100000,1,1,4,35,40,98.4264138
8日,日本,福岡,日本,羽田,14:30,60,8,1500000,30000,50,小規模運航,120,2100000,1,1,4,35,40,83.2072892
8日,日本,福岡,日本,羽田,15:00,60,8,1350000,30000,45,小規模運航,120,2100000,1,1,4,35,40,84.3072656
8日,日本,福岡,日本,羽田,15:30,60,8,1410000,30000,47,小規模運航,120,2100000,1,1,4,35,40,83.1208484
8日,日本,福岡,日本,羽田,16:00,60,8,1410000,30000,47,小規模運航,120,2100000,1,1,4,35,40,82.1706152
8日,日本,福岡,日本,羽田,16:30,60,8,1500000,30000,50,小規模運航,120,2100000,1,1,4,35,40,91.0064258
8日,日本,福岡,日本,羽田,17:00,60,8,1590000,30000,53,小規模運航,120,2100000,1,1,4,35,40,90.3000987
8日,日本,福岡,日本,羽田,17:30,60,8,1770000,30000,59,小規模運航,120,2100000,1,1,4,35,40,96.0230068
8日,日本,福岡,日本,羽田,18:00,60,8,1560000,30000,52,小規模運航,120,2100000,1,1,4,35,40,96.1846942
8日,日本,福岡,日本,羽田,18:30,60,8,1560000,30000,52,小規模運航,120,2100000,1,1,4,35,40,89.7859544
8日,日本,福岡,日本,羽田,19:00,60,8,1710000,30000,57,小規模運航,120,2100000,1,1,4,35,40,98.1289305
8日,日本,福岡,日本,羽田,19:30,60,8,1800000,30000,60,小規模運航,120,2100000,1,1,4,35,40,97.2590557
8日,日本,福岡,日本,羽田,20:00,60,8,1260000,30000,42,小規模運航,120,2100000,1,1,4,35,40,96.6989839
8日,日本,福岡,日本,羽田,20:30,60,8,1320000,30000,44,小規模運航,120,2100000,1,1,4,35,40,95.1058374
8日,日本,福岡,日本,羽田,21:00,60,8,1410000,30000,47,小規模運航,120,2100000,1,1,4,35,40,77.91849
8日,日本,福岡,日本,羽田,21:30,60,8,1260000,30000,42,小規模運航,120,2100000,1,1,4,35,40,82.4018254
8日,日本,福岡,日本,羽田,22:00,60,8,1260000,30000,42,小規模運航,120,2100000,1,1,4,35,40,93.3788714
8日,日本,福岡,日本,羽田,22:30,60,8,1110000,30000,37,小規模運航,120,2100000,1,1,4,35,40,82.0069626
9日,日本,福岡,日本,羽田,07:00,60,8,1170000,30000,39,小規模運航,120,2100000,1,1,4,35,40,84.923777
9日,日本,福岡,日本,羽田,07:30,60,8,1200000,30000,40,小規模運航,120,2100000,1,1,4,35,40,91.5824813
9日,日本,福岡,日本,羽田,08:00,60,8,1770000,30000,59,小規模運航,120,2100000,1,1,4,35,40,97.7967791
9日,日本,福岡,日本,羽田,08:30,60,8,1620000,30000,54,小規模運航,120,2100000,1,1,4,35,40,96.8233018
9日,日本,福岡,日本,羽田,09:00,60,8,1590000,30000,53,小規模運航,120,2100000,1,1,4,35,40,96.1784253
9日,日本,福岡,日本,羽田,09:30,60,8,1770000,30000,59,小規模運航,120,2100000,1,1,4,35,40,96.4477095
9日,日本,福岡,日本,羽田,10:00,60,8,1410000,30000,47,小規模運航,120,2100000,1,1,4,35,40,77.8828718
9日,日本,福岡,日本,羽田,10:30,60,8,1500000,30000,50,小規模運航,120,2100000,1,1,4,35,40,91.3151479
9日,日本,福岡,日本,羽田,11:00,60,8,1320000,30000,44,小規模運航,120,2100000,1,1,4,35,40,87.2565553
9日,日本,福岡,日本,羽田,11:30,60,8,1410000,30000,47,小規模運航,120,2100000,1,1,4,35,40,98.3286887
9日,日本,福岡,日本,羽田,12:00,60,8,1530000,30000,51,小規模運航,120,2100000,1,1,4,35,40,95.7333184
9日,日本,福岡,日本,羽田,12:30,60,8,1500000,30000,50,小規模運航,120,2100000,1,1,4,35,40,94.1393483
9日,日本,福岡,日本,羽田,13:00,60,8,1470000,30000,49,小規模運航,120,2100000,1,1,4,35,40,94.3294148
9日,日本,福岡,日本,羽田,13:30,60,8,1320000,30000,44,小規模運航,120,2100000,1,1,4,35,40,91.0130249
9日,日本,福岡,日本,羽田,14:00,60,8,1410000,30000,47,小規模運航,120,2100000,1,1,4,35,40,98.4264138
9日,日本,福岡,日本,羽田,14:30,60,8,1290000,30000,43,小規模運航,120,2100000,1,1,4,35,40,93.173919
9日,日本,福岡,日本,羽田,15:00,60,8,1470000,30000,49,小規模運航,120,2100000,1,1,4,35,40,98.2356006
9日,日本,福岡,日本,羽田,15:30,60,8,1260000,30000,42,小規模運航,120,2100000,1,1,4,35,40,97.9623832
9日,日本,福岡,日本,羽田,16:00,60,8,1530000,30000,51,小規模運航,120,2100000,1,1,4,35,40,92.4676887
9日,日本,福岡,日本,羽田,16:30,60,8,1530000,30000,51,小規模運航,120,2100000,1,1,4,35,40,86.5785216
9日,日本,福岡,日本,羽田,17:00,60,8,1590000,30000,53,小規模運航,120,2100000,1,1,4,35,40,90.3000987
9日,日本,福岡,日本,羽田,17:30,60,8,1560000,30000,52,小規模運航,120,2100000,1,1,4,35,40,88.7420833
9日,日本,福岡,日本,羽田,18:00,60,8,1800000,30000,60,小規模運航,120,2100000,1,1,4,35,40,95.8532238
9日,日本,福岡,日本,羽田,18:30,60,8,1620000,30000,54,小規模運航,120,2100000,1,1,4,35,40,94.6359019
9日,日本,福岡,日本,羽田,19:00,60,8,1740000,30000,58,小規模運航,120,2100000,1,1,4,35,40,95.4042557
9日,日本,福岡,日本,羽田,19:30,60,8,1650000,30000,55,小規模運航,120,2100000,1,1,4,35,40,85.0339944
9日,日本,福岡,日本,羽田,20:00,60,8,1290000,30000,43,小規模運航,120,2100000,1,1,4,35,40,93.86767
9日,日本,福岡,日本,羽田,20:30,60,8,1530000,30000,51,小規模運航,120,2100000,1,1,4,35,40,83.240228
9日,日本,福岡,日本,羽田,21:00,60,8,1380000,30000,46,小規模運航,120,2100000,1,1,4,35,40,78.0672678
9日,日本,福岡,日本,羽田,21:30,60,8,1320000,30000,44,小規模運航,120,2100000,1,1,4,35,40,98.2024615
9日,日本,福岡,日本,羽田,22:00,60,8,1080000,30000,36,小規模運航,120,2100000,1,1,4,35,40,67.6569142
9日,日本,福岡,日本,羽田,22:30,60,8,1110000,30000,37,小規模運航,120,2100000,1,1,4,35,40,82.0069626
10日,日本,福岡,日本,羽田,07:00,60,8,1080000,30000,36,小規模運航,120,2100000,1,1,4,35,40,83.4592476
10日,日本,福岡,日本,羽田,07:30,60,8,1230000,30000,41,小規模運航,120,2100000,1,1,4,35,40,97.3872872
10日,日本,福岡,日本,羽田,08:00,60,8,1770000,30000,59,小規模運航,120,2100000,1,1,4,35,40,97.7967791
10日,日本,福岡,日本,羽田,08:30,60,8,1650000,30000,55,小規模運航,120,2100000,1,1,4,35,40,95.9412259
10日,日本,福岡,日本,羽田,09:00,60,8,1770000,30000,59,小規模運航,120,2100000,1,1,4,35,40,98.6527882
10日,日本,福岡,日本,羽田,09:30,60,8,1560000,30000,52,小規模運航,120,2100000,1,1,4,35,40,93.9098772
10日,日本,福岡,日本,羽田,10:00,60,8,1530000,30000,51,小規模運航,120,2100000,1,1,4,35,40,95.4541679
10日,日本,福岡,日本,羽田,10:30,60,8,1410000,30000,47,小規模運航,120,2100000,1,1,4,35,40,94.1897519
10日,日本,福岡,日本,羽田,11:00,60,8,1410000,30000,47,小規模運航,120,2100000,1,1,4,35,40,97.9927135
10日,日本,福岡,日本,羽田,11:30,60,8,1500000,30000,50,小規模運航,120,2100000,1,1,4,35,40,88.5413645
10日,日本,福岡,日本,羽田,12:00,60,8,1440000,30000,48,小規模運航,120,2100000,1,1,4,35,40,96.5989285
10日,日本,福岡,日本,羽田,12:30,60,8,1320000,30000,44,小規模運航,120,2100000,1,1,4,35,40,74.5524839
10日,日本,福岡,日本,羽田,13:00,60,8,1410000,30000,47,小規模運航,120,2100000,1,1,4,35,40,81.6411556
10日,日本,福岡,日本,羽田,13:30,60,8,1410000,30000,47,小規模運航,120,2100000,1,1,4,35,40,97.6049044
10日,日本,福岡,日本,羽田,14:00,60,8,1530000,30000,51,小規模運航,120,2100000,1,1,4,35,40,94.9488869
10日,日本,福岡,日本,羽田,14:30,60,8,1320000,30000,44,小規模運航,120,2100000,1,1,4,35,40,95.343819
10日,日本,福岡,日本,羽田,15:00,60,8,1500000,30000,50,小規模運航,120,2100000,1,1,4,35,40,94.1784007
10日,日本,福岡,日本,羽田,15:30,60,8,1500000,30000,50,小規模運航,120,2100000,1,1,4,35,40,87.4731903
10日,日本,福岡,日本,羽田,16:00,60,8,1350000,30000,45,小規模運航,120,2100000,1,1,4,35,40,79.8856707
10日,日本,福岡,日本,羽田,16:30,60,8,1320000,30000,44,小規模運航,120,2100000,1,1,4,35,40,96.7790507
10日,日本,福岡,日本,羽田,17:00,60,8,1710000,30000,57,小規模運航,120,2100000,1,1,4,35,40,94.8647819
10日,日本,福岡,日本,羽田,17:30,60,8,1650000,30000,55,小規模運航,120,2100000,1,1,4,35,40,92.6407994
10日,日本,福岡,日本,羽田,18:00,60,8,1530000,30000,51,小規模運航,120,2100000,1,1,4,35,40,97.7940276
10日,日本,福岡,日本,羽田,18:30,60,8,1770000,30000,59,小規模運航,120,2100000,1,1,4,35,40,94.8123299
10日,日本,福岡,日本,羽田,19:00,60,8,1590000,30000,53,小規模運航,120,2100000,1,1,4,35,40,94.9977221
10日,日本,福岡,日本,羽田,19:30,60,8,1770000,30000,59,小規模運航,120,2100000,1,1,4,35,40,95.2929551
10日,日本,福岡,日本,羽田,20:00,60,8,1500000,30000,50,小規模運航,120,2100000,1,1,4,35,40,87.2639389
10日,日本,福岡,日本,羽田,20:30,60,8,1440000,30000,48,小規模運航,120,2100000,1,1,4,35,40,93.5234613
10日,日本,福岡,日本,羽田,21:00,60,8,1410000,30000,47,小規模運航,120,2100000,1,1,4,35,40,77.91849
10日,日本,福岡,日本,羽田,21:30,60,8,1440000,30000,48,小規模運航,120,2100000,1,1,4,35,40,90.3937051
10日,日本,福岡,日本,羽田,22:00,60,8,1110000,30000,37,小規模運航,120,2100000,1,1,4,35,40,93.6196062
10日,日本,福岡,日本,羽田,22:30,60,8,1050000,30000,35,小規模運航,120,2100000,1,1,4,35,40,72.5624724
11日,日本,福岡,日本,羽田,07:00,60,8,1230000,30000,41,小規模運航,120,2100000,1,1,4,35,40,61.1945017
11日,日本,福岡,日本,羽田,07:30,60,8,1200000,30000,40,小規模運航,120,2100000,1,1,4,35,40,91.5824813
11日,日本,福岡,日本,羽田,08:00,60,8,1770000,30000,59,小規模運航,120,2100000,1,1,4,35,40,97.7967791
11日,日本,福岡,日本,羽田,08:30,60,8,1590000,30000,53,小規模運航,120,2100000,1,1,4,35,40,96.5577188
11日,日本,福岡,日本,羽田,09:00,60,8,1770000,30000,59,小規模運航,120,2100000,1,1,4,35,40,98.6527882
11日,日本,福岡,日本,羽田,09:30,60,8,1770000,30000,59,小規模運航,120,2100000,1,1,4,35,40,96.4477095
11日,日本,福岡,日本,羽田,10:00,60,8,1320000,30000,44,小規模運航,120,2100000,1,1,4,35,40,97.818815
11日,日本,福岡,日本,羽田,10:30,60,8,1470000,30000,49,小規模運航,120,2100000,1,1,4,35,40,91.1590364
11日,日本,福岡,日本,羽田,11:00,60,8,1410000,30000,47,小規模運航,120,2100000,1,1,4,35,40,97.9927135
11日,日本,福岡,日本,羽田,11:30,60,8,1410000,30000,47,小規模運航,120,2100000,1,1,4,35,40,98.3286887
11日,日本,福岡,日本,羽田,12:00,60,8,1290000,30000,43,小規模運航,120,2100000,1,1,4,35,40,85.8474048
11日,日本,福岡,日本,羽田,12:30,60,8,1260000,30000,42,小規模運航,120,2100000,1,1,4,35,40,89.4574799
11日,日本,福岡,日本,羽田,13:00,60,8,1410000,30000,47,小規模運航,120,2100000,1,1,4,35,40,81.6411556
11日,日本,福岡,日本,羽田,13:30,60,8,1410000,30000,47,小規模運航,120,2100000,1,1,4,35,40,97.6049044
11日,日本,福岡,日本,羽田,14:00,60,8,1350000,30000,45,小規模運航,120,2100000,1,1,4,35,40,93.9581584
11日,日本,福岡,日本,羽田,14:30,60,8,1320000,30000,44,小規模運航,120,2100000,1,1,4,35,40,95.343819
11日,日本,福岡,日本,羽田,15:00,60,8,1290000,30000,43,小規模運航,120,2100000,1,1,4,35,40,87.7712194
11日,日本,福岡,日本,羽田,15:30,60,8,1380000,30000,46,小規模運航,120,2100000,1,1,4,35,40,77.6173998
11日,日本,福岡,日本,羽田,16:00,60,8,1320000,30000,44,小規模運航,120,2100000,1,1,4,35,40,97.9328709
11日,日本,福岡,日本,羽田,16:30,60,8,1530000,30000,51,小規模運航,120,2100000,1,1,4,35,40,86.5785216
11日,日本,福岡,日本,羽田,17:00,60,8,1710000,30000,57,小規模運航,120,2100000,1,1,4,35,40,94.8647819
11日,日本,福岡,日本,羽田,17:30,60,8,1710000,30000,57,小規模運航,120,2100000,1,1,4,35,40,97.2538952
11日,日本,福岡,日本,羽田,18:00,60,8,1740000,30000,58,小規模運航,120,2100000,1,1,4,35,40,96.4205709
11日,日本,福岡,日本,羽田,18:30,60,8,1530000,30000,51,小規模運航,120,2100000,1,1,4,35,40,96.0158719
11日,日本,福岡,日本,羽田,19:00,60,8,1590000,30000,53,小規模運航,120,2100000,1,1,4,35,40,94.9977221
11日,日本,福岡,日本,羽田,19:30,60,8,1770000,30000,59,小規模運航,120,2100000,1,1,4,35,40,95.2929551
11日,日本,福岡,日本,羽田,20:00,60,8,1410000,30000,47,小規模運航,120,2100000,1,1,4,35,40,96.5498009
11日,日本,福岡,日本,羽田,20:30,60,8,1290000,30000,43,小規模運航,120,2100000,1,1,4,35,40,98.3602476
11日,日本,福岡,日本,羽田,21:00,60,8,1380000,30000,46,小規模運航,120,2100000,1,1,4,35,40,78.0672678
11日,日本,福岡,日本,羽田,21:30,60,8,1410000,30000,47,小規模運航,120,2100000,1,1,4,35,40,97.5458997
11日,日本,福岡,日本,羽田,22:00,60,8,1080000,30000,36,小規模運航,120,2100000,1,1,4,35,40,67.6569142
11日,日本,福岡,日本,羽田,22:30,60,8,1170000,30000,39,小規模運航,120,2100000,1,1,4,35,40,93.9980739
12日,日本,福岡,日本,羽田,07:00,60,8,1050000,30000,35,小規模運航,120,2100000,1,1,4,35,40,80.7264536
12日,日本,福岡,日本,羽田,07:30,60,8,1170000,30000,39,小規模運航,120,2100000,1,1,4,35,40,85.5121576
12日,日本,福岡,日本,羽田,08:00,60,8,1680000,30000,56,小規模運航,120,2100000,1,1,4,35,40,98.6134743
12日,日本,福岡,日本,羽田,08:30,60,8,1710000,30000,57,小規模運航,120,2100000,1,1,4,35,40,96.497723
12日,日本,福岡,日本,羽田,09:00,60,8,1680000,30000,56,小規模運航,120,2100000,1,1,4,35,40,94.8973896
12日,日本,福岡,日本,羽田,09:30,60,8,1770000,30000,59,小規模運航,120,2100000,1,1,4,35,40,96.4477095
12日,日本,福岡,日本,羽田,10:00,60,8,1440000,30000,48,小規模運航,120,2100000,1,1,4,35,40,92.3461576
12日,日本,福岡,日本,羽田,10:30,60,8,1290000,30000,43,小規模運航,120,2100000,1,1,4,35,40,93.0222933
12日,日本,福岡,日本,羽田,11:00,60,8,1500000,30000,50,小規模運航,120,2100000,1,1,4,35,40,94.394389
12日,日本,福岡,日本,羽田,11:30,60,8,1380000,30000,46,小規模運航,120,2100000,1,1,4,35,40,78.7952107
12日,日本,福岡,日本,羽田,12:00,60,8,1500000,30000,50,小規模運航,120,2100000,1,1,4,35,40,94.5402165
12日,日本,福岡,日本,羽田,12:30,60,8,1260000,30000,42,小規模運航,120,2100000,1,1,4,35,40,89.4574799
12日,日本,福岡,日本,羽田,13:00,60,8,1320000,30000,44,小規模運航,120,2100000,1,1,4,35,40,82.4353466
12日,日本,福岡,日本,羽田,13:30,60,8,1500000,30000,50,小規模運航,120,2100000,1,1,4,35,40,96.6576044
12日,日本,福岡,日本,羽田,14:00,60,8,1500000,30000,50,小規模運航,120,2100000,1,1,4,35,40,98.2170955
12日,日本,福岡,日本,羽田,14:30,60,8,1350000,30000,45,小規模運航,120,2100000,1,1,4,35,40,79.9734635
12日,日本,福岡,日本,羽田,15:00,60,8,1440000,30000,48,小規模運航,120,2100000,1,1,4,35,40,92.4836898
12日,日本,福岡,日本,羽田,15:30,60,8,1320000,30000,44,小規模運航,120,2100000,1,1,4,35,40,94.8658019
12日,日本,福岡,日本,羽田,16:00,60,8,1350000,30000,45,小規模運航,120,2100000,1,1,4,35,40,79.8856707
12日,日本,福岡,日本,羽田,16:30,60,8,1410000,30000,47,小規模運航,120,2100000,1,1,4,35,40,93.4527751
12日,日本,福岡,日本,羽田,17:00,60,8,1620000,30000,54,小規模運航,120,2100000,1,1,4,35,40,92.1936098
12日,日本,福岡,日本,羽田,17:30,60,8,1770000,30000,59,小規模運航,120,2100000,1,1,4,35,40,96.0230068
12日,日本,福岡,日本,羽田,18:00,60,8,1770000,30000,59,小規模運航,120,2100000,1,1,4,35,40,98.6072393
12日,日本,福岡,日本,羽田,18:30,60,8,1680000,30000,56,小規模運航,120,2100000,1,1,4,35,40,94.8061541
12日,日本,福岡,日本,羽田,19:00,60,8,1650000,30000,55,小規模運航,120,2100000,1,1,4,35,40,85.9111303
12日,日本,福岡,日本,羽田,19:30,60,8,1770000,30000,59,小規模運航,120,2100000,1,1,4,35,40,95.2929551
12日,日本,福岡,日本,羽田,20:00,60,8,1500000,30000,50,小規模運航,120,2100000,1,1,4,35,40,87.2639389
12日,日本,福岡,日本,羽田,20:30,60,8,1470000,30000,49,小規模運航,120,2100000,1,1,4,35,40,84.3707331
12日,日本,福岡,日本,羽田,21:00,60,8,1350000,30000,45,小規模運航,120,2100000,1,1,4,35,40,93.4716972
12日,日本,福岡,日本,羽田,21:30,60,8,1350000,30000,45,小規模運航,120,2100000,1,1,4,35,40,85.1930521
12日,日本,福岡,日本,羽田,22:00,60,8,1050000,30000,35,小規模運航,120,2100000,1,1,4,35,40,97.5329414
12日,日本,福岡,日本,羽田,22:30,60,8,1200000,30000,40,小規模運航,120,2100000,1,1,4,35,40,88.3929672
13日,日本,福岡,日本,羽田,07:00,60,8,1110000,30000,37,小規模運航,120,2100000,1,1,4,35,40,87.3326395
13日,日本,福岡,日本,羽田,07:30,60,8,990000,30000,33,小規模運航,120,2100000,1,1,4,35,40,94.8483614
13日,日本,福岡,日本,羽田,08:00,60,8,1770000,30000,59,小規模運航,120,2100000,1,1,4,35,40,97.7967791
13日,日本,福岡,日本,羽田,08:30,60,8,1740000,30000,58,小規模運航,120,2100000,1,1,4,35,40,97.3178719
13日,日本,福岡,日本,羽田,09:00,60,8,1800000,30000,60,小規模運航,120,2100000,1,1,4,35,40,97.2148908
13日,日本,福岡,日本,羽田,09:30,60,8,1770000,30000,59,小規模運航,120,2100000,1,1,4,35,40,96.4477095
13日,日本,福岡,日本,羽田,10:00,60,8,1410000,30000,47,小規模運航,120,2100000,1,1,4,35,40,77.8828718
13日,日本,福岡,日本,羽田,10:30,60,8,1290000,30000,43,小規模運航,120,2100000,1,1,4,35,40,93.0222933
13日,日本,福岡,日本,羽田,11:00,60,8,1470000,30000,49,小規模運航,120,2100000,1,1,4,35,40,96.2038455
13日,日本,福岡,日本,羽田,11:30,60,8,1290000,30000,43,小規模運航,120,2100000,1,1,4,35,40,96.6029463
13日,日本,福岡,日本,羽田,12:00,60,8,1410000,30000,47,小規模運航,120,2100000,1,1,4,35,40,98.4420169
13日,日本,福岡,日本,羽田,12:30,60,8,1440000,30000,48,小規模運航,120,2100000,1,1,4,35,40,97.7117429
13日,日本,福岡,日本,羽田,13:00,60,8,1500000,30000,50,小規模運航,120,2100000,1,1,4,35,40,96.5095059
13日,日本,福岡,日本,羽田,13:30,60,8,1320000,30000,44,小規模運航,120,2100000,1,1,4,35,40,91.0130249
13日,日本,福岡,日本,羽田,14:00,60,8,1350000,30000,45,小規模運航,120,2100000,1,1,4,35,40,93.9581584
13日,日本,福岡,日本,羽田,14:30,60,8,1530000,30000,51,小規模運航,120,2100000,1,1,4,35,40,96.7413427
13日,日本,福岡,日本,羽田,15:00,60,8,1410000,30000,47,小規模運航,120,2100000,1,1,4,35,40,86.2249744
13日,日本,福岡,日本,羽田,15:30,60,8,1320000,30000,44,小規模運航,120,2100000,1,1,4,35,40,94.8658019
13日,日本,福岡,日本,羽田,16:00,60,8,1440000,30000,48,小規模運航,120,2100000,1,1,4,35,40,96.4467746
13日,日本,福岡,日本,羽田,16:30,60,8,1410000,30000,47,小規模運航,120,2100000,1,1,4,35,40,93.4527751
13日,日本,福岡,日本,羽田,17:00,60,8,1740000,30000,58,小規模運航,120,2100000,1,1,4,35,40,96.7609575
13日,日本,福岡,日本,羽田,17:30,60,8,1590000,30000,53,小規模運航,120,2100000,1,1,4,35,40,97.4241331
13日,日本,福岡,日本,羽田,18:00,60,8,1590000,30000,53,小規模運航,120,2100000,1,1,4,35,40,88.6898516
13日,日本,福岡,日本,羽田,18:30,60,8,1770000,30000,59,小規模運航,120,2100000,1,1,4,35,40,94.8123299
13日,日本,福岡,日本,羽田,19:00,60,8,1650000,30000,55,小規模運航,120,2100000,1,1,4,35,40,85.9111303
13日,日本,福岡,日本,羽田,19:30,60,8,1560000,30000,52,小規模運航,120,2100000,1,1,4,35,40,98.0417827
13日,日本,福岡,日本,羽田,20:00,60,8,1410000,30000,47,小規模運航,120,2100000,1,1,4,35,40,96.5498009
13日,日本,福岡,日本,羽田,20:30,60,8,1410000,30000,47,小規模運航,120,2100000,1,1,4,35,40,83.1567932
13日,日本,福岡,日本,羽田,21:00,60,8,1320000,30000,44,小規模運航,120,2100000,1,1,4,35,40,95.5729861
13日,日本,福岡,日本,羽田,21:30,60,8,1470000,30000,49,小規模運航,120,2100000,1,1,4,35,40,97.3387345
13日,日本,福岡,日本,羽田,22:00,60,8,1050000,30000,35,小規模運航,120,2100000,1,1,4,35,40,97.5329414
13日,日本,福岡,日本,羽田,22:30,60,8,1080000,30000,36,小規模運航,120,2100000,1,1,4,35,40,97.649591
14日,日本,福岡,日本,羽田,07:00,60,8,1050000,30000,35,小規模運航,120,2100000,1,1,4,35,40,80.7264536
14日,日本,福岡,日本,羽田,07:30,60,8,1020000,30000,34,小規模運航,120,2100000,1,1,4,35,40,82.5170872
14日,日本,福岡,日本,羽田,08:00,60,8,1740000,30000,58,小規模運航,120,2100000,1,1,4,35,40,94.5580776
14日,日本,福岡,日本,羽田,08:30,60,8,1620000,30000,54,小規模運航,120,2100000,1,1,4,35,40,96.8233018
14日,日本,福岡,日本,羽田,09:00,60,8,1770000,30000,59,小規模運航,120,2100000,1,1,4,35,40,98.6527882
14日,日本,福岡,日本,羽田,09:30,60,8,1740000,30000,58,小規模運航,120,2100000,1,1,4,35,40,99.1151781
14日,日本,福岡,日本,羽田,10:00,60,8,1320000,30000,44,小規模運航,120,2100000,1,1,4,35,40,97.818815
14日,日本,福岡,日本,羽田,10:30,60,8,1380000,30000,46,小規模運航,120,2100000,1,1,4,35,40,98.1374072
14日,日本,福岡,日本,羽田,11:00,60,8,1470000,30000,49,小規模運航,120,2100000,1,1,4,35,40,96.2038455
14日,日本,福岡,日本,羽田,11:30,60,8,1380000,30000,46,小規模運航,120,2100000,1,1,4,35,40,78.7952107
14日,日本,福岡,日本,羽田,12:00,60,8,1320000,30000,44,小規模運航,120,2100000,1,1,4,35,40,94.3453158
14日,日本,福岡,日本,羽田,12:30,60,8,1530000,30000,51,小規模運航,120,2100000,1,1,4,35,40,98.7156643
14日,日本,福岡,日本,羽田,13:00,60,8,1500000,30000,50,小規模運航,120,2100000,1,1,4,35,40,96.5095059
14日,日本,福岡,日本,羽田,13:30,60,8,1440000,30000,48,小規模運航,120,2100000,1,1,4,35,40,93.1736136
14日,日本,福岡,日本,羽田,14:00,60,8,1410000,30000,47,小規模運航,120,2100000,1,1,4,35,40,98.4264138
14日,日本,福岡,日本,羽田,14:30,60,8,1410000,30000,47,小規模運航,120,2100000,1,1,4,35,40,87.326709
14日,日本,福岡,日本,羽田,15:00,60,8,1350000,30000,45,小規模運航,120,2100000,1,1,4,35,40,84.3072656
14日,日本,福岡,日本,羽田,15:30,60,8,1470000,30000,49,小規模運航,120,2100000,1,1,4,35,40,98.6714115
14日,日本,福岡,日本,羽田,16:00,60,8,1290000,30000,43,小規模運航,120,2100000,1,1,4,35,40,97.5632203
14日,日本,福岡,日本,羽田,16:30,60,8,1470000,30000,49,小規模運航,120,2100000,1,1,4,35,40,95.7304238
14日,日本,福岡,日本,羽田,17:00,60,8,1620000,30000,54,小規模運航,120,2100000,1,1,4,35,40,92.1936098
14日,日本,福岡,日本,羽田,17:30,60,8,1680000,30000,56,小規模運航,120,2100000,1,1,4,35,40,88.3504633
14日,日本,福岡,日本,羽田,18:00,60,8,1590000,30000,53,小規模運航,120,2100000,1,1,4,35,40,88.6898516
14日,日本,福岡,日本,羽田,18:30,60,8,1560000,30000,52,小規模運航,120,2100000,1,1,4,35,40,89.7859544
14日,日本,福岡,日本,羽田,19:00,60,8,1680000,30000,56,小規模運航,120,2100000,1,1,4,35,40,91.2151514
14日,日本,福岡,日本,羽田,19:30,60,8,1650000,30000,55,小規模運航,120,2100000,1,1,4,35,40,85.0339944
14日,日本,福岡,日本,羽田,20:00,60,8,1470000,30000,49,小規模運航,120,2100000,1,1,4,35,40,93.8140912
14日,日本,福岡,日本,羽田,20:30,60,8,1380000,30000,46,小規模運航,120,2100000,1,1,4,35,40,97.5538564
14日,日本,福岡,日本,羽田,21:00,60,8,1410000,30000,47,小規模運航,120,2100000,1,1,4,35,40,77.91849
14日,日本,福岡,日本,羽田,21:30,60,8,1410000,30000,47,小規模運航,120,2100000,1,1,4,35,40,97.5458997
14日,日本,福岡,日本,羽田,22:00,60,8,1230000,30000,41,小規模運航,120,2100000,1,1,4,35,40,92.7925844
14日,日本,福岡,日本,羽田,22:30,60,8,1170000,30000,39,小規模運航,120,2100000,1,1,4,35,40,93.9980739
15日,日本,福岡,日本,羽田,07:00,60,8,1140000,30000,38,小規模運航,120,2100000,1,1,4,35,40,88.2366732
15日,日本,福岡,日本,羽田,07:30,60,8,1050000,30000,35,小規模運航,120,2100000,1,1,4,35,40,85.0295063
15日,日本,福岡,日本,羽田,08:00,60,8,1590000,30000,53,小規模運航,120,2100000,1,1,4,35,40,96.5173961
15日,日本,福岡,日本,羽田,08:30,60,8,1770000,30000,59,小規模運航,120,2100000,1,1,4,35,40,90.9039296
15日,日本,福岡,日本,羽田,09:00,60,8,1620000,30000,54,小規模運航,120,2100000,1,1,4,35,40,95.7336991
15日,日本,福岡,日本,羽田,09:30,60,8,1770000,30000,59,小規模運航,120,2100000,1,1,4,35,40,96.4477095
15日,日本,福岡,日本,羽田,10:00,60,8,1380000,30000,46,小規模運航,120,2100000,1,1,4,35,40,92.433663
15日,日本,福岡,日本,羽田,10:30,60,8,1290000,30000,43,小規模運航,120,2100000,1,1,4,35,40,93.0222933
15日,日本,福岡,日本,羽田,11:00,60,8,1380000,30000,46,小規模運航,120,2100000,1,1,4,35,40,87.4895715
15日,日本,福岡,日本,羽田,11:30,60,8,1320000,30000,44,小規模運航,120,2100000,1,1,4,35,40,91.6996916
15日,日本,福岡,日本,羽田,12:00,60,8,1380000,30000,46,小規模運航,120,2100000,1,1,4,35,40,97.6981784
15日,日本,福岡,日本,羽田,12:30,60,8,1500000,30000,50,小規模運航,120,2100000,1,1,4,35,40,94.1393483
15日,日本,福岡,日本,羽田,13:00,60,8,1290000,30000,43,小規模運航,120,2100000,1,1,4,35,40,78.1740752
15日,日本,福岡,日本,羽田,13:30,60,8,1440000,30000,48,小規模運航,120,2100000,1,1,4,35,40,93.1736136
15日,日本,福岡,日本,羽田,14:00,60,8,1260000,30000,42,小規模運航,120,2100000,1,1,4,35,40,94.5285316
15日,日本,福岡,日本,羽田,14:30,60,8,1410000,30000,47,小規模運航,120,2100000,1,1,4,35,40,87.326709
15日,日本,福岡,日本,羽田,15:00,60,8,1410000,30000,47,小規模運航,120,2100000,1,1,4,35,40,86.2249744
15日,日本,福岡,日本,羽田,15:30,60,8,1410000,30000,47,小規模運航,120,2100000,1,1,4,35,40,83.1208484
15日,日本,福岡,日本,羽田,16:00,60,8,1470000,30000,49,小規模運航,120,2100000,1,1,4,35,40,93.1609586
15日,日本,福岡,日本,羽田,16:30,60,8,1350000,30000,45,小規模運航,120,2100000,1,1,4,35,40,95.8119922
15日,日本,福岡,日本,羽田,17:00,60,8,1770000,30000,59,小規模運航,120,2100000,1,1,4,35,40,89.0326947
15日,日本,福岡,日本,羽田,17:30,60,8,1620000,30000,54,小規模運航,120,2100000,1,1,4,35,40,87.1695923
15日,日本,福岡,日本,羽田,18:00,60,8,1620000,30000,54,小規模運航,120,2100000,1,1,4,35,40,97.6773715
15日,日本,福岡,日本,羽田,18:30,60,8,1620000,30000,54,小規模運航,120,2100000,1,1,4,35,40,94.6359019
15日,日本,福岡,日本,羽田,19:00,60,8,1710000,30000,57,小規模運航,120,2100000,1,1,4,35,40,98.1289305
15日,日本,福岡,日本,羽田,19:30,60,8,1590000,30000,53,小規模運航,120,2100000,1,1,4,35,40,96.8004446
15日,日本,福岡,日本,羽田,20:00,60,8,1350000,30000,45,小規模運航,120,2100000,1,1,4,35,40,93.3240846
15日,日本,福岡,日本,羽田,20:30,60,8,1380000,30000,46,小規模運航,120,2100000,1,1,4,35,40,97.5538564
15日,日本,福岡,日本,羽田,21:00,60,8,1470000,30000,49,小規模運航,120,2100000,1,1,4,35,40,97.8506414
15日,日本,福岡,日本,羽田,21:30,60,8,1410000,30000,47,小規模運航,120,2100000,1,1,4,35,40,97.5458997
15日,日本,福岡,日本,羽田,22:00,60,8,1050000,30000,35,小規模運航,120,2100000,1,1,4,35,40,97.5329414
15日,日本,福岡,日本,羽田,22:30,60,8,1230000,30000,41,小規模運航,120,2100000,1,1,4,35,40,97.9258236
16日,日本,福岡,日本,羽田,07:00,60,8,1080000,30000,36,小規模運航,120,2100000,1,1,4,35,40,83.4592476
16日,日本,福岡,日本,羽田,07:30,60,8,1020000,30000,34,小規模運航,120,2100000,1,1,4,35,40,82.5170872
16日,日本,福岡,日本,羽田,08:00,60,8,1770000,30000,59,小規模運航,120,2100000,1,1,4,35,40,97.7967791
16日,日本,福岡,日本,羽田,08:30,60,8,1770000,30000,59,小規模運航,120,2100000,1,1,4,35,40,90.9039296
16日,日本,福岡,日本,羽田,09:00,60,8,1680000,30000,56,小規模運航,120,2100000,1,1,4,35,40,94.8973896
16日,日本,福岡,日本,羽田,09:30,60,8,1650000,30000,55,小規模運航,120,2100000,1,1,4,35,40,96.0604367
16日,日本,福岡,日本,羽田,10:00,60,8,1260000,30000,42,小規模運航,120,2100000,1,1,4,35,40,96.0562152
16日,日本,福岡,日本,羽田,10:30,60,8,1380000,30000,46,小規模運航,120,2100000,1,1,4,35,40,98.1374072
16日,日本,福岡,日本,羽田,11:00,60,8,1290000,30000,43,小規模運航,120,2100000,1,1,4,35,40,93.633324
16日,日本,福岡,日本,羽田,11:30,60,8,1290000,30000,43,小規模運航,120,2100000,1,1,4,35,40,96.6029463
16日,日本,福岡,日本,羽田,12:00,60,8,1380000,30000,46,小規模運航,120,2100000,1,1,4,35,40,97.6981784
16日,日本,福岡,日本,羽田,12:30,60,8,1470000,30000,49,小規模運航,120,2100000,1,1,4,35,40,98.2403732
16日,日本,福岡,日本,羽田,13:00,60,8,1530000,30000,51,小規模運航,120,2100000,1,1,4,35,40,96.5564043
16日,日本,福岡,日本,羽田,13:30,60,8,1410000,30000,47,小規模運航,120,2100000,1,1,4,35,40,97.6049044
16日,日本,福岡,日本,羽田,14:00,60,8,1410000,30000,47,小規模運航,120,2100000,1,1,4,35,40,98.4264138
16日,日本,福岡,日本,羽田,14:30,60,8,1410000,30000,47,小規模運航,120,2100000,1,1,4,35,40,87.326709
16日,日本,福岡,日本,羽田,15:00,60,8,1290000,30000,43,小規模運航,120,2100000,1,1,4,35,40,87.7712194
16日,日本,福岡,日本,羽田,15:30,60,8,1500000,30000,50,小規模運航,120,2100000,1,1,4,35,40,87.4731903
16日,日本,福岡,日本,羽田,16:00,60,8,1260000,30000,42,小規模運航,120,2100000,1,1,4,35,40,91.904187
16日,日本,福岡,日本,羽田,16:30,60,8,1410000,30000,47,小規模運航,120,2100000,1,1,4,35,40,93.4527751
16日,日本,福岡,日本,羽田,17:00,60,8,1710000,30000,57,小規模運航,120,2100000,1,1,4,35,40,94.8647819
16日,日本,福岡,日本,羽田,17:30,60,8,1530000,30000,51,小規模運航,120,2100000,1,1,4,35,40,96.7720706
16日,日本,福岡,日本,羽田,18:00,60,8,1560000,30000,52,小規模運航,120,2100000,1,1,4,35,40,96.1846942
16日,日本,福岡,日本,羽田,18:30,60,8,1650000,30000,55,小規模運航,120,2100000,1,1,4,35,40,98.5615005
16日,日本,福岡,日本,羽田,19:00,60,8,1710000,30000,57,小規模運航,120,2100000,1,1,4,35,40,98.1289305
16日,日本,福岡,日本,羽田,19:30,60,8,1530000,30000,51,小規模運航,120,2100000,1,1,4,35,40,80.9753361
16日,日本,福岡,日本,羽田,20:00,60,8,1410000,30000,47,小規模運航,120,2100000,1,1,4,35,40,96.5498009
16日,日本,福岡,日本,羽田,20:30,60,8,1380000,30000,46,小規模運航,120,2100000,1,1,4,35,40,97.5538564
16日,日本,福岡,日本,羽田,21:00,60,8,1350000,30000,45,小規模運航,120,2100000,1,1,4,35,40,93.4716972
16日,日本,福岡,日本,羽田,21:30,60,8,1320000,30000,44,小規模運航,120,2100000,1,1,4,35,40,98.2024615
16日,日本,福岡,日本,羽田,22:00,60,8,1050000,30000,35,小規模運航,120,2100000,1,1,4,35,40,97.5329414
16日,日本,福岡,日本,羽田,22:30,60,8,1050000,30000,35,小規模運航,120,2100000,1,1,4,35,40,72.5624724
17日,日本,福岡,日本,羽田,07:00,60,8,1020000,30000,34,小規模運航,120,2100000,1,1,4,35,40,82.9248728
17日,日本,福岡,日本,羽田,07:30,60,8,1080000,30000,36,小規模運航,120,2100000,1,1,4,35,40,76.2008168
17日,日本,福岡,日本,羽田,08:00,60,8,1800000,30000,60,小規模運航,120,2100000,1,1,4,35,40,98.6462669
17日,日本,福岡,日本,羽田,08:30,60,8,1770000,30000,59,小規模運航,120,2100000,1,1,4,35,40,90.9039296
17日,日本,福岡,日本,羽田,09:00,60,8,1800000,30000,60,小規模運航,120,2100000,1,1,4,35,40,97.2148908
17日,日本,福岡,日本,羽田,09:30,60,8,1680000,30000,56,小規模運航,120,2100000,1,1,4,35,40,96.3403813
17日,日本,福岡,日本,羽田,10:00,60,8,1530000,30000,51,小規模運航,120,2100000,1,1,4,35,40,95.4541679
17日,日本,福岡,日本,羽田,10:30,60,8,1410000,30000,47,小規模運航,120,2100000,1,1,4,35,40,94.1897519
17日,日本,福岡,日本,羽田,11:00,60,8,1410000,30000,47,小規模運航,120,2100000,1,1,4,35,40,97.9927135
17日,日本,福岡,日本,羽田,11:30,60,8,1380000,30000,46,小規模運航,120,2100000,1,1,4,35,40,78.7952107
17日,日本,福岡,日本,羽田,12:00,60,8,1290000,30000,43,小規模運航,120,2100000,1,1,4,35,40,85.8474048
17日,日本,福岡,日本,羽田,12:30,60,8,1320000,30000,44,小規模運航,120,2100000,1,1,4,35,40,74.5524839
17日,日本,福岡,日本,羽田,13:00,60,8,1500000,30000,50,小規模運航,120,2100000,1,1,4,35,40,96.5095059
17日,日本,福岡,日本,羽田,13:30,60,8,1440000,30000,48,小規模運航,120,2100000,1,1,4,35,40,93.1736136
17日,日本,福岡,日本,羽田,14:00,60,8,1410000,30000,47,小規模運航,120,2100000,1,1,4,35,40,98.4264138
17日,日本,福岡,日本,羽田,14:30,60,8,1290000,30000,43,小規模運航,120,2100000,1,1,4,35,40,93.173919
17日,日本,福岡,日本,羽田,15:00,60,8,1380000,30000,46,小規模運航,120,2100000,1,1,4,35,40,97.4699761
17日,日本,福岡,日本,羽田,15:30,60,8,1530000,30000,51,小規模運航,120,2100000,1,1,4,35,40,93.075772
17日,日本,福岡,日本,羽田,16:00,60,8,1380000,30000,46,小規模運航,120,2100000,1,1,4,35,40,80.9846473
17日,日本,福岡,日本,羽田,16:30,60,8,1290000,30000,43,小規模運航,120,2100000,1,1,4,35,40,98.3753342
17日,日本,福岡,日本,羽田,17:00,60,8,1680000,30000,56,小規模運航,120,2100000,1,1,4,35,40,83.4981679
17日,日本,福岡,日本,羽田,17:30,60,8,1710000,30000,57,小規模運航,120,2100000,1,1,4,35,40,97.2538952
17日,日本,福岡,日本,羽田,18:00,60,8,1710000,30000,57,小規模運航,120,2100000,1,1,4,35,40,96.1844472
17日,日本,福岡,日本,羽田,18:30,60,8,1620000,30000,54,小規模運航,120,2100000,1,1,4,35,40,94.6359019
17日,日本,福岡,日本,羽田,19:00,60,8,1560000,30000,52,小規模運航,120,2100000,1,1,4,35,40,89.0531984
17日,日本,福岡,日本,羽田,19:30,60,8,1800000,30000,60,小規模運航,120,2100000,1,1,4,35,40,97.2590557
17日,日本,福岡,日本,羽田,20:00,60,8,1290000,30000,43,小規模運航,120,2100000,1,1,4,35,40,93.86767
17日,日本,福岡,日本,羽田,20:30,60,8,1470000,30000,49,小規模運航,120,2100000,1,1,4,35,40,84.3707331
17日,日本,福岡,日本,羽田,21:00,60,8,1470000,30000,49,小規模運航,120,2100000,1,1,4,35,40,97.8506414
17日,日本,福岡,日本,羽田,21:30,60,8,1410000,30000,47,小規模運航,120,2100000,1,1,4,35,40,97.5458997
17日,日本,福岡,日本,羽田,22:00,60,8,1230000,30000,41,小規模運航,120,2100000,1,1,4,35,40,92.7925844
17日,日本,福岡,日本,羽田,22:30,60,8,1200000,30000,40,小規模運航,120,2100000,1,1,4,35,40,88.3929672
18日,日本,福岡,日本,羽田,07:00,60,8,1050000,30000,35,小規模運航,120,2100000,1,1,4,35,40,80.7264536
18日,日本,福岡,日本,羽田,07:30,60,8,1020000,30000,34,小規模運航,120,2100000,1,1,4,35,40,82.5170872
18日,日本,福岡,日本,羽田,08:00,60,8,1590000,30000,53,小規模運航,120,2100000,1,1,4,35,40,96.5173961
18日,日本,福岡,日本,羽田,08:30,60,8,1680000,30000,56,小規模運航,120,2100000,1,1,4,35,40,96.5588323
18日,日本,福岡,日本,羽田,09:00,60,8,1560000,30000,52,小規模運航,120,2100000,1,1,4,35,40,85.6242452
18日,日本,福岡,日本,羽田,09:30,60,8,1650000,30000,55,小規模運航,120,2100000,1,1,4,35,40,96.0604367
18日,日本,福岡,日本,羽田,10:00,60,8,1440000,30000,48,小規模運航,120,2100000,1,1,4,35,40,92.3461576
18日,日本,福岡,日本,羽田,10:30,60,8,1290000,30000,43,小規模運航,120,2100000,1,1,4,35,40,93.0222933
18日,日本,福岡,日本,羽田,11:00,60,8,1530000,30000,51,小規模運航,120,2100000,1,1,4,35,40,98.9552254
18日,日本,福岡,日本,羽田,11:30,60,8,1320000,30000,44,小規模運航,120,2100000,1,1,4,35,40,91.6996916
18日,日本,福岡,日本,羽田,12:00,60,8,1410000,30000,47,小規模運航,120,2100000,1,1,4,35,40,98.4420169
18日,日本,福岡,日本,羽田,12:30,60,8,1470000,30000,49,小規模運航,120,2100000,1,1,4,35,40,98.2403732
18日,日本,福岡,日本,羽田,13:00,60,8,1500000,30000,50,小規模運航,120,2100000,1,1,4,35,40,96.5095059
18日,日本,福岡,日本,羽田,13:30,60,8,1350000,30000,45,小規模運航,120,2100000,1,1,4,35,40,97.2229138
18日,日本,福岡,日本,羽田,14:00,60,8,1410000,30000,47,小規模運航,120,2100000,1,1,4,35,40,98.4264138
18日,日本,福岡,日本,羽田,14:30,60,8,1350000,30000,45,小規模運航,120,2100000,1,1,4,35,40,79.9734635
18日,日本,福岡,日本,羽田,15:00,60,8,1410000,30000,47,小規模運航,120,2100000,1,1,4,35,40,86.2249744
18日,日本,福岡,日本,羽田,15:30,60,8,1440000,30000,48,小規模運航,120,2100000,1,1,4,35,40,95.7968693
18日,日本,福岡,日本,羽田,16:00,60,8,1440000,30000,48,小規模運航,120,2100000,1,1,4,35,40,96.4467746
18日,日本,福岡,日本,羽田,16:30,60,8,1410000,30000,47,小規模運航,120,2100000,1,1,4,35,40,93.4527751
18日,日本,福岡,日本,羽田,17:00,60,8,1650000,30000,55,小規模運航,120,2100000,1,1,4,35,40,87.1081223
18日,日本,福岡,日本,羽田,17:30,60,8,1590000,30000,53,小規模運航,120,2100000,1,1,4,35,40,97.4241331
18日,日本,福岡,日本,羽田,18:00,60,8,1740000,30000,58,小規模運航,120,2100000,1,1,4,35,40,96.4205709
18日,日本,福岡,日本,羽田,18:30,60,8,1710000,30000,57,小規模運航,120,2100000,1,1,4,35,40,89.9209981
18日,日本,福岡,日本,羽田,19:00,60,8,1620000,30000,54,小規模運航,120,2100000,1,1,4,35,40,86.071883
18日,日本,福岡,日本,羽田,19:30,60,8,1620000,30000,54,小規模運航,120,2100000,1,1,4,35,40,88.4777215
18日,日本,福岡,日本,羽田,20:00,60,8,1290000,30000,43,小規模運航,120,2100000,1,1,4,35,40,93.86767
18日,日本,福岡,日本,羽田,20:30,60,8,1380000,30000,46,小規模運航,120,2100000,1,1,4,35,40,97.5538564
18日,日本,福岡,日本,羽田,21:00,60,8,1470000,30000,49,小規模運航,120,2100000,1,1,4,35,40,97.8506414
18日,日本,福岡,日本,羽田,21:30,60,8,1530000,30000,51,小規模運航,120,2100000,1,1,4,35,40,98.010862
18日,日本,福岡,日本,羽田,22:00,60,8,1140000,30000,38,小規模運航,120,2100000,1,1,4,35,40,76.5648971
18日,日本,福岡,日本,羽田,22:30,60,8,1080000,30000,36,小規模運航,120,2100000,1,1,4,35,40,97.649591
19日,日本,福岡,日本,羽田,07:00,60,8,1170000,30000,39,小規模運航,120,2100000,1,1,4,35,40,84.923777
19日,日本,福岡,日本,羽田,07:30,60,8,990000,30000,33,小規模運航,120,2100000,1,1,4,35,40,94.8483614
19日,日本,福岡,日本,羽田,08:00,60,8,1710000,30000,57,小規模運航,120,2100000,1,1,4,35,40,98.6412414
19日,日本,福岡,日本,羽田,08:30,60,8,1560000,30000,52,小規模運航,120,2100000,1,1,4,35,40,98.5047226
19日,日本,福岡,日本,羽田,09:00,60,8,1680000,30000,56,小規模運航,120,2100000,1,1,4,35,40,94.8973896
19日,日本,福岡,日本,羽田,09:30,60,8,1770000,30000,59,小規模運航,120,2100000,1,1,4,35,40,96.4477095
19日,日本,福岡,日本,羽田,10:00,60,8,1440000,30000,48,小規模運航,120,2100000,1,1,4,35,40,92.3461576
19日,日本,福岡,日本,羽田,10:30,60,8,1530000,30000,51,小規模運航,120,2100000,1,1,4,35,40,80.9300875
19日,日本,福岡,日本,羽田,11:00,60,8,1530000,30000,51,小規模運航,120,2100000,1,1,4,35,40,98.9552254
19日,日本,福岡,日本,羽田,11:30,60,8,1410000,30000,47,小規模運航,120,2100000,1,1,4,35,40,98.3286887
19日,日本,福岡,日本,羽田,12:00,60,8,1320000,30000,44,小規模運航,120,2100000,1,1,4,35,40,94.3453158
19日,日本,福岡,日本,羽田,12:30,60,8,1410000,30000,47,小規模運航,120,2100000,1,1,4,35,40,89.5665815
19日,日本,福岡,日本,羽田,13:00,60,8,1500000,30000,50,小規模運航,120,2100000,1,1,4,35,40,96.5095059
19日,日本,福岡,日本,羽田,13:30,60,8,1530000,30000,51,小規模運航,120,2100000,1,1,4,35,40,98.0177058
19日,日本,福岡,日本,羽田,14:00,60,8,1350000,30000,45,小規模運航,120,2100000,1,1,4,35,40,93.9581584
19日,日本,福岡,日本,羽田,14:30,60,8,1410000,30000,47,小規模運航,120,2100000,1,1,4,35,40,87.326709
19日,日本,福岡,日本,羽田,15:00,60,8,1470000,30000,49,小規模運航,120,2100000,1,1,4,35,40,98.2356006
19日,日本,福岡,日本,羽田,15:30,60,8,1410000,30000,47,小規模運航,120,2100000,1,1,4,35,40,83.1208484
19日,日本,福岡,日本,羽田,16:00,60,8,1410000,30000,47,小規模運航,120,2100000,1,1,4,35,40,82.1706152
19日,日本,福岡,日本,羽田,16:30,60,8,1350000,30000,45,小規模運航,120,2100000,1,1,4,35,40,95.8119922
19日,日本,福岡,日本,羽田,17:00,60,8,1560000,30000,52,小規模運航,120,2100000,1,1,4,35,40,87.9524369
19日,日本,福岡,日本,羽田,17:30,60,8,1590000,30000,53,小規模運航,120,2100000,1,1,4,35,40,97.4241331
19日,日本,福岡,日本,羽田,18:00,60,8,1590000,30000,53,小規模運航,120,2100000,1,1,4,35,40,88.6898516
19日,日本,福岡,日本,羽田,18:30,60,8,1650000,30000,55,小規模運航,120,2100000,1,1,4,35,40,98.5615005
19日,日本,福岡,日本,羽田,19:00,60,8,1770000,30000,59,小規模運航,120,2100000,1,1,4,35,40,83.1000399
19日,日本,福岡,日本,羽田,19:30,60,8,1770000,30000,59,小規模運航,120,2100000,1,1,4,35,40,95.2929551
19日,日本,福岡,日本,羽田,20:00,60,8,1440000,30000,48,小規模運航,120,2100000,1,1,4,35,40,95.9521475
19日,日本,福岡,日本,羽田,20:30,60,8,1500000,30000,50,小規模運航,120,2100000,1,1,4,35,40,97.9666202
19日,日本,福岡,日本,羽田,21:00,60,8,1350000,30000,45,小規模運航,120,2100000,1,1,4,35,40,93.4716972
19日,日本,福岡,日本,羽田,21:30,60,8,1500000,30000,50,小規模運航,120,2100000,1,1,4,35,40,95.4013616
19日,日本,福岡,日本,羽田,22:00,60,8,990000,30000,33,小規模運航,120,2100000,1,1,4,35,40,85.826942
19日,日本,福岡,日本,羽田,22:30,60,8,1080000,30000,36,小規模運航,120,2100000,1,1,4,35,40,97.649591
20日,日本,福岡,日本,羽田,07:00,60,8,1140000,30000,38,小規模運航,120,2100000,1,1,4,35,40,88.2366732
20日,日本,福岡,日本,羽田,07:30,60,8,1200000,30000,40,小規模運航,120,2100000,1,1,4,35,40,91.5824813
20日,日本,福岡,日本,羽田,08:00,60,8,1710000,30000,57,小規模運航,120,2100000,1,1,4,35,40,98.6412414
20日,日本,福岡,日本,羽田,08:30,60,8,1770000,30000,59,小規模運航,120,2100000,1,1,4,35,40,90.9039296
20日,日本,福岡,日本,羽田,09:00,60,8,1710000,30000,57,小規模運航,120,2100000,1,1,4,35,40,95.7120559
20日,日本,福岡,日本,羽田,09:30,60,8,1650000,30000,55,小規模運航,120,2100000,1,1,4,35,40,96.0604367
20日,日本,福岡,日本,羽田,10:00,60,8,1380000,30000,46,小規模運航,120,2100000,1,1,4,35,40,92.433663
20日,日本,福岡,日本,羽田,10:30,60,8,1320000,30000,44,小規模運航,120,2100000,1,1,4,35,40,89.6548444
20日,日本,福岡,日本,羽田,11:00,60,8,1380000,30000,46,小規模運航,120,2100000,1,1,4,35,40,87.4895715
20日,日本,福岡,日本,羽田,11:30,60,8,1410000,30000,47,小規模運航,120,2100000,1,1,4,35,40,98.3286887
20日,日本,福岡,日本,羽田,12:00,60,8,1290000,30000,43,小規模運航,120,2100000,1,1,4,35,40,85.8474048
20日,日本,福岡,日本,羽田,12:30,60,8,1500000,30000,50,小規模運航,120,2100000,1,1,4,35,40,94.1393483
20日,日本,福岡,日本,羽田,13:00,60,8,1500000,30000,50,小規模運航,120,2100000,1,1,4,35,40,96.5095059
20日,日本,福岡,日本,羽田,13:30,60,8,1410000,30000,47,小規模運航,120,2100000,1,1,4,35,40,97.6049044
20日,日本,福岡,日本,羽田,14:00,60,8,1350000,30000,45,小規模運航,120,2100000,1,1,4,35,40,93.9581584
20日,日本,福岡,日本,羽田,14:30,60,8,1410000,30000,47,小規模運航,120,2100000,1,1,4,35,40,87.326709
20日,日本,福岡,日本,羽田,15:00,60,8,1530000,30000,51,小規模運航,120,2100000,1,1,4,35,40,81.8771217
20日,日本,福岡,日本,羽田,15:30,60,8,1320000,30000,44,小規模運航,120,2100000,1,1,4,35,40,94.8658019
20日,日本,福岡,日本,羽田,16:00,60,8,1380000,30000,46,小規模運航,120,2100000,1,1,4,35,40,80.9846473
20日,日本,福岡,日本,羽田,16:30,60,8,1410000,30000,47,小規模運航,120,2100000,1,1,4,35,40,93.4527751
20日,日本,福岡,日本,羽田,17:00,60,8,1710000,30000,57,小規模運航,120,2100000,1,1,4,35,40,94.8647819
20日,日本,福岡,日本,羽田,17:30,60,8,1710000,30000,57,小規模運航,120,2100000,1,1,4,35,40,97.2538952
20日,日本,福岡,日本,羽田,18:00,60,8,1680000,30000,56,小規模運航,120,2100000,1,1,4,35,40,98.4777539
20日,日本,福岡,日本,羽田,18:30,60,8,1650000,30000,55,小規模運航,120,2100000,1,1,4,35,40,98.5615005
20日,日本,福岡,日本,羽田,19:00,60,8,1590000,30000,53,小規模運航,120,2100000,1,1,4,35,40,94.9977221
20日,日本,福岡,日本,羽田,19:30,60,8,1590000,30000,53,小規模運航,120,2100000,1,1,4,35,40,96.8004446
20日,日本,福岡,日本,羽田,20:00,60,8,1410000,30000,47,小規模運航,120,2100000,1,1,4,35,40,96.5498009
20日,日本,福岡,日本,羽田,20:30,60,8,1290000,30000,43,小規模運航,120,2100000,1,1,4,35,40,98.3602476
20日,日本,福岡,日本,羽田,21:00,60,8,1410000,30000,47,小規模運航,120,2100000,1,1,4,35,40,77.91849
20日,日本,福岡,日本,羽田,21:30,60,8,1410000,30000,47,小規模運航,120,2100000,1,1,4,35,40,97.5458997
20日,日本,福岡,日本,羽田,22:00,60,8,990000,30000,33,小規模運航,120,2100000,1,1,4,35,40,85.826942
20日,日本,福岡,日本,羽田,22:30,60,8,1140000,30000,38,小規模運航,120,2100000,1,1,4,35,40,97.9592685
21日,日本,福岡,日本,羽田,07:00,60,8,1080000,30000,36,小規模運航,120,2100000,1,1,4,35,40,83.4592476
21日,日本,福岡,日本,羽田,07:30,60,8,1140000,30000,38,小規模運航,120,2100000,1,1,4,35,40,94.2788047
21日,日本,福岡,日本,羽田,08:00,60,8,1650000,30000,55,小規模運航,120,2100000,1,1,4,35,40,97.0253358
21日,日本,福岡,日本,羽田,08:30,60,8,1650000,30000,55,小規模運航,120,2100000,1,1,4,35,40,95.9412259
21日,日本,福岡,日本,羽田,09:00,60,8,1740000,30000,58,小規模運航,120,2100000,1,1,4,35,40,97.6151835
21日,日本,福岡,日本,羽田,09:30,60,8,1560000,30000,52,小規模運航,120,2100000,1,1,4,35,40,93.9098772
21日,日本,福岡,日本,羽田,10:00,60,8,1410000,30000,47,小規模運航,120,2100000,1,1,4,35,40,77.8828718
21日,日本,福岡,日本,羽田,10:30,60,8,1350000,30000,45,小規模運航,120,2100000,1,1,4,35,40,97.5983943
21日,日本,福岡,日本,羽田,11:00,60,8,1350000,30000,45,小規模運航,120,2100000,1,1,4,35,40,98.378433
21日,日本,福岡,日本,羽田,11:30,60,8,1530000,30000,51,小規模運航,120,2100000,1,1,4,35,40,92.9788342
21日,日本,福岡,日本,羽田,12:00,60,8,1380000,30000,46,小規模運航,120,2100000,1,1,4,35,40,97.6981784
21日,日本,福岡,日本,羽田,12:30,60,8,1350000,30000,45,小規模運航,120,2100000,1,1,4,35,40,90.2047249
21日,日本,福岡,日本,羽田,13:00,60,8,1470000,30000,49,小規模運航,120,2100000,1,1,4,35,40,94.3294148
21日,日本,福岡,日本,羽田,13:30,60,8,1260000,30000,42,小規模運航,120,2100000,1,1,4,35,40,86.9193346
21日,日本,福岡,日本,羽田,14:00,60,8,1350000,30000,45,小規模運航,120,2100000,1,1,4,35,40,93.9581584
21日,日本,福岡,日本,羽田,14:30,60,8,1410000,30000,47,小規模運航,120,2100000,1,1,4,35,40,87.326709
21日,日本,福岡,日本,羽田,15:00,60,8,1260000,30000,42,小規模運航,120,2100000,1,1,4,35,40,92.8015843
21日,日本,福岡,日本,羽田,15:30,60,8,1320000,30000,44,小規模運航,120,2100000,1,1,4,35,40,94.8658019
21日,日本,福岡,日本,羽田,16:00,60,8,1470000,30000,49,小規模運航,120,2100000,1,1,4,35,40,93.1609586
21日,日本,福岡,日本,羽田,16:30,60,8,1290000,30000,43,小規模運航,120,2100000,1,1,4,35,40,98.3753342
21日,日本,福岡,日本,羽田,17:00,60,8,1800000,30000,60,小規模運航,120,2100000,1,1,4,35,40,97.3776801
21日,日本,福岡,日本,羽田,17:30,60,8,1710000,30000,57,小規模運航,120,2100000,1,1,4,35,40,97.2538952
21日,日本,福岡,日本,羽田,18:00,60,8,1560000,30000,52,小規模運航,120,2100000,1,1,4,35,40,96.1846942
21日,日本,福岡,日本,羽田,18:30,60,8,1680000,30000,56,小規模運航,120,2100000,1,1,4,35,40,94.8061541
21日,日本,福岡,日本,羽田,19:00,60,8,1590000,30000,53,小規模運航,120,2100000,1,1,4,35,40,94.9977221
21日,日本,福岡,日本,羽田,19:30,60,8,1710000,30000,57,小規模運航,120,2100000,1,1,4,35,40,99.2563349
21日,日本,福岡,日本,羽田,20:00,60,8,1350000,30000,45,小規模運航,120,2100000,1,1,4,35,40,93.3240846
21日,日本,福岡,日本,羽田,20:30,60,8,1380000,30000,46,小規模運航,120,2100000,1,1,4,35,40,97.5538564
21日,日本,福岡,日本,羽田,21:00,60,8,1410000,30000,47,小規模運航,120,2100000,1,1,4,35,40,77.91849
21日,日本,福岡,日本,羽田,21:30,60,8,1470000,30000,49,小規模運航,120,2100000,1,1,4,35,40,97.3387345
21日,日本,福岡,日本,羽田,22:00,60,8,1170000,30000,39,小規模運航,120,2100000,1,1,4,35,40,87.3577465
21日,日本,福岡,日本,羽田,22:30,60,8,1020000,30000,34,小規模運航,120,2100000,1,1,4,35,40,91.3537542
22日,日本,福岡,日本,羽田,07:00,60,8,1050000,30000,35,小規模運航,120,2100000,1,1,4,35,40,80.7264536
22日,日本,福岡,日本,羽田,07:30,60,8,960000,30000,32,小規模運航,120,2100000,1,1,4,35,40,92.7437388
22日,日本,福岡,日本,羽田,08:00,60,8,1620000,30000,54,小規模運航,120,2100000,1,1,4,35,40,97.3047813
22日,日本,福岡,日本,羽田,08:30,60,8,1590000,30000,53,小規模運航,120,2100000,1,1,4,35,40,96.5577188
22日,日本,福岡,日本,羽田,09:00,60,8,1620000,30000,54,小規模運航,120,2100000,1,1,4,35,40,95.7336991
22日,日本,福岡,日本,羽田,09:30,60,8,1800000,30000,60,小規模運航,120,2100000,1,1,4,35,40,94.5253507
22日,日本,福岡,日本,羽田,10:00,60,8,1290000,30000,43,小規模運航,120,2100000,1,1,4,35,40,83.4349004
22日,日本,福岡,日本,羽田,10:30,60,8,1470000,30000,49,小規模運航,120,2100000,1,1,4,35,40,91.1590364
22日,日本,福岡,日本,羽田,11:00,60,8,1500000,30000,50,小規模運航,120,2100000,1,1,4,35,40,94.394389
22日,日本,福岡,日本,羽田,11:30,60,8,1440000,30000,48,小規模運航,120,2100000,1,1,4,35,40,94.9284824
22日,日本,福岡,日本,羽田,12:00,60,8,1290000,30000,43,小規模運航,120,2100000,1,1,4,35,40,85.8474048
22日,日本,福岡,日本,羽田,12:30,60,8,1260000,30000,42,小規模運航,120,2100000,1,1,4,35,40,89.4574799
22日,日本,福岡,日本,羽田,13:00,60,8,1440000,30000,48,小規模運航,120,2100000,1,1,4,35,40,77.9920477
22日,日本,福岡,日本,羽田,13:30,60,8,1350000,30000,45,小規模運航,120,2100000,1,1,4,35,40,97.2229138
22日,日本,福岡,日本,羽田,14:00,60,8,1350000,30000,45,小規模運航,120,2100000,1,1,4,35,40,93.9581584
22日,日本,福岡,日本,羽田,14:30,60,8,1320000,30000,44,小規模運航,120,2100000,1,1,4,35,40,95.343819
22日,日本,福岡,日本,羽田,15:00,60,8,1380000,30000,46,小規模運航,120,2100000,1,1,4,35,40,97.4699761
22日,日本,福岡,日本,羽田,15:30,60,8,1290000,30000,43,小規模運航,120,2100000,1,1,4,35,40,98.0396829
22日,日本,福岡,日本,羽田,16:00,60,8,1440000,30000,48,小規模運航,120,2100000,1,1,4,35,40,96.4467746
22日,日本,福岡,日本,羽田,16:30,60,8,1290000,30000,43,小規模運航,120,2100000,1,1,4,35,40,98.3753342
22日,日本,福岡,日本,羽田,17:00,60,8,1740000,30000,58,小規模運航,120,2100000,1,1,4,35,40,96.7609575
22日,日本,福岡,日本,羽田,17:30,60,8,1680000,30000,56,小規模運航,120,2100000,1,1,4,35,40,88.3504633
22日,日本,福岡,日本,羽田,18:00,60,8,1530000,30000,51,小規模運航,120,2100000,1,1,4,35,40,97.7940276
22日,日本,福岡,日本,羽田,18:30,60,8,1770000,30000,59,小規模運航,120,2100000,1,1,4,35,40,94.8123299
22日,日本,福岡,日本,羽田,19:00,60,8,1770000,30000,59,小規模運航,120,2100000,1,1,4,35,40,83.1000399
22日,日本,福岡,日本,羽田,19:30,60,8,1590000,30000,53,小規模運航,120,2100000,1,1,4,35,40,96.8004446
22日,日本,福岡,日本,羽田,20:00,60,8,1470000,30000,49,小規模運航,120,2100000,1,1,4,35,40,93.8140912
22日,日本,福岡,日本,羽田,20:30,60,8,1320000,30000,44,小規模運航,120,2100000,1,1,4,35,40,95.1058374
22日,日本,福岡,日本,羽田,21:00,60,8,1440000,30000,48,小規模運航,120,2100000,1,1,4,35,40,84.3066624
22日,日本,福岡,日本,羽田,21:30,60,8,1410000,30000,47,小規模運航,120,2100000,1,1,4,35,40,97.5458997
22日,日本,福岡,日本,羽田,22:00,60,8,990000,30000,33,小規模運航,120,2100000,1,1,4,35,40,85.826942
22日,日本,福岡,日本,羽田,22:30,60,8,1050000,30000,35,小規模運航,120,2100000,1,1,4,35,40,72.5624724
23日,日本,福岡,日本,羽田,07:00,60,8,1020000,30000,34,小規模運航,120,2100000,1,1,4,35,40,82.9248728
23日,日本,福岡,日本,羽田,07:30,60,8,1080000,30000,36,小規模運航,120,2100000,1,1,4,35,40,76.2008168
23日,日本,福岡,日本,羽田,08:00,60,8,1770000,30000,59,小規模運航,120,2100000,1,1,4,35,40,97.7967791
23日,日本,福岡,日本,羽田,08:30,60,8,1620000,30000,54,小規模運航,120,2100000,1,1,4,35,40,96.8233018
23日,日本,福岡,日本,羽田,09:00,60,8,1710000,30000,57,小規模運航,120,2100000,1,1,4,35,40,95.7120559
23日,日本,福岡,日本,羽田,09:30,60,8,1770000,30000,59,小規模運航,120,2100000,1,1,4,35,40,96.4477095
23日,日本,福岡,日本,羽田,10:00,60,8,1290000,30000,43,小規模運航,120,2100000,1,1,4,35,40,83.4349004
23日,日本,福岡,日本,羽田,10:30,60,8,1260000,30000,42,小規模運航,120,2100000,1,1,4,35,40,76.599637
23日,日本,福岡,日本,羽田,11:00,60,8,1500000,30000,50,小規模運航,120,2100000,1,1,4,35,40,94.394389
23日,日本,福岡,日本,羽田,11:30,60,8,1320000,30000,44,小規模運航,120,2100000,1,1,4,35,40,91.6996916
23日,日本,福岡,日本,羽田,12:00,60,8,1470000,30000,49,小規模運航,120,2100000,1,1,4,35,40,96.1912994
23日,日本,福岡,日本,羽田,12:30,60,8,1470000,30000,49,小規模運航,120,2100000,1,1,4,35,40,98.2403732
23日,日本,福岡,日本,羽田,13:00,60,8,1410000,30000,47,小規模運航,120,2100000,1,1,4,35,40,81.6411556
23日,日本,福岡,日本,羽田,13:30,60,8,1350000,30000,45,小規模運航,120,2100000,1,1,4,35,40,97.2229138
23日,日本,福岡,日本,羽田,14:00,60,8,1500000,30000,50,小規模運航,120,2100000,1,1,4,35,40,98.2170955
23日,日本,福岡,日本,羽田,14:30,60,8,1350000,30000,45,小規模運航,120,2100000,1,1,4,35,40,79.9734635
23日,日本,福岡,日本,羽田,15:00,60,8,1350000,30000,45,小規模運航,120,2100000,1,1,4,35,40,84.3072656
23日,日本,福岡,日本,羽田,15:30,60,8,1440000,30000,48,小規模運航,120,2100000,1,1,4,35,40,95.7968693
23日,日本,福岡,日本,羽田,16:00,60,8,1500000,30000,50,小規模運航,120,2100000,1,1,4,35,40,92.6962404
23日,日本,福岡,日本,羽田,16:30,60,8,1410000,30000,47,小規模運航,120,2100000,1,1,4,35,40,93.4527751
23日,日本,福岡,日本,羽田,17:00,60,8,1620000,30000,54,小規模運航,120,2100000,1,1,4,35,40,92.1936098
23日,日本,福岡,日本,羽田,17:30,60,8,1740000,30000,58,小規模運航,120,2100000,1,1,4,35,40,92.2173983
23日,日本,福岡,日本,羽田,18:00,60,8,1710000,30000,57,小規模運航,120,2100000,1,1,4,35,40,96.1844472
23日,日本,福岡,日本,羽田,18:30,60,8,1800000,30000,60,小規模運航,120,2100000,1,1,4,35,40,93.0523593
23日,日本,福岡,日本,羽田,19:00,60,8,1740000,30000,58,小規模運航,120,2100000,1,1,4,35,40,95.4042557
23日,日本,福岡,日本,羽田,19:30,60,8,1710000,30000,57,小規模運航,120,2100000,1,1,4,35,40,99.2563349
23日,日本,福岡,日本,羽田,20:00,60,8,1290000,30000,43,小規模運航,120,2100000,1,1,4,35,40,93.86767
23日,日本,福岡,日本,羽田,20:30,60,8,1290000,30000,43,小規模運航,120,2100000,1,1,4,35,40,98.3602476
23日,日本,福岡,日本,羽田,21:00,60,8,1410000,30000,47,小規模運航,120,2100000,1,1,4,35,40,77.91849
23日,日本,福岡,日本,羽田,21:30,60,8,1410000,30000,47,小規模運航,120,2100000,1,1,4,35,40,97.5458997
23日,日本,福岡,日本,羽田,22:00,60,8,1110000,30000,37,小規模運航,120,2100000,1,1,4,35,40,93.6196062
23日,日本,福岡,日本,羽田,22:30,60,8,1020000,30000,34,小規模運航,120,2100000,1,1,4,35,40,91.3537542
24日,日本,福岡,日本,羽田,07:00,60,8,1050000,30000,35,小規模運航,120,2100000,1,1,4,35,40,80.7264536
24日,日本,福岡,日本,羽田,07:30,60,8,1080000,30000,36,小規模運航,120,2100000,1,1,4,35,40,76.2008168
24日,日本,福岡,日本,羽田,08:00,60,8,1770000,30000,59,小規模運航,120,2100000,1,1,4,35,40,97.7967791
24日,日本,福岡,日本,羽田,08:30,60,8,1590000,30000,53,小規模運航,120,2100000,1,1,4,35,40,96.5577188
24日,日本,福岡,日本,羽田,09:00,60,8,1620000,30000,54,小規模運航,120,2100000,1,1,4,35,40,95.7336991
24日,日本,福岡,日本,羽田,09:30,60,8,1770000,30000,59,小規模運航,120,2100000,1,1,4,35,40,96.4477095
24日,日本,福岡,日本,羽田,10:00,60,8,1410000,30000,47,小規模運航,120,2100000,1,1,4,35,40,77.8828718
24日,日本,福岡,日本,羽田,10:30,60,8,1410000,30000,47,小規模運航,120,2100000,1,1,4,35,40,94.1897519
24日,日本,福岡,日本,羽田,11:00,60,8,1260000,30000,42,小規模運航,120,2100000,1,1,4,35,40,98.5838915
24日,日本,福岡,日本,羽田,11:30,60,8,1260000,30000,42,小規模運航,120,2100000,1,1,4,35,40,78.3695878
24日,日本,福岡,日本,羽田,12:00,60,8,1500000,30000,50,小規模運航,120,2100000,1,1,4,35,40,94.5402165
24日,日本,福岡,日本,羽田,12:30,60,8,1500000,30000,50,小規模運航,120,2100000,1,1,4,35,40,94.1393483
24日,日本,福岡,日本,羽田,13:00,60,8,1470000,30000,49,小規模運航,120,2100000,1,1,4,35,40,94.3294148
24日,日本,福岡,日本,羽田,13:30,60,8,1440000,30000,48,小規模運航,120,2100000,1,1,4,35,40,93.1736136
24日,日本,福岡,日本,羽田,14:00,60,8,1410000,30000,47,小規模運航,120,2100000,1,1,4,35,40,98.4264138
24日,日本,福岡,日本,羽田,14:30,60,8,1380000,30000,46,小規模運航,120,2100000,1,1,4,35,40,97.1468222
24日,日本,福岡,日本,羽田,15:00,60,8,1380000,30000,46,小規模運航,120,2100000,1,1,4,35,40,97.4699761
24日,日本,福岡,日本,羽田,15:30,60,8,1290000,30000,43,小規模運航,120,2100000,1,1,4,35,40,98.0396829
24日,日本,福岡,日本,羽田,16:00,60,8,1500000,30000,50,小規模運航,120,2100000,1,1,4,35,40,92.6962404
24日,日本,福岡,日本,羽田,16:30,60,8,1260000,30000,42,小規模運航,120,2100000,1,1,4,35,40,98.6250266
24日,日本,福岡,日本,羽田,17:00,60,8,1740000,30000,58,小規模運航,120,2100000,1,1,4,35,40,96.7609575
24日,日本,福岡,日本,羽田,17:30,60,8,1740000,30000,58,小規模運航,120,2100000,1,1,4,35,40,92.2173983
24日,日本,福岡,日本,羽田,18:00,60,8,1740000,30000,58,小規模運航,120,2100000,1,1,4,35,40,96.4205709
24日,日本,福岡,日本,羽田,18:30,60,8,1590000,30000,53,小規模運航,120,2100000,1,1,4,35,40,98.5636594
24日,日本,福岡,日本,羽田,19:00,60,8,1560000,30000,52,小規模運航,120,2100000,1,1,4,35,40,89.0531984
24日,日本,福岡,日本,羽田,19:30,60,8,1710000,30000,57,小規模運航,120,2100000,1,1,4,35,40,99.2563349
24日,日本,福岡,日本,羽田,20:00,60,8,1440000,30000,48,小規模運航,120,2100000,1,1,4,35,40,95.9521475
24日,日本,福岡,日本,羽田,20:30,60,8,1500000,30000,50,小規模運航,120,2100000,1,1,4,35,40,97.9666202
24日,日本,福岡,日本,羽田,21:00,60,8,1380000,30000,46,小規模運航,120,2100000,1,1,4,35,40,78.0672678
24日,日本,福岡,日本,羽田,21:30,60,8,1350000,30000,45,小規模運航,120,2100000,1,1,4,35,40,85.1930521
24日,日本,福岡,日本,羽田,22:00,60,8,1200000,30000,40,小規模運航,120,2100000,1,1,4,35,40,76.584196
24日,日本,福岡,日本,羽田,22:30,60,8,1050000,30000,35,小規模運航,120,2100000,1,1,4,35,40,72.5624724
25日,日本,福岡,日本,羽田,07:00,60,8,1110000,30000,37,小規模運航,120,2100000,1,1,4,35,40,87.3326395
25日,日本,福岡,日本,羽田,07:30,60,8,1050000,30000,35,小規模運航,120,2100000,1,1,4,35,40,85.0295063
25日,日本,福岡,日本,羽田,08:00,60,8,1770000,30000,59,小規模運航,120,2100000,1,1,4,35,40,97.7967791
25日,日本,福岡,日本,羽田,08:30,60,8,1650000,30000,55,小規模運航,120,2100000,1,1,4,35,40,95.9412259
25日,日本,福岡,日本,羽田,09:00,60,8,1590000,30000,53,小規模運航,120,2100000,1,1,4,35,40,96.1784253
25日,日本,福岡,日本,羽田,09:30,60,8,1680000,30000,56,小規模運航,120,2100000,1,1,4,35,40,96.3403813
25日,日本,福岡,日本,羽田,10:00,60,8,1290000,30000,43,小規模運航,120,2100000,1,1,4,35,40,83.4349004
25日,日本,福岡,日本,羽田,10:30,60,8,1380000,30000,46,小規模運航,120,2100000,1,1,4,35,40,98.1374072
25日,日本,福岡,日本,羽田,11:00,60,8,1290000,30000,43,小規模運航,120,2100000,1,1,4,35,40,93.633324
25日,日本,福岡,日本,羽田,11:30,60,8,1380000,30000,46,小規模運航,120,2100000,1,1,4,35,40,78.7952107
25日,日本,福岡,日本,羽田,12:00,60,8,1260000,30000,42,小規模運航,120,2100000,1,1,4,35,40,96.5954257
25日,日本,福岡,日本,羽田,12:30,60,8,1440000,30000,48,小規模運航,120,2100000,1,1,4,35,40,97.7117429
25日,日本,福岡,日本,羽田,13:00,60,8,1320000,30000,44,小規模運航,120,2100000,1,1,4,35,40,82.4353466
25日,日本,福岡,日本,羽田,13:30,60,8,1320000,30000,44,小規模運航,120,2100000,1,1,4,35,40,91.0130249
25日,日本,福岡,日本,羽田,14:00,60,8,1410000,30000,47,小規模運航,120,2100000,1,1,4,35,40,98.4264138
25日,日本,福岡,日本,羽田,14:30,60,8,1350000,30000,45,小規模運航,120,2100000,1,1,4,35,40,79.9734635
25日,日本,福岡,日本,羽田,15:00,60,8,1530000,30000,51,小規模運航,120,2100000,1,1,4,35,40,81.8771217
25日,日本,福岡,日本,羽田,15:30,60,8,1470000,30000,49,小規模運航,120,2100000,1,1,4,35,40,98.6714115
25日,日本,福岡,日本,羽田,16:00,60,8,1290000,30000,43,小規模運航,120,2100000,1,1,4,35,40,97.5632203
25日,日本,福岡,日本,羽田,16:30,60,8,1440000,30000,48,小規模運航,120,2100000,1,1,4,35,40,84.1744261
25日,日本,福岡,日本,羽田,17:00,60,8,1680000,30000,56,小規模運航,120,2100000,1,1,4,35,40,83.4981679
25日,日本,福岡,日本,羽田,17:30,60,8,1770000,30000,59,小規模運航,120,2100000,1,1,4,35,40,96.0230068
25日,日本,福岡,日本,羽田,18:00,60,8,1800000,30000,60,小規模運航,120,2100000,1,1,4,35,40,95.8532238
25日,日本,福岡,日本,羽田,18:30,60,8,1590000,30000,53,小規模運航,120,2100000,1,1,4,35,40,98.5636594
25日,日本,福岡,日本,羽田,19:00,60,8,1770000,30000,59,小規模運航,120,2100000,1,1,4,35,40,83.1000399
25日,日本,福岡,日本,羽田,19:30,60,8,1530000,30000,51,小規模運航,120,2100000,1,1,4,35,40,80.9753361
25日,日本,福岡,日本,羽田,20:00,60,8,1350000,30000,45,小規模運航,120,2100000,1,1,4,35,40,93.3240846
25日,日本,福岡,日本,羽田,20:30,60,8,1260000,30000,42,小規模運航,120,2100000,1,1,4,35,40,97.3205258
25日,日本,福岡,日本,羽田,21:00,60,8,1260000,30000,42,小規模運航,120,2100000,1,1,4,35,40,88.9592694
25日,日本,福岡,日本,羽田,21:30,60,8,1440000,30000,48,小規模運航,120,2100000,1,1,4,35,40,90.3937051
25日,日本,福岡,日本,羽田,22:00,60,8,1200000,30000,40,小規模運航,120,2100000,1,1,4,35,40,76.584196
25日,日本,福岡,日本,羽田,22:30,60,8,1050000,30000,35,小規模運航,120,2100000,1,1,4,35,40,72.5624724
26日,日本,福岡,日本,羽田,07:00,60,8,990000,30000,33,小規模運航,120,2100000,1,1,4,35,40,95.2033962
26日,日本,福岡,日本,羽田,07:30,60,8,1020000,30000,34,小規模運航,120,2100000,1,1,4,35,40,82.5170872
26日,日本,福岡,日本,羽田,08:00,60,8,1770000,30000,59,小規模運航,120,2100000,1,1,4,35,40,97.7967791
26日,日本,福岡,日本,羽田,08:30,60,8,1770000,30000,59,小規模運航,120,2100000,1,1,4,35,40,90.9039296
26日,日本,福岡,日本,羽田,09:00,60,8,1530000,30000,51,小規模運航,120,2100000,1,1,4,35,40,78.5037167
26日,日本,福岡,日本,羽田,09:30,60,8,1530000,30000,51,小規模運航,120,2100000,1,1,4,35,40,98.8724844
26日,日本,福岡,日本,羽田,10:00,60,8,1410000,30000,47,小規模運航,120,2100000,1,1,4,35,40,77.8828718
26日,日本,福岡,日本,羽田,10:30,60,8,1410000,30000,47,小規模運航,120,2100000,1,1,4,35,40,94.1897519
26日,日本,福岡,日本,羽田,11:00,60,8,1320000,30000,44,小規模運航,120,2100000,1,1,4,35,40,87.2565553
26日,日本,福岡,日本,羽田,11:30,60,8,1500000,30000,50,小規模運航,120,2100000,1,1,4,35,40,88.5413645
26日,日本,福岡,日本,羽田,12:00,60,8,1350000,30000,45,小規模運航,120,2100000,1,1,4,35,40,84.1807301
26日,日本,福岡,日本,羽田,12:30,60,8,1380000,30000,46,小規模運航,120,2100000,1,1,4,35,40,94.2836838
26日,日本,福岡,日本,羽田,13:00,60,8,1380000,30000,46,小規模運航,120,2100000,1,1,4,35,40,75.6365927
26日,日本,福岡,日本,羽田,13:30,60,8,1320000,30000,44,小規模運航,120,2100000,1,1,4,35,40,91.0130249
26日,日本,福岡,日本,羽田,14:00,60,8,1410000,30000,47,小規模運航,120,2100000,1,1,4,35,40,98.4264138
26日,日本,福岡,日本,羽田,14:30,60,8,1260000,30000,42,小規模運航,120,2100000,1,1,4,35,40,98.2650144
26日,日本,福岡,日本,羽田,15:00,60,8,1320000,30000,44,小規模運航,120,2100000,1,1,4,35,40,92.9020089
26日,日本,福岡,日本,羽田,15:30,60,8,1290000,30000,43,小規模運航,120,2100000,1,1,4,35,40,98.0396829
26日,日本,福岡,日本,羽田,16:00,60,8,1410000,30000,47,小規模運航,120,2100000,1,1,4,35,40,82.1706152
26日,日本,福岡,日本,羽田,16:30,60,8,1500000,30000,50,小規模運航,120,2100000,1,1,4,35,40,91.0064258
26日,日本,福岡,日本,羽田,17:00,60,8,1740000,30000,58,小規模運航,120,2100000,1,1,4,35,40,96.7609575
26日,日本,福岡,日本,羽田,17:30,60,8,1680000,30000,56,小規模運航,120,2100000,1,1,4,35,40,88.3504633
26日,日本,福岡,日本,羽田,18:00,60,8,1650000,30000,55,小規模運航,120,2100000,1,1,4,35,40,94.0575069
26日,日本,福岡,日本,羽田,18:30,60,8,1740000,30000,58,小規模運航,120,2100000,1,1,4,35,40,97.9464046
26日,日本,福岡,日本,羽田,19:00,60,8,1770000,30000,59,小規模運航,120,2100000,1,1,4,35,40,83.1000399
26日,日本,福岡,日本,羽田,19:30,60,8,1650000,30000,55,小規模運航,120,2100000,1,1,4,35,40,85.0339944
26日,日本,福岡,日本,羽田,20:00,60,8,1440000,30000,48,小規模運航,120,2100000,1,1,4,35,40,95.9521475
26日,日本,福岡,日本,羽田,20:30,60,8,1260000,30000,42,小規模運航,120,2100000,1,1,4,35,40,97.3205258
26日,日本,福岡,日本,羽田,21:00,60,8,1260000,30000,42,小規模運航,120,2100000,1,1,4,35,40,88.9592694
26日,日本,福岡,日本,羽田,21:30,60,8,1290000,30000,43,小規模運航,120,2100000,1,1,4,35,40,94.8859555
26日,日本,福岡,日本,羽田,22:00,60,8,1050000,30000,35,小規模運航,120,2100000,1,1,4,35,40,97.5329414
26日,日本,福岡,日本,羽田,22:30,60,8,1020000,30000,34,小規模運航,120,2100000,1,1,4,35,40,91.3537542
27日,日本,福岡,日本,羽田,07:00,60,8,1110000,30000,37,小規模運航,120,2100000,1,1,4,35,40,87.3326395
27日,日本,福岡,日本,羽田,07:30,60,8,1020000,30000,34,小規模運航,120,2100000,1,1,4,35,40,82.5170872
27日,日本,福岡,日本,羽田,08:00,60,8,1770000,30000,59,小規模運航,120,2100000,1,1,4,35,40,97.7967791
27日,日本,福岡,日本,羽田,08:30,60,8,1680000,30000,56,小規模運航,120,2100000,1,1,4,35,40,96.5588323
27日,日本,福岡,日本,羽田,09:00,60,8,1650000,30000,55,小規模運航,120,2100000,1,1,4,35,40,94.7487559
27日,日本,福岡,日本,羽田,09:30,60,8,1740000,30000,58,小規模運航,120,2100000,1,1,4,35,40,99.1151781
27日,日本,福岡,日本,羽田,10:00,60,8,1320000,30000,44,小規模運航,120,2100000,1,1,4,35,40,97.818815
27日,日本,福岡,日本,羽田,10:30,60,8,1470000,30000,49,小規模運航,120,2100000,1,1,4,35,40,91.1590364
27日,日本,福岡,日本,羽田,11:00,60,8,1410000,30000,47,小規模運航,120,2100000,1,1,4,35,40,97.9927135
27日,日本,福岡,日本,羽田,11:30,60,8,1410000,30000,47,小規模運航,120,2100000,1,1,4,35,40,98.3286887
27日,日本,福岡,日本,羽田,12:00,60,8,1380000,30000,46,小規模運航,120,2100000,1,1,4,35,40,97.6981784
27日,日本,福岡,日本,羽田,12:30,60,8,1470000,30000,49,小規模運航,120,2100000,1,1,4,35,40,98.2403732
27日,日本,福岡,日本,羽田,13:00,60,8,1290000,30000,43,小規模運航,120,2100000,1,1,4,35,40,78.1740752
27日,日本,福岡,日本,羽田,13:30,60,8,1320000,30000,44,小規模運航,120,2100000,1,1,4,35,40,91.0130249
27日,日本,福岡,日本,羽田,14:00,60,8,1350000,30000,45,小規模運航,120,2100000,1,1,4,35,40,93.9581584
27日,日本,福岡,日本,羽田,14:30,60,8,1440000,30000,48,小規模運航,120,2100000,1,1,4,35,40,93.5063731
27日,日本,福岡,日本,羽田,15:00,60,8,1290000,30000,43,小規模運航,120,2100000,1,1,4,35,40,87.7712194
27日,日本,福岡,日本,羽田,15:30,60,8,1410000,30000,47,小規模運航,120,2100000,1,1,4,35,40,83.1208484
27日,日本,福岡,日本,羽田,16:00,60,8,1500000,30000,50,小規模運航,120,2100000,1,1,4,35,40,92.6962404
27日,日本,福岡,日本,羽田,16:30,60,8,1410000,30000,47,小規模運航,120,2100000,1,1,4,35,40,93.4527751
27日,日本,福岡,日本,羽田,17:00,60,8,1680000,30000,56,小規模運航,120,2100000,1,1,4,35,40,83.4981679
27日,日本,福岡,日本,羽田,17:30,60,8,1560000,30000,52,小規模運航,120,2100000,1,1,4,35,40,88.7420833
27日,日本,福岡,日本,羽田,18:00,60,8,1680000,30000,56,小規模運航,120,2100000,1,1,4,35,40,98.4777539
27日,日本,福岡,日本,羽田,18:30,60,8,1590000,30000,53,小規模運航,120,2100000,1,1,4,35,40,98.5636594
27日,日本,福岡,日本,羽田,19:00,60,8,1740000,30000,58,小規模運航,120,2100000,1,1,4,35,40,95.4042557
27日,日本,福岡,日本,羽田,19:30,60,8,1800000,30000,60,小規模運航,120,2100000,1,1,4,35,40,97.2590557
27日,日本,福岡,日本,羽田,20:00,60,8,1470000,30000,49,小規模運航,120,2100000,1,1,4,35,40,93.8140912
27日,日本,福岡,日本,羽田,20:30,60,8,1290000,30000,43,小規模運航,120,2100000,1,1,4,35,40,98.3602476
27日,日本,福岡,日本,羽田,21:00,60,8,1380000,30000,46,小規模運航,120,2100000,1,1,4,35,40,78.0672678
27日,日本,福岡,日本,羽田,21:30,60,8,1410000,30000,47,小規模運航,120,2100000,1,1,4,35,40,97.5458997
27日,日本,福岡,日本,羽田,22:00,60,8,1200000,30000,40,小規模運航,120,2100000,1,1,4,35,40,76.584196
27日,日本,福岡,日本,羽田,22:30,60,8,1110000,30000,37,小規模運航,120,2100000,1,1,4,35,40,82.0069626
28日,日本,福岡,日本,羽田,07:00,60,8,1050000,30000,35,小規模運航,120,2100000,1,1,4,35,40,80.7264536
28日,日本,福岡,日本,羽田,07:30,60,8,990000,30000,33,小規模運航,120,2100000,1,1,4,35,40,94.8483614
28日,日本,福岡,日本,羽田,08:00,60,8,1620000,30000,54,小規模運航,120,2100000,1,1,4,35,40,97.3047813
28日,日本,福岡,日本,羽田,08:30,60,8,1770000,30000,59,小規模運航,120,2100000,1,1,4,35,40,90.9039296
28日,日本,福岡,日本,羽田,09:00,60,8,1650000,30000,55,小規模運航,120,2100000,1,1,4,35,40,94.7487559
28日,日本,福岡,日本,羽田,09:30,60,8,1770000,30000,59,小規模運航,120,2100000,1,1,4,35,40,96.4477095
28日,日本,福岡,日本,羽田,10:00,60,8,1260000,30000,42,小規模運航,120,2100000,1,1,4,35,40,96.0562152
28日,日本,福岡,日本,羽田,10:30,60,8,1410000,30000,47,小規模運航,120,2100000,1,1,4,35,40,94.1897519
28日,日本,福岡,日本,羽田,11:00,60,8,1410000,30000,47,小規模運航,120,2100000,1,1,4,35,40,97.9927135
28日,日本,福岡,日本,羽田,11:30,60,8,1470000,30000,49,小規模運航,120,2100000,1,1,4,35,40,73.0610583
28日,日本,福岡,日本,羽田,12:00,60,8,1350000,30000,45,小規模運航,120,2100000,1,1,4,35,40,84.1807301
28日,日本,福岡,日本,羽田,12:30,60,8,1380000,30000,46,小規模運航,120,2100000,1,1,4,35,40,94.2836838
28日,日本,福岡,日本,羽田,13:00,60,8,1350000,30000,45,小規模運航,120,2100000,1,1,4,35,40,88.138207
28日,日本,福岡,日本,羽田,13:30,60,8,1380000,30000,46,小規模運航,120,2100000,1,1,4,35,40,97.4311505
28日,日本,福岡,日本,羽田,14:00,60,8,1440000,30000,48,小規模運航,120,2100000,1,1,4,35,40,97.8041245
28日,日本,福岡,日本,羽田,14:30,60,8,1470000,30000,49,小規模運航,120,2100000,1,1,4,35,40,76.452466
28日,日本,福岡,日本,羽田,15:00,60,8,1440000,30000,48,小規模運航,120,2100000,1,1,4,35,40,92.4836898
28日,日本,福岡,日本,羽田,15:30,60,8,1350000,30000,45,小規模運航,120,2100000,1,1,4,35,40,85.1553777
28日,日本,福岡,日本,羽田,16:00,60,8,1470000,30000,49,小規模運航,120,2100000,1,1,4,35,40,93.1609586
28日,日本,福岡,日本,羽田,16:30,60,8,1380000,30000,46,小規模運航,120,2100000,1,1,4,35,40,94.3952691
28日,日本,福岡,日本,羽田,17:00,60,8,1770000,30000,59,小規模運航,120,2100000,1,1,4,35,40,89.0326947
28日,日本,福岡,日本,羽田,17:30,60,8,1770000,30000,59,小規模運航,120,2100000,1,1,4,35,40,96.0230068
28日,日本,福岡,日本,羽田,18:00,60,8,1800000,30000,60,小規模運航,120,2100000,1,1,4,35,40,95.8532238
28日,日本,福岡,日本,羽田,18:30,60,8,1680000,30000,56,小規模運航,120,2100000,1,1,4,35,40,94.8061541
28日,日本,福岡,日本,羽田,19:00,60,8,1740000,30000,58,小規模運航,120,2100000,1,1,4,35,40,95.4042557
28日,日本,福岡,日本,羽田,19:30,60,8,1770000,30000,59,小規模運航,120,2100000,1,1,4,35,40,95.2929551
28日,日本,福岡,日本,羽田,20:00,60,8,1440000,30000,48,小規模運航,120,2100000,1,1,4,35,40,95.9521475
28日,日本,福岡,日本,羽田,20:30,60,8,1410000,30000,47,小規模運航,120,2100000,1,1,4,35,40,83.1567932
28日,日本,福岡,日本,羽田,21:00,60,8,1290000,30000,43,小規模運航,120,2100000,1,1,4,35,40,98.2583191
28日,日本,福岡,日本,羽田,21:30,60,8,1320000,30000,44,小規模運航,120,2100000,1,1,4,35,40,98.2024615
28日,日本,福岡,日本,羽田,22:00,60,8,1200000,30000,40,小規模運航,120,2100000,1,1,4,35,40,76.584196
28日,日本,福岡,日本,羽田,22:30,60,8,1020000,30000,34,小規模運航,120,2100000,1,1,4,35,40,91.3537542
29日,日本,福岡,日本,羽田,07:00,60,8,1110000,30000,37,小規模運航,120,2100000,1,1,4,35,40,87.3326395
29日,日本,福岡,日本,羽田,07:30,60,8,1050000,30000,35,小規模運航,120,2100000,1,1,4,35,40,85.0295063
29日,日本,福岡,日本,羽田,08:00,60,8,1710000,30000,57,小規模運航,120,2100000,1,1,4,35,40,98.6412414
29日,日本,福岡,日本,羽田,08:30,60,8,1650000,30000,55,小規模運航,120,2100000,1,1,4,35,40,95.9412259
29日,日本,福岡,日本,羽田,09:00,60,8,1740000,30000,58,小規模運航,120,2100000,1,1,4,35,40,97.6151835
29日,日本,福岡,日本,羽田,09:30,60,8,1800000,30000,60,小規模運航,120,2100000,1,1,4,35,40,94.5253507
29日,日本,福岡,日本,羽田,10:00,60,8,1470000,30000,49,小規模運航,120,2100000,1,1,4,35,40,94.5589049
29日,日本,福岡,日本,羽田,10:30,60,8,1320000,30000,44,小規模運航,120,2100000,1,1,4,35,40,89.6548444
29日,日本,福岡,日本,羽田,11:00,60,8,1500000,30000,50,小規模運航,120,2100000,1,1,4,35,40,94.394389
29日,日本,福岡,日本,羽田,11:30,60,8,1320000,30000,44,小規模運航,120,2100000,1,1,4,35,40,91.6996916
29日,日本,福岡,日本,羽田,12:00,60,8,1410000,30000,47,小規模運航,120,2100000,1,1,4,35,40,98.4420169
29日,日本,福岡,日本,羽田,12:30,60,8,1320000,30000,44,小規模運航,120,2100000,1,1,4,35,40,74.5524839
29日,日本,福岡,日本,羽田,13:00,60,8,1350000,30000,45,小規模運航,120,2100000,1,1,4,35,40,88.138207
29日,日本,福岡,日本,羽田,13:30,60,8,1410000,30000,47,小規模運航,120,2100000,1,1,4,35,40,97.6049044
29日,日本,福岡,日本,羽田,14:00,60,8,1350000,30000,45,小規模運航,120,2100000,1,1,4,35,40,93.9581584
29日,日本,福岡,日本,羽田,14:30,60,8,1290000,30000,43,小規模運航,120,2100000,1,1,4,35,40,93.173919
29日,日本,福岡,日本,羽田,15:00,60,8,1350000,30000,45,小規模運航,120,2100000,1,1,4,35,40,84.3072656
29日,日本,福岡,日本,羽田,15:30,60,8,1440000,30000,48,小規模運航,120,2100000,1,1,4,35,40,95.7968693
29日,日本,福岡,日本,羽田,16:00,60,8,1290000,30000,43,小規模運航,120,2100000,1,1,4,35,40,97.5632203
29日,日本,福岡,日本,羽田,16:30,60,8,1470000,30000,49,小規模運航,120,2100000,1,1,4,35,40,95.7304238
29日,日本,福岡,日本,羽田,17:00,60,8,1770000,30000,59,小規模運航,120,2100000,1,1,4,35,40,89.0326947
29日,日本,福岡,日本,羽田,17:30,60,8,1590000,30000,53,小規模運航,120,2100000,1,1,4,35,40,97.4241331
29日,日本,福岡,日本,羽田,18:00,60,8,1590000,30000,53,小規模運航,120,2100000,1,1,4,35,40,88.6898516
29日,日本,福岡,日本,羽田,18:30,60,8,1590000,30000,53,小規模運航,120,2100000,1,1,4,35,40,98.5636594
29日,日本,福岡,日本,羽田,19:00,60,8,1560000,30000,52,小規模運航,120,2100000,1,1,4,35,40,89.0531984
29日,日本,福岡,日本,羽田,19:30,60,8,1650000,30000,55,小規模運航,120,2100000,1,1,4,35,40,85.0339944
29日,日本,福岡,日本,羽田,20:00,60,8,1350000,30000,45,小規模運航,120,2100000,1,1,4,35,40,93.3240846
29日,日本,福岡,日本,羽田,20:30,60,8,1260000,30000,42,小規模運航,120,2100000,1,1,4,35,40,97.3205258
29日,日本,福岡,日本,羽田,21:00,60,8,1320000,30000,44,小規模運航,120,2100000,1,1,4,35,40,95.5729861
29日,日本,福岡,日本,羽田,21:30,60,8,1260000,30000,42,小規模運航,120,2100000,1,1,4,35,40,82.4018254
29日,日本,福岡,日本,羽田,22:00,60,8,1170000,30000,39,小規模運航,120,2100000,1,1,4,35,40,87.3577465
29日,日本,福岡,日本,羽田,22:30,60,8,1230000,30000,41,小規模運航,120,2100000,1,1,4,35,40,97.9258236
30日,日本,福岡,日本,羽田,07:00,60,8,1020000,30000,34,小規模運航,120,2100000,1,1,4,35,40,82.9248728
30日,日本,福岡,日本,羽田,07:30,60,8,1080000,30000,36,小規模運航,120,2100000,1,1,4,35,40,76.2008168
30日,日本,福岡,日本,羽田,08:00,60,8,1740000,30000,58,小規模運航,120,2100000,1,1,4,35,40,94.5580776
30日,日本,福岡,日本,羽田,08:30,60,8,1800000,30000,60,小規模運航,120,2100000,1,1,4,35,40,98.5716458
30日,日本,福岡,日本,羽田,09:00,60,8,1680000,30000,56,小規模運航,120,2100000,1,1,4,35,40,94.8973896
30日,日本,福岡,日本,羽田,09:30,60,8,1650000,30000,55,小規模運航,120,2100000,1,1,4,35,40,96.0604367
30日,日本,福岡,日本,羽田,10:00,60,8,1380000,30000,46,小規模運航,120,2100000,1,1,4,35,40,92.433663
30日,日本,福岡,日本,羽田,10:30,60,8,1320000,30000,44,小規模運航,120,2100000,1,1,4,35,40,89.6548444
30日,日本,福岡,日本,羽田,11:00,60,8,1350000,30000,45,小規模運航,120,2100000,1,1,4,35,40,98.378433
30日,日本,福岡,日本,羽田,11:30,60,8,1500000,30000,50,小規模運航,120,2100000,1,1,4,35,40,88.5413645
30日,日本,福岡,日本,羽田,12:00,60,8,1290000,30000,43,小規模運航,120,2100000,1,1,4,35,40,85.8474048
30日,日本,福岡,日本,羽田,12:30,60,8,1260000,30000,42,小規模運航,120,2100000,1,1,4,35,40,89.4574799
30日,日本,福岡,日本,羽田,13:00,60,8,1470000,30000,49,小規模運航,120,2100000,1,1,4,35,40,94.3294148
30日,日本,福岡,日本,羽田,13:30,60,8,1260000,30000,42,小規模運航,120,2100000,1,1,4,35,40,86.9193346
30日,日本,福岡,日本,羽田,14:00,60,8,1260000,30000,42,小規模運航,120,2100000,1,1,4,35,40,94.5285316
30日,日本,福岡,日本,羽田,14:30,60,8,1320000,30000,44,小規模運航,120,2100000,1,1,4,35,40,95.343819
30日,日本,福岡,日本,羽田,15:00,60,8,1470000,30000,49,小規模運航,120,2100000,1,1,4,35,40,98.2356006
30日,日本,福岡,日本,羽田,15:30,60,8,1350000,30000,45,小規模運航,120,2100000,1,1,4,35,40,85.1553777
30日,日本,福岡,日本,羽田,16:00,60,8,1380000,30000,46,小規模運航,120,2100000,1,1,4,35,40,80.9846473
30日,日本,福岡,日本,羽田,16:30,60,8,1470000,30000,49,小規模運航,120,2100000,1,1,4,35,40,95.7304238
30日,日本,福岡,日本,羽田,17:00,60,8,1560000,30000,52,小規模運航,120,2100000,1,1,4,35,40,87.9524369
30日,日本,福岡,日本,羽田,17:30,60,8,1590000,30000,53,小規模運航,120,2100000,1,1,4,35,40,97.4241331
30日,日本,福岡,日本,羽田,18:00,60,8,1800000,30000,60,小規模運航,120,2100000,1,1,4,35,40,95.8532238
30日,日本,福岡,日本,羽田,18:30,60,8,1800000,30000,60,小規模運航,120,2100000,1,1,4,35,40,93.0523593
30日,日本,福岡,日本,羽田,19:00,60,8,1590000,30000,53,小規模運航,120,2100000,1,1,4,35,40,94.9977221
30日,日本,福岡,日本,羽田,19:30,60,8,1740000,30000,58,小規模運航,120,2100000,1,1,4,35,40,79.1431777
30日,日本,福岡,日本,羽田,20:00,60,8,1260000,30000,42,小規模運航,120,2100000,1,1,4,35,40,96.6989839
30日,日本,福岡,日本,羽田,20:30,60,8,1410000,30000,47,小規模運航,120,2100000,1,1,4,35,40,83.1567932
30日,日本,福岡,日本,羽田,21:00,60,8,1470000,30000,49,小規模運航,120,2100000,1,1,4,35,40,97.8506414
30日,日本,福岡,日本,羽田,21:30,60,8,1260000,30000,42,小規模運航,120,2100000,1,1,4,35,40,82.4018254
30日,日本,福岡,日本,羽田,22:00,60,8,1140000,30000,38,小規模運航,120,2100000,1,1,4,35,40,76.5648971
30日,日本,福岡,日本,羽田,22:30,60,8,1170000,30000,39,小規模運航,120,2100000,1,1,4,35,40,93.9980739
31日,日本,福岡,日本,羽田,07:00,60,8,1050000,30000,35,小規模運航,120,2100000,1,1,4,35,40,80.7264536
31日,日本,福岡,日本,羽田,07:30,60,8,1140000,30000,38,小規模運航,120,2100000,1,1,4,35,40,94.2788047
31日,日本,福岡,日本,羽田,08:00,60,8,1770000,30000,59,小規模運航,120,2100000,1,1,4,35,40,97.7967791
31日,日本,福岡,日本,羽田,08:30,60,8,1710000,30000,57,小規模運航,120,2100000,1,1,4,35,40,96.497723
31日,日本,福岡,日本,羽田,09:00,60,8,1680000,30000,56,小規模運航,120,2100000,1,1,4,35,40,94.8973896
31日,日本,福岡,日本,羽田,09:30,60,8,1650000,30000,55,小規模運航,120,2100000,1,1,4,35,40,96.0604367
31日,日本,福岡,日本,羽田,10:00,60,8,1260000,30000,42,小規模運航,120,2100000,1,1,4,35,40,96.0562152
31日,日本,福岡,日本,羽田,10:30,60,8,1410000,30000,47,小規模運航,120,2100000,1,1,4,35,40,94.1897519
31日,日本,福岡,日本,羽田,11:00,60,8,1260000,30000,42,小規模運航,120,2100000,1,1,4,35,40,98.5838915
31日,日本,福岡,日本,羽田,11:30,60,8,1470000,30000,49,小規模運航,120,2100000,1,1,4,35,40,73.0610583
31日,日本,福岡,日本,羽田,12:00,60,8,1320000,30000,44,小規模運航,120,2100000,1,1,4,35,40,94.3453158
31日,日本,福岡,日本,羽田,12:30,60,8,1410000,30000,47,小規模運航,120,2100000,1,1,4,35,40,89.5665815
31日,日本,福岡,日本,羽田,13:00,60,8,1410000,30000,47,小規模運航,120,2100000,1,1,4,35,40,81.6411556
31日,日本,福岡,日本,羽田,13:30,60,8,1320000,30000,44,小規模運航,120,2100000,1,1,4,35,40,91.0130249
31日,日本,福岡,日本,羽田,14:00,60,8,1260000,30000,42,小規模運航,120,2100000,1,1,4,35,40,94.5285316
31日,日本,福岡,日本,羽田,14:30,60,8,1470000,30000,49,小規模運航,120,2100000,1,1,4,35,40,76.452466
31日,日本,福岡,日本,羽田,15:00,60,8,1290000,30000,43,小規模運航,120,2100000,1,1,4,35,40,87.7712194
31日,日本,福岡,日本,羽田,15:30,60,8,1530000,30000,51,小規模運航,120,2100000,1,1,4,35,40,93.075772
31日,日本,福岡,日本,羽田,16:00,60,8,1350000,30000,45,小規模運航,120,2100000,1,1,4,35,40,79.8856707
31日,日本,福岡,日本,羽田,16:30,60,8,1470000,30000,49,小規模運航,120,2100000,1,1,4,35,40,95.7304238
31日,日本,福岡,日本,羽田,17:00,60,8,1800000,30000,60,小規模運航,120,2100000,1,1,4,35,40,97.3776801
31日,日本,福岡,日本,羽田,17:30,60,8,1530000,30000,51,小規模運航,120,2100000,1,1,4,35,40,96.7720706
31日,日本,福岡,日本,羽田,18:00,60,8,1710000,30000,57,小規模運航,120,2100000,1,1,4,35,40,96.1844472
31日,日本,福岡,日本,羽田,18:30,60,8,1740000,30000,58,小規模運航,120,2100000,1,1,4,35,40,97.9464046
31日,日本,福岡,日本,羽田,19:00,60,8,1530000,30000,51,小規模運航,120,2100000,1,1,4,35,40,98.339522
31日,日本,福岡,日本,羽田,19:30,60,8,1650000,30000,55,小規模運航,120,2100000,1,1,4,35,40,85.0339944
31日,日本,福岡,日本,羽田,20:00,60,8,1320000,30000,44,小規模運航,120,2100000,1,1,4,35,40,99.089837
31日,日本,福岡,日本,羽田,20:30,60,8,1290000,30000,43,小規模運航,120,2100000,1,1,4,35,40,98.3602476
31日,日本,福岡,日本,羽田,21:00,60,8,1290000,30000,43,小規模運航,120,2100000,1,1,4,35,40,98.2583191
31日,日本,福岡,日本,羽田,21:30,60,8,1380000,30000,46,小規模運航,120,2100000,1,1,4,35,40,96.7708785
31日,日本,福岡,日本,羽田,22:00,60,8,1170000,30000,39,小規模運航,120,2100000,1,1,4,35,40,87.3577465
31日,日本,福岡,日本,羽田,22:30,60,8,1200000,30000,40,小規模運航,120,2100000,1,1,4,35,40,88.3929672
1日,日本,福岡,日本,中部,07:00,60,9,1140000,30000,38,小規模運航,120,2100000,1,1,4,35,40,96.8914911
1日,日本,福岡,日本,中部,07:30,60,9,1020000,30000,34,小規模運航,120,2100000,1,1,4,35,40,92.7453183
1日,日本,福岡,日本,中部,08:00,60,9,1800000,30000,60,小規模運航,120,2100000,1,1,4,35,40,88.2699475
1日,日本,福岡,日本,中部,08:30,60,9,1590000,30000,53,小規模運航,120,2100000,1,1,4,35,40,85.6587418
1日,日本,福岡,日本,中部,09:00,60,9,1620000,30000,54,小規模運航,120,2100000,1,1,4,35,40,87.3722682
1日,日本,福岡,日本,中部,09:30,60,9,1590000,30000,53,小規模運航,120,2100000,1,1,4,35,40,93.5236717
1日,日本,福岡,日本,中部,10:00,60,9,1470000,30000,49,小規模運航,120,2100000,1,1,4,35,40,96.2561957
1日,日本,福岡,日本,中部,10:30,60,9,1350000,30000,45,小規模運航,120,2100000,1,1,4,35,40,90.6796264
1日,日本,福岡,日本,中部,11:00,60,9,1380000,30000,46,小規模運航,120,2100000,1,1,4,35,40,97.9952282
1日,日本,福岡,日本,中部,11:30,60,9,1470000,30000,49,小規模運航,120,2100000,1,1,4,35,40,97.1783652
1日,日本,福岡,日本,中部,12:00,60,9,1440000,30000,48,小規模運航,120,2100000,1,1,4,35,40,77.915871
1日,日本,福岡,日本,中部,12:30,60,9,1380000,30000,46,小規模運航,120,2100000,1,1,4,35,40,89.5327303
1日,日本,福岡,日本,中部,13:00,60,9,1290000,30000,43,小規模運航,120,2100000,1,1,4,35,40,97.6371803
1日,日本,福岡,日本,中部,13:30,60,9,1410000,30000,47,小規模運航,120,2100000,1,1,4,35,40,77.2594174
1日,日本,福岡,日本,中部,14:00,60,9,1350000,30000,45,小規模運航,120,2100000,1,1,4,35,40,97.1209468
1日,日本,福岡,日本,中部,14:30,60,9,1440000,30000,48,小規模運航,120,2100000,1,1,4,35,40,96.3340153
1日,日本,福岡,日本,中部,15:00,60,9,1500000,30000,50,小規模運航,120,2100000,1,1,4,35,40,85.687245
1日,日本,福岡,日本,中部,15:30,60,9,1530000,30000,51,小規模運航,120,2100000,1,1,4,35,40,98.0623995
1日,日本,福岡,日本,中部,16:00,60,9,1410000,30000,47,小規模運航,120,2100000,1,1,4,35,40,95.364948
1日,日本,福岡,日本,中部,16:30,60,9,1380000,30000,46,小規模運航,120,2100000,1,1,4,35,40,98.6032597
1日,日本,福岡,日本,中部,17:00,60,9,1740000,30000,58,小規模運航,120,2100000,1,1,4,35,40,92.4077003
1日,日本,福岡,日本,中部,17:30,60,9,1770000,30000,59,小規模運航,120,2100000,1,1,4,35,40,95.3883106
1日,日本,福岡,日本,中部,18:00,60,9,1590000,30000,53,小規模運航,120,2100000,1,1,4,35,40,91.8831819
1日,日本,福岡,日本,中部,18:30,60,9,1620000,30000,54,小規模運航,120,2100000,1,1,4,35,40,84.0768125
1日,日本,福岡,日本,中部,19:00,60,9,1680000,30000,56,小規模運航,120,2100000,1,1,4,35,40,98.565046
1日,日本,福岡,日本,中部,19:30,60,9,1770000,30000,59,小規模運航,120,2100000,1,1,4,35,40,98.3137029
1日,日本,福岡,日本,中部,20:00,60,9,1410000,30000,47,小規模運航,120,2100000,1,1,4,35,40,91.8525369
1日,日本,福岡,日本,中部,20:30,60,9,1410000,30000,47,小規模運航,120,2100000,1,1,4,35,40,97.3331181
1日,日本,福岡,日本,中部,21:00,60,9,1470000,30000,49,小規模運航,120,2100000,1,1,4,35,40,89.3017643
1日,日本,福岡,日本,中部,21:30,60,9,1350000,30000,45,小規模運航,120,2100000,1,1,4,35,40,95.2888561
1日,日本,福岡,日本,中部,22:00,60,9,1230000,30000,41,小規模運航,120,2100000,1,1,4,35,40,79.8625652
1日,日本,福岡,日本,中部,22:30,60,9,1050000,30000,35,小規模運航,120,2100000,1,1,4,35,40,89.1209789
2日,日本,福岡,日本,中部,07:00,60,9,1170000,30000,39,小規模運航,120,2100000,1,1,4,35,40,90.6957199
2日,日本,福岡,日本,中部,07:30,60,9,1020000,30000,34,小規模運航,120,2100000,1,1,4,35,40,92.7453183
2日,日本,福岡,日本,中部,08:00,60,9,1680000,30000,56,小規模運航,120,2100000,1,1,4,35,40,97.2206418
2日,日本,福岡,日本,中部,08:30,60,9,1710000,30000,57,小規模運航,120,2100000,1,1,4,35,40,84.8855777
2日,日本,福岡,日本,中部,09:00,60,9,1740000,30000,58,小規模運航,120,2100000,1,1,4,35,40,92.8709451
2日,日本,福岡,日本,中部,09:30,60,9,1800000,30000,60,小規模運航,120,2100000,1,1,4,35,40,98.4471308
2日,日本,福岡,日本,中部,10:00,60,9,1320000,30000,44,小規模運航,120,2100000,1,1,4,35,40,97.2476026
2日,日本,福岡,日本,中部,10:30,60,9,1320000,30000,44,小規模運航,120,2100000,1,1,4,35,40,81.3526619
2日,日本,福岡,日本,中部,11:00,60,9,1380000,30000,46,小規模運航,120,2100000,1,1,4,35,40,97.9952282
2日,日本,福岡,日本,中部,11:30,60,9,1380000,30000,46,小規模運航,120,2100000,1,1,4,35,40,96.4519743
2日,日本,福岡,日本,中部,12:00,60,9,1290000,30000,43,小規模運航,120,2100000,1,1,4,35,40,89.8563373
2日,日本,福岡,日本,中部,12:30,60,9,1410000,30000,47,小規模運航,120,2100000,1,1,4,35,40,96.7752161
2日,日本,福岡,日本,中部,13:00,60,9,1410000,30000,47,小規模運航,120,2100000,1,1,4,35,40,93.4909988
2日,日本,福岡,日本,中部,13:30,60,9,1440000,30000,48,小規模運航,120,2100000,1,1,4,35,40,86.8043108
2日,日本,福岡,日本,中部,14:00,60,9,1290000,30000,43,小規模運航,120,2100000,1,1,4,35,40,98.1413613
2日,日本,福岡,日本,中部,14:30,60,9,1380000,30000,46,小規模運航,120,2100000,1,1,4,35,40,79.8747231
2日,日本,福岡,日本,中部,15:00,60,9,1410000,30000,47,小規模運航,120,2100000,1,1,4,35,40,96.7187262
2日,日本,福岡,日本,中部,15:30,60,9,1290000,30000,43,小規模運航,120,2100000,1,1,4,35,40,95.896025
2日,日本,福岡,日本,中部,16:00,60,9,1470000,30000,49,小規模運航,120,2100000,1,1,4,35,40,95.7357438
2日,日本,福岡,日本,中部,16:30,60,9,1320000,30000,44,小規模運航,120,2100000,1,1,4,35,40,94.8624519
2日,日本,福岡,日本,中部,17:00,60,9,1770000,30000,59,小規模運航,120,2100000,1,1,4,35,40,93.2228044
2日,日本,福岡,日本,中部,17:30,60,9,1620000,30000,54,小規模運航,120,2100000,1,1,4,35,40,96.5770595
2日,日本,福岡,日本,中部,18:00,60,9,1770000,30000,59,小規模運航,120,2100000,1,1,4,35,40,98.4960498
2日,日本,福岡,日本,中部,18:30,60,9,1620000,30000,54,小規模運航,120,2100000,1,1,4,35,40,84.0768125
2日,日本,福岡,日本,中部,19:00,60,9,1590000,30000,53,小規模運航,120,2100000,1,1,4,35,40,73.814359
2日,日本,福岡,日本,中部,19:30,60,9,1680000,30000,56,小規模運航,120,2100000,1,1,4,35,40,92.5292662
2日,日本,福岡,日本,中部,20:00,60,9,1290000,30000,43,小規模運航,120,2100000,1,1,4,35,40,87.9413464
2日,日本,福岡,日本,中部,20:30,60,9,1380000,30000,46,小規模運航,120,2100000,1,1,4,35,40,97.6346954
2日,日本,福岡,日本,中部,21:00,60,9,1380000,30000,46,小規模運航,120,2100000,1,1,4,35,40,82.7556563
2日,日本,福岡,日本,中部,21:30,60,9,1290000,30000,43,小規模運航,120,2100000,1,1,4,35,40,97.8750537
2日,日本,福岡,日本,中部,22:00,60,9,1200000,30000,40,小規模運航,120,2100000,1,1,4,35,40,93.0390309
2日,日本,福岡,日本,中部,22:30,60,9,1140000,30000,38,小規模運航,120,2100000,1,1,4,35,40,97.8601292
3日,日本,福岡,日本,中部,07:00,60,9,1050000,30000,35,小規模運航,120,2100000,1,1,4,35,40,96.3157016
3日,日本,福岡,日本,中部,07:30,60,9,1080000,30000,36,小規模運航,120,2100000,1,1,4,35,40,77.7016598
3日,日本,福岡,日本,中部,08:00,60,9,1590000,30000,53,小規模運航,120,2100000,1,1,4,35,40,87.683647
3日,日本,福岡,日本,中部,08:30,60,9,1560000,30000,52,小規模運航,120,2100000,1,1,4,35,40,98.9014804
3日,日本,福岡,日本,中部,09:00,60,9,1650000,30000,55,小規模運航,120,2100000,1,1,4,35,40,89.5920082
3日,日本,福岡,日本,中部,09:30,60,9,1620000,30000,54,小規模運航,120,2100000,1,1,4,35,40,98.6251974
3日,日本,福岡,日本,中部,10:00,60,9,1320000,30000,44,小規模運航,120,2100000,1,1,4,35,40,97.2476026
3日,日本,福岡,日本,中部,10:30,60,9,1410000,30000,47,小規模運航,120,2100000,1,1,4,35,40,97.8728499
3日,日本,福岡,日本,中部,11:00,60,9,1470000,30000,49,小規模運航,120,2100000,1,1,4,35,40,95.0937943
3日,日本,福岡,日本,中部,11:30,60,9,1410000,30000,47,小規模運航,120,2100000,1,1,4,35,40,91.3041152
3日,日本,福岡,日本,中部,12:00,60,9,1410000,30000,47,小規模運航,120,2100000,1,1,4,35,40,90.2039431
3日,日本,福岡,日本,中部,12:30,60,9,1410000,30000,47,小規模運航,120,2100000,1,1,4,35,40,96.7752161
3日,日本,福岡,日本,中部,13:00,60,9,1410000,30000,47,小規模運航,120,2100000,1,1,4,35,40,93.4909988
3日,日本,福岡,日本,中部,13:30,60,9,1410000,30000,47,小規模運航,120,2100000,1,1,4,35,40,77.2594174
3日,日本,福岡,日本,中部,14:00,60,9,1290000,30000,43,小規模運航,120,2100000,1,1,4,35,40,98.1413613
3日,日本,福岡,日本,中部,14:30,60,9,1380000,30000,46,小規模運航,120,2100000,1,1,4,35,40,79.8747231
3日,日本,福岡,日本,中部,15:00,60,9,1470000,30000,49,小規模運航,120,2100000,1,1,4,35,40,92.9147014
3日,日本,福岡,日本,中部,15:30,60,9,1530000,30000,51,小規模運航,120,2100000,1,1,4,35,40,98.0623995
3日,日本,福岡,日本,中部,16:00,60,9,1380000,30000,46,小規模運航,120,2100000,1,1,4,35,40,74.6469879
3日,日本,福岡,日本,中部,16:30,60,9,1410000,30000,47,小規模運航,120,2100000,1,1,4,35,40,96.446869
3日,日本,福岡,日本,中部,17:00,60,9,1770000,30000,59,小規模運航,120,2100000,1,1,4,35,40,93.2228044
3日,日本,福岡,日本,中部,17:30,60,9,1530000,30000,51,小規模運航,120,2100000,1,1,4,35,40,97.9254779
3日,日本,福岡,日本,中部,18:00,60,9,1560000,30000,52,小規模運航,120,2100000,1,1,4,35,40,98.6117931
3日,日本,福岡,日本,中部,18:30,60,9,1800000,30000,60,小規模運航,120,2100000,1,1,4,35,40,94.9015557
3日,日本,福岡,日本,中部,19:00,60,9,1740000,30000,58,小規模運航,120,2100000,1,1,4,35,40,92.5687632
3日,日本,福岡,日本,中部,19:30,60,9,1560000,30000,52,小規模運航,120,2100000,1,1,4,35,40,98.6001887
3日,日本,福岡,日本,中部,20:00,60,9,1500000,30000,50,小規模運航,120,2100000,1,1,4,35,40,87.89506
3日,日本,福岡,日本,中部,20:30,60,9,1470000,30000,49,小規模運航,120,2100000,1,1,4,35,40,93.9903586
3日,日本,福岡,日本,中部,21:00,60,9,1350000,30000,45,小規模運航,120,2100000,1,1,4,35,40,93.3205571
3日,日本,福岡,日本,中部,21:30,60,9,1350000,30000,45,小規模運航,120,2100000,1,1,4,35,40,95.2888561
3日,日本,福岡,日本,中部,22:00,60,9,1050000,30000,35,小規模運航,120,2100000,1,1,4,35,40,93.0383077
3日,日本,福岡,日本,中部,22:30,60,9,990000,30000,33,小規模運航,120,2100000,1,1,4,35,40,65.8460013
4日,日本,福岡,日本,中部,07:00,60,9,990000,30000,33,小規模運航,120,2100000,1,1,4,35,40,84.3594567
4日,日本,福岡,日本,中部,07:30,60,9,1050000,30000,35,小規模運航,120,2100000,1,1,4,35,40,94.6051096
4日,日本,福岡,日本,中部,08:00,60,9,1710000,30000,57,小規模運航,120,2100000,1,1,4,35,40,98.297506
4日,日本,福岡,日本,中部,08:30,60,9,1680000,30000,56,小規模運航,120,2100000,1,1,4,35,40,98.6746179
4日,日本,福岡,日本,中部,09:00,60,9,1740000,30000,58,小規模運航,120,2100000,1,1,4,35,40,92.8709451
4日,日本,福岡,日本,中部,09:30,60,9,1770000,30000,59,小規模運航,120,2100000,1,1,4,35,40,98.2536771
4日,日本,福岡,日本,中部,10:00,60,9,1530000,30000,51,小規模運航,120,2100000,1,1,4,35,40,98.6433794
4日,日本,福岡,日本,中部,10:30,60,9,1500000,30000,50,小規模運航,120,2100000,1,1,4,35,40,80.3763654
4日,日本,福岡,日本,中部,11:00,60,9,1410000,30000,47,小規模運航,120,2100000,1,1,4,35,40,96.9763298
4日,日本,福岡,日本,中部,11:30,60,9,1260000,30000,42,小規模運航,120,2100000,1,1,4,35,40,85.2101249
4日,日本,福岡,日本,中部,12:00,60,9,1410000,30000,47,小規模運航,120,2100000,1,1,4,35,40,90.2039431
4日,日本,福岡,日本,中部,12:30,60,9,1440000,30000,48,小規模運航,120,2100000,1,1,4,35,40,97.8131507
4日,日本,福岡,日本,中部,13:00,60,9,1320000,30000,44,小規模運航,120,2100000,1,1,4,35,40,91.3741974
4日,日本,福岡,日本,中部,13:30,60,9,1320000,30000,44,小規模運航,120,2100000,1,1,4,35,40,97.9360908
4日,日本,福岡,日本,中部,14:00,60,9,1320000,30000,44,小規模運航,120,2100000,1,1,4,35,40,71.3321024
4日,日本,福岡,日本,中部,14:30,60,9,1410000,30000,47,小規模運航,120,2100000,1,1,4,35,40,97.1586198
4日,日本,福岡,日本,中部,15:00,60,9,1260000,30000,42,小規模運航,120,2100000,1,1,4,35,40,94.2105183
4日,日本,福岡,日本,中部,15:30,60,9,1320000,30000,44,小規模運航,120,2100000,1,1,4,35,40,88.0283115
4日,日本,福岡,日本,中部,16:00,60,9,1530000,30000,51,小規模運航,120,2100000,1,1,4,35,40,92.9552512
4日,日本,福岡,日本,中部,16:30,60,9,1350000,30000,45,小規模運航,120,2100000,1,1,4,35,40,98.3992363
4日,日本,福岡,日本,中部,17:00,60,9,1680000,30000,56,小規模運航,120,2100000,1,1,4,35,40,96.2093248
4日,日本,福岡,日本,中部,17:30,60,9,1770000,30000,59,小規模運航,120,2100000,1,1,4,35,40,95.3883106
4日,日本,福岡,日本,中部,18:00,60,9,1650000,30000,55,小規模運航,120,2100000,1,1,4,35,40,98.0152869
4日,日本,福岡,日本,中部,18:30,60,9,1650000,30000,55,小規模運航,120,2100000,1,1,4,35,40,91.1355363
4日,日本,福岡,日本,中部,19:00,60,9,1770000,30000,59,小規模運航,120,2100000,1,1,4,35,40,88.8255213
4日,日本,福岡,日本,中部,19:30,60,9,1770000,30000,59,小規模運航,120,2100000,1,1,4,35,40,98.3137029
4日,日本,福岡,日本,中部,20:00,60,9,1470000,30000,49,小規模運航,120,2100000,1,1,4,35,40,93.532465
4日,日本,福岡,日本,中部,20:30,60,9,1470000,30000,49,小規模運航,120,2100000,1,1,4,35,40,93.9903586
4日,日本,福岡,日本,中部,21:00,60,9,1380000,30000,46,小規模運航,120,2100000,1,1,4,35,40,82.7556563
4日,日本,福岡,日本,中部,21:30,60,9,1320000,30000,44,小規模運航,120,2100000,1,1,4,35,40,83.0766816
4日,日本,福岡,日本,中部,22:00,60,9,1140000,30000,38,小規模運航,120,2100000,1,1,4,35,40,87.3898203
4日,日本,福岡,日本,中部,22:30,60,9,1140000,30000,38,小規模運航,120,2100000,1,1,4,35,40,97.8601292
5日,日本,福岡,日本,中部,07:00,60,9,1170000,30000,39,小規模運航,120,2100000,1,1,4,35,40,90.6957199
5日,日本,福岡,日本,中部,07:30,60,9,1170000,30000,39,小規模運航,120,2100000,1,1,4,35,40,94.9845867
5日,日本,福岡,日本,中部,08:00,60,9,1710000,30000,57,小規模運航,120,2100000,1,1,4,35,40,98.297506
5日,日本,福岡,日本,中部,08:30,60,9,1770000,30000,59,小規模運航,120,2100000,1,1,4,35,40,94.3307392
5日,日本,福岡,日本,中部,09:00,60,9,1620000,30000,54,小規模運航,120,2100000,1,1,4,35,40,87.3722682
5日,日本,福岡,日本,中部,09:30,60,9,1650000,30000,55,小規模運航,120,2100000,1,1,4,35,40,78.0357625
5日,日本,福岡,日本,中部,10:00,60,9,1350000,30000,45,小規模運航,120,2100000,1,1,4,35,40,87.8243158
5日,日本,福岡,日本,中部,10:30,60,9,1410000,30000,47,小規模運航,120,2100000,1,1,4,35,40,97.8728499
5日,日本,福岡,日本,中部,11:00,60,9,1410000,30000,47,小規模運航,120,2100000,1,1,4,35,40,96.9763298
5日,日本,福岡,日本,中部,11:30,60,9,1500000,30000,50,小規模運航,120,2100000,1,1,4,35,40,98.4492619
5日,日本,福岡,日本,中部,12:00,60,9,1380000,30000,46,小規模運航,120,2100000,1,1,4,35,40,70.4594161
5日,日本,福岡,日本,中部,12:30,60,9,1500000,30000,50,小規模運航,120,2100000,1,1,4,35,40,97.7943423
5日,日本,福岡,日本,中部,13:00,60,9,1260000,30000,42,小規模運航,120,2100000,1,1,4,35,40,93.8974974
5日,日本,福岡,日本,中部,13:30,60,9,1410000,30000,47,小規模運航,120,2100000,1,1,4,35,40,77.2594174
5日,日本,福岡,日本,中部,14:00,60,9,1320000,30000,44,小規模運航,120,2100000,1,1,4,35,40,71.3321024
5日,日本,福岡,日本,中部,14:30,60,9,1440000,30000,48,小規模運航,120,2100000,1,1,4,35,40,96.3340153
5日,日本,福岡,日本,中部,15:00,60,9,1260000,30000,42,小規模運航,120,2100000,1,1,4,35,40,94.2105183
5日,日本,福岡,日本,中部,15:30,60,9,1380000,30000,46,小規模運航,120,2100000,1,1,4,35,40,85.666773
5日,日本,福岡,日本,中部,16:00,60,9,1470000,30000,49,小規模運航,120,2100000,1,1,4,35,40,95.7357438
5日,日本,福岡,日本,中部,16:30,60,9,1440000,30000,48,小規模運航,120,2100000,1,1,4,35,40,77.9593122
5日,日本,福岡,日本,中部,17:00,60,9,1770000,30000,59,小規模運航,120,2100000,1,1,4,35,40,93.2228044
5日,日本,福岡,日本,中部,17:30,60,9,1770000,30000,59,小規模運航,120,2100000,1,1,4,35,40,95.3883106
5日,日本,福岡,日本,中部,18:00,60,9,1800000,30000,60,小規模運航,120,2100000,1,1,4,35,40,98.6397705
5日,日本,福岡,日本,中部,18:30,60,9,1740000,30000,58,小規模運航,120,2100000,1,1,4,35,40,99.0971128
5日,日本,福岡,日本,中部,19:00,60,9,1680000,30000,56,小規模運航,120,2100000,1,1,4,35,40,98.565046
5日,日本,福岡,日本,中部,19:30,60,9,1770000,30000,59,小規模運航,120,2100000,1,1,4,35,40,98.3137029
5日,日本,福岡,日本,中部,20:00,60,9,1320000,30000,44,小規模運航,120,2100000,1,1,4,35,40,98.4243711
5日,日本,福岡,日本,中部,20:30,60,9,1350000,30000,45,小規模運航,120,2100000,1,1,4,35,40,96.1913768
5日,日本,福岡,日本,中部,21:00,60,9,1410000,30000,47,小規模運航,120,2100000,1,1,4,35,40,98.2446678
5日,日本,福岡,日本,中部,21:30,60,9,1530000,30000,51,小規模運航,120,2100000,1,1,4,35,40,93.388174
5日,日本,福岡,日本,中部,22:00,60,9,1170000,30000,39,小規模運航,120,2100000,1,1,4,35,40,97.745714
5日,日本,福岡,日本,中部,22:30,60,9,1170000,30000,39,小規模運航,120,2100000,1,1,4,35,40,96.8422187
6日,日本,福岡,日本,中部,07:00,60,9,1230000,30000,41,小規模運航,120,2100000,1,1,4,35,40,56.1337086
6日,日本,福岡,日本,中部,07:30,60,9,1200000,30000,40,小規模運航,120,2100000,1,1,4,35,40,83.8054038
6日,日本,福岡,日本,中部,08:00,60,9,1740000,30000,58,小規模運航,120,2100000,1,1,4,35,40,95.5620793
6日,日本,福岡,日本,中部,08:30,60,9,1770000,30000,59,小規模運航,120,2100000,1,1,4,35,40,94.3307392
6日,日本,福岡,日本,中部,09:00,60,9,1680000,30000,56,小規模運航,120,2100000,1,1,4,35,40,89.8685059
6日,日本,福岡,日本,中部,09:30,60,9,1770000,30000,59,小規模運航,120,2100000,1,1,4,35,40,98.2536771
6日,日本,福岡,日本,中部,10:00,60,9,1440000,30000,48,小規模運航,120,2100000,1,1,4,35,40,92.2216952
6日,日本,福岡,日本,中部,10:30,60,9,1320000,30000,44,小規模運航,120,2100000,1,1,4,35,40,81.3526619
6日,日本,福岡,日本,中部,11:00,60,9,1290000,30000,43,小規模運航,120,2100000,1,1,4,35,40,95.5333194
6日,日本,福岡,日本,中部,11:30,60,9,1410000,30000,47,小規模運航,120,2100000,1,1,4,35,40,91.3041152
6日,日本,福岡,日本,中部,12:00,60,9,1530000,30000,51,小規模運航,120,2100000,1,1,4,35,40,98.2524253
6日,日本,福岡,日本,中部,12:30,60,9,1500000,30000,50,小規模運航,120,2100000,1,1,4,35,40,97.7943423
6日,日本,福岡,日本,中部,13:00,60,9,1440000,30000,48,小規模運航,120,2100000,1,1,4,35,40,97.7095781
6日,日本,福岡,日本,中部,13:30,60,9,1290000,30000,43,小規模運航,120,2100000,1,1,4,35,40,97.9744325
6日,日本,福岡,日本,中部,14:00,60,9,1410000,30000,47,小規模運航,120,2100000,1,1,4,35,40,97.5271422
6日,日本,福岡,日本,中部,14:30,60,9,1350000,30000,45,小規模運航,120,2100000,1,1,4,35,40,84.4591266
6日,日本,福岡,日本,中部,15:00,60,9,1320000,30000,44,小規模運航,120,2100000,1,1,4,35,40,91.2098944
6日,日本,福岡,日本,中部,15:30,60,9,1380000,30000,46,小規模運航,120,2100000,1,1,4,35,40,85.666773
6日,日本,福岡,日本,中部,16:00,60,9,1320000,30000,44,小規模運航,120,2100000,1,1,4,35,40,98.6888095
6日,日本,福岡,日本,中部,16:30,60,9,1350000,30000,45,小規模運航,120,2100000,1,1,4,35,40,98.3992363
6日,日本,福岡,日本,中部,17:00,60,9,1530000,30000,51,小規模運航,120,2100000,1,1,4,35,40,96.8077311
6日,日本,福岡,日本,中部,17:30,60,9,1530000,30000,51,小規模運航,120,2100000,1,1,4,35,40,97.9254779
6日,日本,福岡,日本,中部,18:00,60,9,1590000,30000,53,小規模運航,120,2100000,1,1,4,35,40,91.8831819
6日,日本,福岡,日本,中部,18:30,60,9,1560000,30000,52,小規模運航,120,2100000,1,1,4,35,40,96.0347368
6日,日本,福岡,日本,中部,19:00,60,9,1530000,30000,51,小規模運航,120,2100000,1,1,4,35,40,89.973302
6日,日本,福岡,日本,中部,19:30,60,9,1620000,30000,54,小規模運航,120,2100000,1,1,4,35,40,80.1573555
6日,日本,福岡,日本,中部,20:00,60,9,1350000,30000,45,小規模運航,120,2100000,1,1,4,35,40,95.04457
6日,日本,福岡,日本,中部,20:30,60,9,1410000,30000,47,小規模運航,120,2100000,1,1,4,35,40,97.3331181
6日,日本,福岡,日本,中部,21:00,60,9,1500000,30000,50,小規模運航,120,2100000,1,1,4,35,40,93.4692849
6日,日本,福岡,日本,中部,21:30,60,9,1320000,30000,44,小規模運航,120,2100000,1,1,4,35,40,83.0766816
6日,日本,福岡,日本,中部,22:00,60,9,1080000,30000,36,小規模運航,120,2100000,1,1,4,35,40,97.725093
6日,日本,福岡,日本,中部,22:30,60,9,1050000,30000,35,小規模運航,120,2100000,1,1,4,35,40,89.1209789
7日,日本,福岡,日本,中部,07:00,60,9,1050000,30000,35,小規模運航,120,2100000,1,1,4,35,40,96.3157016
7日,日本,福岡,日本,中部,07:30,60,9,1050000,30000,35,小規模運航,120,2100000,1,1,4,35,40,94.6051096
7日,日本,福岡,日本,中部,08:00,60,9,1680000,30000,56,小規模運航,120,2100000,1,1,4,35,40,97.2206418
7日,日本,福岡,日本,中部,08:30,60,9,1680000,30000,56,小規模運航,120,2100000,1,1,4,35,40,98.6746179
7日,日本,福岡,日本,中部,09:00,60,9,1560000,30000,52,小規模運航,120,2100000,1,1,4,35,40,98.7473991
7日,日本,福岡,日本,中部,09:30,60,9,1590000,30000,53,小規模運航,120,2100000,1,1,4,35,40,93.5236717
7日,日本,福岡,日本,中部,10:00,60,9,1410000,30000,47,小規模運航,120,2100000,1,1,4,35,40,87.4475916
7日,日本,福岡,日本,中部,10:30,60,9,1380000,30000,46,小規模運航,120,2100000,1,1,4,35,40,94.0766804
7日,日本,福岡,日本,中部,11:00,60,9,1440000,30000,48,小規模運航,120,2100000,1,1,4,35,40,98.4480236
7日,日本,福岡,日本,中部,11:30,60,9,1320000,30000,44,小規模運航,120,2100000,1,1,4,35,40,82.5570489
7日,日本,福岡,日本,中部,12:00,60,9,1410000,30000,47,小規模運航,120,2100000,1,1,4,35,40,90.2039431
7日,日本,福岡,日本,中部,12:30,60,9,1380000,30000,46,小規模運航,120,2100000,1,1,4,35,40,89.5327303
7日,日本,福岡,日本,中部,13:00,60,9,1320000,30000,44,小規模運航,120,2100000,1,1,4,35,40,91.3741974
7日,日本,福岡,日本,中部,13:30,60,9,1530000,30000,51,小規模運航,120,2100000,1,1,4,35,40,79.0890532
7日,日本,福岡,日本,中部,14:00,60,9,1440000,30000,48,小規模運航,120,2100000,1,1,4,35,40,95.8012223
7日,日本,福岡,日本,中部,14:30,60,9,1260000,30000,42,小規模運航,120,2100000,1,1,4,35,40,86.7804422
7日,日本,福岡,日本,中部,15:00,60,9,1410000,30000,47,小規模運航,120,2100000,1,1,4,35,40,96.7187262
7日,日本,福岡,日本,中部,15:30,60,9,1290000,30000,43,小規模運航,120,2100000,1,1,4,35,40,95.896025
7日,日本,福岡,日本,中部,16:00,60,9,1410000,30000,47,小規模運航,120,2100000,1,1,4,35,40,95.364948
7日,日本,福岡,日本,中部,16:30,60,9,1350000,30000,45,小規模運航,120,2100000,1,1,4,35,40,98.3992363
7日,日本,福岡,日本,中部,17:00,60,9,1770000,30000,59,小規模運航,120,2100000,1,1,4,35,40,93.2228044
7日,日本,福岡,日本,中部,17:30,60,9,1680000,30000,56,小規模運航,120,2100000,1,1,4,35,40,93.5582777
7日,日本,福岡,日本,中部,18:00,60,9,1710000,30000,57,小規模運航,120,2100000,1,1,4,35,40,96.4323818
7日,日本,福岡,日本,中部,18:30,60,9,1620000,30000,54,小規模運航,120,2100000,1,1,4,35,40,84.0768125
7日,日本,福岡,日本,中部,19:00,60,9,1740000,30000,58,小規模運航,120,2100000,1,1,4,35,40,92.5687632
7日,日本,福岡,日本,中部,19:30,60,9,1560000,30000,52,小規模運航,120,2100000,1,1,4,35,40,98.6001887
7日,日本,福岡,日本,中部,20:00,60,9,1410000,30000,47,小規模運航,120,2100000,1,1,4,35,40,91.8525369
7日,日本,福岡,日本,中部,20:30,60,9,1320000,30000,44,小規模運航,120,2100000,1,1,4,35,40,98.4544773
7日,日本,福岡,日本,中部,21:00,60,9,1500000,30000,50,小規模運航,120,2100000,1,1,4,35,40,93.4692849
7日,日本,福岡,日本,中部,21:30,60,9,1290000,30000,43,小規模運航,120,2100000,1,1,4,35,40,97.8750537
7日,日本,福岡,日本,中部,22:00,60,9,1260000,30000,42,小規模運航,120,2100000,1,1,4,35,40,92.0825577
7日,日本,福岡,日本,中部,22:30,60,9,1200000,30000,40,小規模運航,120,2100000,1,1,4,35,40,94.1621711
8日,日本,福岡,日本,中部,07:00,60,9,1020000,30000,34,小規模運航,120,2100000,1,1,4,35,40,75.046836
8日,日本,福岡,日本,中部,07:30,60,9,1050000,30000,35,小規模運航,120,2100000,1,1,4,35,40,94.6051096
8日,日本,福岡,日本,中部,08:00,60,9,1710000,30000,57,小規模運航,120,2100000,1,1,4,35,40,98.297506
8日,日本,福岡,日本,中部,08:30,60,9,1680000,30000,56,小規模運航,120,2100000,1,1,4,35,40,98.6746179
8日,日本,福岡,日本,中部,09:00,60,9,1770000,30000,59,小規模運航,120,2100000,1,1,4,35,40,82.3567064
8日,日本,福岡,日本,中部,09:30,60,9,1770000,30000,59,小規模運航,120,2100000,1,1,4,35,40,98.2536771
8日,日本,福岡,日本,中部,10:00,60,9,1470000,30000,49,小規模運航,120,2100000,1,1,4,35,40,96.2561957
8日,日本,福岡,日本,中部,10:30,60,9,1320000,30000,44,小規模運航,120,2100000,1,1,4,35,40,81.3526619
8日,日本,福岡,日本,中部,11:00,60,9,1380000,30000,46,小規模運航,120,2100000,1,1,4,35,40,97.9952282
8日,日本,福岡,日本,中部,11:30,60,9,1440000,30000,48,小規模運航,120,2100000,1,1,4,35,40,83.0977817
8日,日本,福岡,日本,中部,12:00,60,9,1410000,30000,47,小規模運航,120,2100000,1,1,4,35,40,90.2039431
8日,日本,福岡,日本,中部,12:30,60,9,1470000,30000,49,小規模運航,120,2100000,1,1,4,35,40,86.2559438
8日,日本,福岡,日本,中部,13:00,60,9,1440000,30000,48,小規模運航,120,2100000,1,1,4,35,40,97.7095781
8日,日本,福岡,日本,中部,13:30,60,9,1380000,30000,46,小規模運航,120,2100000,1,1,4,35,40,98.4122998
8日,日本,福岡,日本,中部,14:00,60,9,1440000,30000,48,小規模運航,120,2100000,1,1,4,35,40,95.8012223
8日,日本,福岡,日本,中部,14:30,60,9,1320000,30000,44,小規模運航,120,2100000,1,1,4,35,40,97.1662866
8日,日本,福岡,日本,中部,15:00,60,9,1290000,30000,43,小規模運航,120,2100000,1,1,4,35,40,96.310807
8日,日本,福岡,日本,中部,15:30,60,9,1380000,30000,46,小規模運航,120,2100000,1,1,4,35,40,85.666773
8日,日本,福岡,日本,中部,16:00,60,9,1470000,30000,49,小規模運航,120,2100000,1,1,4,35,40,95.7357438
8日,日本,福岡,日本,中部,16:30,60,9,1290000,30000,43,小規模運航,120,2100000,1,1,4,35,40,98.307027
8日,日本,福岡,日本,中部,17:00,60,9,1620000,30000,54,小規模運航,120,2100000,1,1,4,35,40,92.9576614
8日,日本,福岡,日本,中部,17:30,60,9,1650000,30000,55,小規模運航,120,2100000,1,1,4,35,40,95.5708775
8日,日本,福岡,日本,中部,18:00,60,9,1770000,30000,59,小規模運航,120,2100000,1,1,4,35,40,98.4960498
8日,日本,福岡,日本,中部,18:30,60,9,1710000,30000,57,小規模運航,120,2100000,1,1,4,35,40,88.5055761
8日,日本,福岡,日本,中部,19:00,60,9,1710000,30000,57,小規模運航,120,2100000,1,1,4,35,40,98.2860632
8日,日本,福岡,日本,中部,19:30,60,9,1530000,30000,51,小規模運航,120,2100000,1,1,4,35,40,94.5997562
8日,日本,福岡,日本,中部,20:00,60,9,1320000,30000,44,小規模運航,120,2100000,1,1,4,35,40,98.4243711
8日,日本,福岡,日本,中部,20:30,60,9,1260000,30000,42,小規模運航,120,2100000,1,1,4,35,40,88.4760319
8日,日本,福岡,日本,中部,21:00,60,9,1470000,30000,49,小規模運航,120,2100000,1,1,4,35,40,89.3017643
8日,日本,福岡,日本,中部,21:30,60,9,1530000,30000,51,小規模運航,120,2100000,1,1,4,35,40,93.388174
8日,日本,福岡,日本,中部,22:00,60,9,1230000,30000,41,小規模運航,120,2100000,1,1,4,35,40,79.8625652
8日,日本,福岡,日本,中部,22:30,60,9,1050000,30000,35,小規模運航,120,2100000,1,1,4,35,40,89.1209789
9日,日本,福岡,日本,中部,07:00,60,9,1230000,30000,41,小規模運航,120,2100000,1,1,4,35,40,56.1337086
9日,日本,福岡,日本,中部,07:30,60,9,1020000,30000,34,小規模運航,120,2100000,1,1,4,35,40,92.7453183
9日,日本,福岡,日本,中部,08:00,60,9,1590000,30000,53,小規模運航,120,2100000,1,1,4,35,40,87.683647
9日,日本,福岡,日本,中部,08:30,60,9,1710000,30000,57,小規模運航,120,2100000,1,1,4,35,40,84.8855777
9日,日本,福岡,日本,中部,09:00,60,9,1650000,30000,55,小規模運航,120,2100000,1,1,4,35,40,89.5920082
9日,日本,福岡,日本,中部,09:30,60,9,1530000,30000,51,小規模運航,120,2100000,1,1,4,35,40,97.3414284
9日,日本,福岡,日本,中部,10:00,60,9,1410000,30000,47,小規模運航,120,2100000,1,1,4,35,40,87.4475916
9日,日本,福岡,日本,中部,10:30,60,9,1260000,30000,42,小規模運航,120,2100000,1,1,4,35,40,98.3259326
9日,日本,福岡,日本,中部,11:00,60,9,1260000,30000,42,小規模運航,120,2100000,1,1,4,35,40,94.5710964
9日,日本,福岡,日本,中部,11:30,60,9,1410000,30000,47,小規模運航,120,2100000,1,1,4,35,40,91.3041152
9日,日本,福岡,日本,中部,12:00,60,9,1410000,30000,47,小規模運航,120,2100000,1,1,4,35,40,90.2039431
9日,日本,福岡,日本,中部,12:30,60,9,1410000,30000,47,小規模運航,120,2100000,1,1,4,35,40,96.7752161
9日,日本,福岡,日本,中部,13:00,60,9,1320000,30000,44,小規模運航,120,2100000,1,1,4,35,40,91.3741974
9日,日本,福岡,日本,中部,13:30,60,9,1470000,30000,49,小規模運航,120,2100000,1,1,4,35,40,78.8887064
9日,日本,福岡,日本,中部,14:00,60,9,1500000,30000,50,小規模運航,120,2100000,1,1,4,35,40,95.1074831
9日,日本,福岡,日本,中部,14:30,60,9,1410000,30000,47,小規模運航,120,2100000,1,1,4,35,40,97.1586198
9日,日本,福岡,日本,中部,15:00,60,9,1260000,30000,42,小規模運航,120,2100000,1,1,4,35,40,94.2105183
9日,日本,福岡,日本,中部,15:30,60,9,1440000,30000,48,小規模運航,120,2100000,1,1,4,35,40,90.212497
9日,日本,福岡,日本,中部,16:00,60,9,1290000,30000,43,小規模運航,120,2100000,1,1,4,35,40,95.0592528
9日,日本,福岡,日本,中部,16:30,60,9,1320000,30000,44,小規模運航,120,2100000,1,1,4,35,40,94.8624519
9日,日本,福岡,日本,中部,17:00,60,9,1770000,30000,59,小規模運航,120,2100000,1,1,4,35,40,93.2228044
9日,日本,福岡,日本,中部,17:30,60,9,1740000,30000,58,小規模運航,120,2100000,1,1,4,35,40,96.5612295
9日,日本,福岡,日本,中部,18:00,60,9,1590000,30000,53,小規模運航,120,2100000,1,1,4,35,40,91.8831819
9日,日本,福岡,日本,中部,18:30,60,9,1680000,30000,56,小規模運航,120,2100000,1,1,4,35,40,98.54173
9日,日本,福岡,日本,中部,19:00,60,9,1650000,30000,55,小規模運航,120,2100000,1,1,4,35,40,87.4326939
9日,日本,福岡,日本,中部,19:30,60,9,1770000,30000,59,小規模運航,120,2100000,1,1,4,35,40,98.3137029
9日,日本,福岡,日本,中部,20:00,60,9,1410000,30000,47,小規模運航,120,2100000,1,1,4,35,40,91.8525369
9日,日本,福岡,日本,中部,20:30,60,9,1470000,30000,49,小規模運航,120,2100000,1,1,4,35,40,93.9903586
9日,日本,福岡,日本,中部,21:00,60,9,1410000,30000,47,小規模運航,120,2100000,1,1,4,35,40,98.2446678
9日,日本,福岡,日本,中部,21:30,60,9,1290000,30000,43,小規模運航,120,2100000,1,1,4,35,40,97.8750537
9日,日本,福岡,日本,中部,22:00,60,9,990000,30000,33,小規模運航,120,2100000,1,1,4,35,40,96.7490327
9日,日本,福岡,日本,中部,22:30,60,9,1080000,30000,36,小規模運航,120,2100000,1,1,4,35,40,94.3075259
10日,日本,福岡,日本,中部,07:00,60,9,1200000,30000,40,小規模運航,120,2100000,1,1,4,35,40,66.3195281
10日,日本,福岡,日本,中部,07:30,60,9,1080000,30000,36,小規模運航,120,2100000,1,1,4,35,40,77.7016598
10日,日本,福岡,日本,中部,08:00,60,9,1740000,30000,58,小規模運航,120,2100000,1,1,4,35,40,95.5620793
10日,日本,福岡,日本,中部,08:30,60,9,1770000,30000,59,小規模運航,120,2100000,1,1,4,35,40,94.3307392
10日,日本,福岡,日本,中部,09:00,60,9,1560000,30000,52,小規模運航,120,2100000,1,1,4,35,40,98.7473991
10日,日本,福岡,日本,中部,09:30,60,9,1650000,30000,55,小規模運航,120,2100000,1,1,4,35,40,78.0357625
10日,日本,福岡,日本,中部,10:00,60,9,1380000,30000,46,小規模運航,120,2100000,1,1,4,35,40,96.0697175
10日,日本,福岡,日本,中部,10:30,60,9,1410000,30000,47,小規模運航,120,2100000,1,1,4,35,40,97.8728499
10日,日本,福岡,日本,中部,11:00,60,9,1410000,30000,47,小規模運航,120,2100000,1,1,4,35,40,96.9763298
10日,日本,福岡,日本,中部,11:30,60,9,1320000,30000,44,小規模運航,120,2100000,1,1,4,35,40,82.5570489
10日,日本,福岡,日本,中部,12:00,60,9,1440000,30000,48,小規模運航,120,2100000,1,1,4,35,40,77.915871
10日,日本,福岡,日本,中部,12:30,60,9,1470000,30000,49,小規模運航,120,2100000,1,1,4,35,40,86.2559438
10日,日本,福岡,日本,中部,13:00,60,9,1320000,30000,44,小規模運航,120,2100000,1,1,4,35,40,91.3741974
10日,日本,福岡,日本,中部,13:30,60,9,1290000,30000,43,小規模運航,120,2100000,1,1,4,35,40,97.9744325
10日,日本,福岡,日本,中部,14:00,60,9,1290000,30000,43,小規模運航,120,2100000,1,1,4,35,40,98.1413613
10日,日本,福岡,日本,中部,14:30,60,9,1290000,30000,43,小規模運航,120,2100000,1,1,4,35,40,96.46535
10日,日本,福岡,日本,中部,15:00,60,9,1440000,30000,48,小規模運航,120,2100000,1,1,4,35,40,91.9505897
10日,日本,福岡,日本,中部,15:30,60,9,1410000,30000,47,小規模運航,120,2100000,1,1,4,35,40,92.9082146
10日,日本,福岡,日本,中部,16:00,60,9,1290000,30000,43,小規模運航,120,2100000,1,1,4,35,40,95.0592528
10日,日本,福岡,日本,中部,16:30,60,9,1350000,30000,45,小規模運航,120,2100000,1,1,4,35,40,98.3992363
10日,日本,福岡,日本,中部,17:00,60,9,1740000,30000,58,小規模運航,120,2100000,1,1,4,35,40,92.4077003
10日,日本,福岡,日本,中部,17:30,60,9,1620000,30000,54,小規模運航,120,2100000,1,1,4,35,40,96.5770595
10日,日本,福岡,日本,中部,18:00,60,9,1590000,30000,53,小規模運航,120,2100000,1,1,4,35,40,91.8831819
10日,日本,福岡,日本,中部,18:30,60,9,1560000,30000,52,小規模運航,120,2100000,1,1,4,35,40,96.0347368
10日,日本,福岡,日本,中部,19:00,60,9,1770000,30000,59,小規模運航,120,2100000,1,1,4,35,40,88.8255213
10日,日本,福岡,日本,中部,19:30,60,9,1680000,30000,56,小規模運航,120,2100000,1,1,4,35,40,92.5292662
10日,日本,福岡,日本,中部,20:00,60,9,1410000,30000,47,小規模運航,120,2100000,1,1,4,35,40,91.8525369
10日,日本,福岡,日本,中部,20:30,60,9,1350000,30000,45,小規模運航,120,2100000,1,1,4,35,40,96.1913768
10日,日本,福岡,日本,中部,21:00,60,9,1350000,30000,45,小規模運航,120,2100000,1,1,4,35,40,93.3205571
10日,日本,福岡,日本,中部,21:30,60,9,1410000,30000,47,小規模運航,120,2100000,1,1,4,35,40,97.4242389
10日,日本,福岡,日本,中部,22:00,60,9,1020000,30000,34,小規模運航,120,2100000,1,1,4,35,40,58.1002253
10日,日本,福岡,日本,中部,22:30,60,9,1080000,30000,36,小規模運航,120,2100000,1,1,4,35,40,94.3075259
11日,日本,福岡,日本,中部,07:00,60,9,1170000,30000,39,小規模運航,120,2100000,1,1,4,35,40,90.6957199
11日,日本,福岡,日本,中部,07:30,60,9,1050000,30000,35,小規模運航,120,2100000,1,1,4,35,40,94.6051096
11日,日本,福岡,日本,中部,08:00,60,9,1680000,30000,56,小規模運航,120,2100000,1,1,4,35,40,97.2206418
11日,日本,福岡,日本,中部,08:30,60,9,1770000,30000,59,小規模運航,120,2100000,1,1,4,35,40,94.3307392
11日,日本,福岡,日本,中部,09:00,60,9,1770000,30000,59,小規模運航,120,2100000,1,1,4,35,40,82.3567064
11日,日本,福岡,日本,中部,09:30,60,9,1680000,30000,56,小規模運航,120,2100000,1,1,4,35,40,93.5908053
11日,日本,福岡,日本,中部,10:00,60,9,1440000,30000,48,小規模運航,120,2100000,1,1,4,35,40,92.2216952
11日,日本,福岡,日本,中部,10:30,60,9,1500000,30000,50,小規模運航,120,2100000,1,1,4,35,40,80.3763654
11日,日本,福岡,日本,中部,11:00,60,9,1380000,30000,46,小規模運航,120,2100000,1,1,4,35,40,97.9952282
11日,日本,福岡,日本,中部,11:30,60,9,1500000,30000,50,小規模運航,120,2100000,1,1,4,35,40,98.4492619
11日,日本,福岡,日本,中部,12:00,60,9,1440000,30000,48,小規模運航,120,2100000,1,1,4,35,40,77.915871
11日,日本,福岡,日本,中部,12:30,60,9,1290000,30000,43,小規模運航,120,2100000,1,1,4,35,40,93.3557867
11日,日本,福岡,日本,中部,13:00,60,9,1410000,30000,47,小規模運航,120,2100000,1,1,4,35,40,93.4909988
11日,日本,福岡,日本,中部,13:30,60,9,1290000,30000,43,小規模運航,120,2100000,1,1,4,35,40,97.9744325
11日,日本,福岡,日本,中部,14:00,60,9,1380000,30000,46,小規模運航,120,2100000,1,1,4,35,40,94.4431313
11日,日本,福岡,日本,中部,14:30,60,9,1500000,30000,50,小規模運航,120,2100000,1,1,4,35,40,93.4706826
11日,日本,福岡,日本,中部,15:00,60,9,1440000,30000,48,小規模運航,120,2100000,1,1,4,35,40,91.9505897
11日,日本,福岡,日本,中部,15:30,60,9,1500000,30000,50,小規模運航,120,2100000,1,1,4,35,40,97.5376523
11日,日本,福岡,日本,中部,16:00,60,9,1350000,30000,45,小規模運航,120,2100000,1,1,4,35,40,97.7823869
11日,日本,福岡,日本,中部,16:30,60,9,1260000,30000,42,小規模運航,120,2100000,1,1,4,35,40,89.8075486
11日,日本,福岡,日本,中部,17:00,60,9,1770000,30000,59,小規模運航,120,2100000,1,1,4,35,40,93.2228044
11日,日本,福岡,日本,中部,17:30,60,9,1530000,30000,51,小規模運航,120,2100000,1,1,4,35,40,97.9254779
11日,日本,福岡,日本,中部,18:00,60,9,1560000,30000,52,小規模運航,120,2100000,1,1,4,35,40,98.6117931
11日,日本,福岡,日本,中部,18:30,60,9,1800000,30000,60,小規模運航,120,2100000,1,1,4,35,40,94.9015557
11日,日本,福岡,日本,中部,19:00,60,9,1680000,30000,56,小規模運航,120,2100000,1,1,4,35,40,98.565046
11日,日本,福岡,日本,中部,19:30,60,9,1620000,30000,54,小規模運航,120,2100000,1,1,4,35,40,80.1573555
11日,日本,福岡,日本,中部,20:00,60,9,1350000,30000,45,小規模運航,120,2100000,1,1,4,35,40,95.04457
11日,日本,福岡,日本,中部,20:30,60,9,1380000,30000,46,小規模運航,120,2100000,1,1,4,35,40,97.6346954
11日,日本,福岡,日本,中部,21:00,60,9,1260000,30000,42,小規模運航,120,2100000,1,1,4,35,40,94.6095257
11日,日本,福岡,日本,中部,21:30,60,9,1410000,30000,47,小規模運航,120,2100000,1,1,4,35,40,97.4242389
11日,日本,福岡,日本,中部,22:00,60,9,1050000,30000,35,小規模運航,120,2100000,1,1,4,35,40,93.0383077
11日,日本,福岡,日本,中部,22:30,60,9,1050000,30000,35,小規模運航,120,2100000,1,1,4,35,40,89.1209789
12日,日本,福岡,日本,中部,07:00,60,9,1110000,30000,37,小規模運航,120,2100000,1,1,4,35,40,70.6262306
12日,日本,福岡,日本,中部,07:30,60,9,1200000,30000,40,小規模運航,120,2100000,1,1,4,35,40,83.8054038
12日,日本,福岡,日本,中部,08:00,60,9,1620000,30000,54,小規模運航,120,2100000,1,1,4,35,40,92.1373279
12日,日本,福岡,日本,中部,08:30,60,9,1530000,30000,51,小規模運航,120,2100000,1,1,4,35,40,98.8030554
12日,日本,福岡,日本,中部,09:00,60,9,1620000,30000,54,小規模運航,120,2100000,1,1,4,35,40,87.3722682
12日,日本,福岡,日本,中部,09:30,60,9,1770000,30000,59,小規模運航,120,2100000,1,1,4,35,40,98.2536771
12日,日本,福岡,日本,中部,10:00,60,9,1440000,30000,48,小規模運航,120,2100000,1,1,4,35,40,92.2216952
12日,日本,福岡,日本,中部,10:30,60,9,1380000,30000,46,小規模運航,120,2100000,1,1,4,35,40,94.0766804
12日,日本,福岡,日本,中部,11:00,60,9,1320000,30000,44,小規模運航,120,2100000,1,1,4,35,40,84.4585483
12日,日本,福岡,日本,中部,11:30,60,9,1470000,30000,49,小規模運航,120,2100000,1,1,4,35,40,97.1783652
12日,日本,福岡,日本,中部,12:00,60,9,1380000,30000,46,小規模運航,120,2100000,1,1,4,35,40,70.4594161
12日,日本,福岡,日本,中部,12:30,60,9,1410000,30000,47,小規模運航,120,2100000,1,1,4,35,40,96.7752161
12日,日本,福岡,日本,中部,13:00,60,9,1500000,30000,50,小規模運航,120,2100000,1,1,4,35,40,85.961495
12日,日本,福岡,日本,中部,13:30,60,9,1350000,30000,45,小規模運航,120,2100000,1,1,4,35,40,71.049427
12日,日本,福岡,日本,中部,14:00,60,9,1440000,30000,48,小規模運航,120,2100000,1,1,4,35,40,95.8012223
12日,日本,福岡,日本,中部,14:30,60,9,1440000,30000,48,小規模運航,120,2100000,1,1,4,35,40,96.3340153
12日,日本,福岡,日本,中部,15:00,60,9,1470000,30000,49,小規模運航,120,2100000,1,1,4,35,40,92.9147014
12日,日本,福岡,日本,中部,15:30,60,9,1410000,30000,47,小規模運航,120,2100000,1,1,4,35,40,92.9082146
12日,日本,福岡,日本,中部,16:00,60,9,1350000,30000,45,小規模運航,120,2100000,1,1,4,35,40,97.7823869
12日,日本,福岡,日本,中部,16:30,60,9,1470000,30000,49,小規模運航,120,2100000,1,1,4,35,40,87.541172
12日,日本,福岡,日本,中部,17:00,60,9,1740000,30000,58,小規模運航,120,2100000,1,1,4,35,40,92.4077003
12日,日本,福岡,日本,中部,17:30,60,9,1560000,30000,52,小規模運航,120,2100000,1,1,4,35,40,98.5228302
12日,日本,福岡,日本,中部,18:00,60,9,1680000,30000,56,小規模運航,120,2100000,1,1,4,35,40,95.3401427
12日,日本,福岡,日本,中部,18:30,60,9,1620000,30000,54,小規模運航,120,2100000,1,1,4,35,40,84.0768125
12日,日本,福岡,日本,中部,19:00,60,9,1800000,30000,60,小規模運航,120,2100000,1,1,4,35,40,93.1797836
12日,日本,福岡,日本,中部,19:30,60,9,1530000,30000,51,小規模運航,120,2100000,1,1,4,35,40,94.5997562
12日,日本,福岡,日本,中部,20:00,60,9,1380000,30000,46,小規模運航,120,2100000,1,1,4,35,40,98.3810368
12日,日本,福岡,日本,中部,20:30,60,9,1440000,30000,48,小規模運航,120,2100000,1,1,4,35,40,97.389243
12日,日本,福岡,日本,中部,21:00,60,9,1470000,30000,49,小規模運航,120,2100000,1,1,4,35,40,89.3017643
12日,日本,福岡,日本,中部,21:30,60,9,1500000,30000,50,小規模運航,120,2100000,1,1,4,35,40,76.6218829
12日,日本,福岡,日本,中部,22:00,60,9,1080000,30000,36,小規模運航,120,2100000,1,1,4,35,40,97.725093
12日,日本,福岡,日本,中部,22:30,60,9,1200000,30000,40,小規模運航,120,2100000,1,1,4,35,40,94.1621711
13日,日本,福岡,日本,中部,07:00,60,9,1200000,30000,40,小規模運航,120,2100000,1,1,4,35,40,66.3195281
13日,日本,福岡,日本,中部,07:30,60,9,1050000,30000,35,小規模運航,120,2100000,1,1,4,35,40,94.6051096
13日,日本,福岡,日本,中部,08:00,60,9,1800000,30000,60,小規模運航,120,2100000,1,1,4,35,40,88.2699475
13日,日本,福岡,日本,中部,08:30,60,9,1560000,30000,52,小規模運航,120,2100000,1,1,4,35,40,98.9014804
13日,日本,福岡,日本,中部,09:00,60,9,1770000,30000,59,小規模運航,120,2100000,1,1,4,35,40,82.3567064
13日,日本,福岡,日本,中部,09:30,60,9,1650000,30000,55,小規模運航,120,2100000,1,1,4,35,40,78.0357625
13日,日本,福岡,日本,中部,10:00,60,9,1260000,30000,42,小規模運航,120,2100000,1,1,4,35,40,96.2051568
13日,日本,福岡,日本,中部,10:30,60,9,1500000,30000,50,小規模運航,120,2100000,1,1,4,35,40,80.3763654
13日,日本,福岡,日本,中部,11:00,60,9,1350000,30000,45,小規模運航,120,2100000,1,1,4,35,40,95.493029
13日,日本,福岡,日本,中部,11:30,60,9,1500000,30000,50,小規模運航,120,2100000,1,1,4,35,40,98.4492619
13日,日本,福岡,日本,中部,12:00,60,9,1350000,30000,45,小規模運航,120,2100000,1,1,4,35,40,78.7223969
13日,日本,福岡,日本,中部,12:30,60,9,1470000,30000,49,小規模運航,120,2100000,1,1,4,35,40,86.2559438
13日,日本,福岡,日本,中部,13:00,60,9,1440000,30000,48,小規模運航,120,2100000,1,1,4,35,40,97.7095781
13日,日本,福岡,日本,中部,13:30,60,9,1410000,30000,47,小規模運航,120,2100000,1,1,4,35,40,77.2594174
13日,日本,福岡,日本,中部,14:00,60,9,1500000,30000,50,小規模運航,120,2100000,1,1,4,35,40,95.1074831
13日,日本,福岡,日本,中部,14:30,60,9,1260000,30000,42,小規模運航,120,2100000,1,1,4,35,40,86.7804422
13日,日本,福岡,日本,中部,15:00,60,9,1410000,30000,47,小規模運航,120,2100000,1,1,4,35,40,96.7187262
13日,日本,福岡,日本,中部,15:30,60,9,1410000,30000,47,小規模運航,120,2100000,1,1,4,35,40,92.9082146
13日,日本,福岡,日本,中部,16:00,60,9,1500000,30000,50,小規模運航,120,2100000,1,1,4,35,40,97.584868
13日,日本,福岡,日本,中部,16:30,60,9,1260000,30000,42,小規模運航,120,2100000,1,1,4,35,40,89.8075486
13日,日本,福岡,日本,中部,17:00,60,9,1770000,30000,59,小規模運航,120,2100000,1,1,4,35,40,93.2228044
13日,日本,福岡,日本,中部,17:30,60,9,1740000,30000,58,小規模運航,120,2100000,1,1,4,35,40,96.5612295
13日,日本,福岡,日本,中部,18:00,60,9,1710000,30000,57,小規模運航,120,2100000,1,1,4,35,40,96.4323818
13日,日本,福岡,日本,中部,18:30,60,9,1740000,30000,58,小規模運航,120,2100000,1,1,4,35,40,99.0971128
13日,日本,福岡,日本,中部,19:00,60,9,1740000,30000,58,小規模運航,120,2100000,1,1,4,35,40,92.5687632
13日,日本,福岡,日本,中部,19:30,60,9,1560000,30000,52,小規模運航,120,2100000,1,1,4,35,40,98.6001887
13日,日本,福岡,日本,中部,20:00,60,9,1470000,30000,49,小規模運航,120,2100000,1,1,4,35,40,93.532465
13日,日本,福岡,日本,中部,20:30,60,9,1350000,30000,45,小規模運航,120,2100000,1,1,4,35,40,96.1913768
13日,日本,福岡,日本,中部,21:00,60,9,1290000,30000,43,小規模運航,120,2100000,1,1,4,35,40,82.4382893
13日,日本,福岡,日本,中部,21:30,60,9,1500000,30000,50,小規模運航,120,2100000,1,1,4,35,40,76.6218829
13日,日本,福岡,日本,中部,22:00,60,9,1080000,30000,36,小規模運航,120,2100000,1,1,4,35,40,97.725093
13日,日本,福岡,日本,中部,22:30,60,9,1050000,30000,35,小規模運航,120,2100000,1,1,4,35,40,89.1209789
14日,日本,福岡,日本,中部,07:00,60,9,1080000,30000,36,小規模運航,120,2100000,1,1,4,35,40,94.8077823
14日,日本,福岡,日本,中部,07:30,60,9,1080000,30000,36,小規模運航,120,2100000,1,1,4,35,40,77.7016598
14日,日本,福岡,日本,中部,08:00,60,9,1620000,30000,54,小規模運航,120,2100000,1,1,4,35,40,92.1373279
14日,日本,福岡,日本,中部,08:30,60,9,1680000,30000,56,小規模運航,120,2100000,1,1,4,35,40,98.6746179
14日,日本,福岡,日本,中部,09:00,60,9,1710000,30000,57,小規模運航,120,2100000,1,1,4,35,40,87.6367438
14日,日本,福岡,日本,中部,09:30,60,9,1650000,30000,55,小規模運航,120,2100000,1,1,4,35,40,78.0357625
14日,日本,福岡,日本,中部,10:00,60,9,1380000,30000,46,小規模運航,120,2100000,1,1,4,35,40,96.0697175
14日,日本,福岡,日本,中部,10:30,60,9,1500000,30000,50,小規模運航,120,2100000,1,1,4,35,40,80.3763654
14日,日本,福岡,日本,中部,11:00,60,9,1440000,30000,48,小規模運航,120,2100000,1,1,4,35,40,98.4480236
14日,日本,福岡,日本,中部,11:30,60,9,1470000,30000,49,小規模運航,120,2100000,1,1,4,35,40,97.1783652
14日,日本,福岡,日本,中部,12:00,60,9,1470000,30000,49,小規模運航,120,2100000,1,1,4,35,40,95.7934317
14日,日本,福岡,日本,中部,12:30,60,9,1380000,30000,46,小規模運航,120,2100000,1,1,4,35,40,89.5327303
14日,日本,福岡,日本,中部,13:00,60,9,1260000,30000,42,小規模運航,120,2100000,1,1,4,35,40,93.8974974
14日,日本,福岡,日本,中部,13:30,60,9,1500000,30000,50,小規模運航,120,2100000,1,1,4,35,40,95.5320622
14日,日本,福岡,日本,中部,14:00,60,9,1290000,30000,43,小規模運航,120,2100000,1,1,4,35,40,98.1413613
14日,日本,福岡,日本,中部,14:30,60,9,1260000,30000,42,小規模運航,120,2100000,1,1,4,35,40,86.7804422
14日,日本,福岡,日本,中部,15:00,60,9,1500000,30000,50,小規模運航,120,2100000,1,1,4,35,40,85.687245
14日,日本,福岡,日本,中部,15:30,60,9,1410000,30000,47,小規模運航,120,2100000,1,1,4,35,40,92.9082146
14日,日本,福岡,日本,中部,16:00,60,9,1410000,30000,47,小規模運航,120,2100000,1,1,4,35,40,95.364948
14日,日本,福岡,日本,中部,16:30,60,9,1380000,30000,46,小規模運航,120,2100000,1,1,4,35,40,98.6032597
14日,日本,福岡,日本,中部,17:00,60,9,1770000,30000,59,小規模運航,120,2100000,1,1,4,35,40,93.2228044
14日,日本,福岡,日本,中部,17:30,60,9,1590000,30000,53,小規模運航,120,2100000,1,1,4,35,40,99.1803519
14日,日本,福岡,日本,中部,18:00,60,9,1740000,30000,58,小規模運航,120,2100000,1,1,4,35,40,94.9038983
14日,日本,福岡,日本,中部,18:30,60,9,1740000,30000,58,小規模運航,120,2100000,1,1,4,35,40,99.0971128
14日,日本,福岡,日本,中部,19:00,60,9,1650000,30000,55,小規模運航,120,2100000,1,1,4,35,40,87.4326939
14日,日本,福岡,日本,中部,19:30,60,9,1800000,30000,60,小規模運航,120,2100000,1,1,4,35,40,88.8954922
14日,日本,福岡,日本,中部,20:00,60,9,1380000,30000,46,小規模運航,120,2100000,1,1,4,35,40,98.3810368
14日,日本,福岡,日本,中部,20:30,60,9,1530000,30000,51,小規模運航,120,2100000,1,1,4,35,40,97.1965386
14日,日本,福岡,日本,中部,21:00,60,9,1350000,30000,45,小規模運航,120,2100000,1,1,4,35,40,93.3205571
14日,日本,福岡,日本,中部,21:30,60,9,1530000,30000,51,小規模運航,120,2100000,1,1,4,35,40,93.388174
14日,日本,福岡,日本,中部,22:00,60,9,1050000,30000,35,小規模運航,120,2100000,1,1,4,35,40,93.0383077
14日,日本,福岡,日本,中部,22:30,60,9,1050000,30000,35,小規模運航,120,2100000,1,1,4,35,40,89.1209789
15日,日本,福岡,日本,中部,07:00,60,9,1200000,30000,40,小規模運航,120,2100000,1,1,4,35,40,66.3195281
15日,日本,福岡,日本,中部,07:30,60,9,1140000,30000,38,小規模運航,120,2100000,1,1,4,35,40,91.7518535
15日,日本,福岡,日本,中部,08:00,60,9,1560000,30000,52,小規模運航,120,2100000,1,1,4,35,40,92.4870683
15日,日本,福岡,日本,中部,08:30,60,9,1620000,30000,54,小規模運航,120,2100000,1,1,4,35,40,96.648715
15日,日本,福岡,日本,中部,09:00,60,9,1770000,30000,59,小規模運航,120,2100000,1,1,4,35,40,82.3567064
15日,日本,福岡,日本,中部,09:30,60,9,1710000,30000,57,小規模運航,120,2100000,1,1,4,35,40,90.8848905
15日,日本,福岡,日本,中部,10:00,60,9,1500000,30000,50,小規模運航,120,2100000,1,1,4,35,40,93.5816967
15日,日本,福岡,日本,中部,10:30,60,9,1260000,30000,42,小規模運航,120,2100000,1,1,4,35,40,98.3259326
15日,日本,福岡,日本,中部,11:00,60,9,1530000,30000,51,小規模運航,120,2100000,1,1,4,35,40,92.14952
15日,日本,福岡,日本,中部,11:30,60,9,1320000,30000,44,小規模運航,120,2100000,1,1,4,35,40,82.5570489
15日,日本,福岡,日本,中部,12:00,60,9,1260000,30000,42,小規模運航,120,2100000,1,1,4,35,40,77.1056172
15日,日本,福岡,日本,中部,12:30,60,9,1530000,30000,51,小規模運航,120,2100000,1,1,4,35,40,86.5005183
15日,日本,福岡,日本,中部,13:00,60,9,1380000,30000,46,小規模運航,120,2100000,1,1,4,35,40,92.1024687
15日,日本,福岡,日本,中部,13:30,60,9,1410000,30000,47,小規模運航,120,2100000,1,1,4,35,40,77.2594174
15日,日本,福岡,日本,中部,14:00,60,9,1470000,30000,49,小規模運航,120,2100000,1,1,4,35,40,89.8540901
15日,日本,福岡,日本,中部,14:30,60,9,1410000,30000,47,小規模運航,120,2100000,1,1,4,35,40,97.1586198
15日,日本,福岡,日本,中部,15:00,60,9,1320000,30000,44,小規模運航,120,2100000,1,1,4,35,40,91.2098944
15日,日本,福岡,日本,中部,15:30,60,9,1260000,30000,42,小規模運航,120,2100000,1,1,4,35,40,82.5878256
15日,日本,福岡,日本,中部,16:00,60,9,1350000,30000,45,小規模運航,120,2100000,1,1,4,35,40,97.7823869
15日,日本,福岡,日本,中部,16:30,60,9,1290000,30000,43,小規模運航,120,2100000,1,1,4,35,40,98.307027
15日,日本,福岡,日本,中部,17:00,60,9,1680000,30000,56,小規模運航,120,2100000,1,1,4,35,40,96.2093248
15日,日本,福岡,日本,中部,17:30,60,9,1650000,30000,55,小規模運航,120,2100000,1,1,4,35,40,95.5708775
15日,日本,福岡,日本,中部,18:00,60,9,1740000,30000,58,小規模運航,120,2100000,1,1,4,35,40,94.9038983
15日,日本,福岡,日本,中部,18:30,60,9,1710000,30000,57,小規模運航,120,2100000,1,1,4,35,40,88.5055761
15日,日本,福岡,日本,中部,19:00,60,9,1770000,30000,59,小規模運航,120,2100000,1,1,4,35,40,88.8255213
15日,日本,福岡,日本,中部,19:30,60,9,1560000,30000,52,小規模運航,120,2100000,1,1,4,35,40,98.6001887
15日,日本,福岡,日本,中部,20:00,60,9,1470000,30000,49,小規模運航,120,2100000,1,1,4,35,40,93.532465
15日,日本,福岡,日本,中部,20:30,60,9,1380000,30000,46,小規模運航,120,2100000,1,1,4,35,40,97.6346954
15日,日本,福岡,日本,中部,21:00,60,9,1500000,30000,50,小規模運航,120,2100000,1,1,4,35,40,93.4692849
15日,日本,福岡,日本,中部,21:30,60,9,1290000,30000,43,小規模運航,120,2100000,1,1,4,35,40,97.8750537
15日,日本,福岡,日本,中部,22:00,60,9,990000,30000,33,小規模運航,120,2100000,1,1,4,35,40,96.7490327
15日,日本,福岡,日本,中部,22:30,60,9,1140000,30000,38,小規模運航,120,2100000,1,1,4,35,40,97.8601292
16日,日本,福岡,日本,中部,07:00,60,9,990000,30000,33,小規模運航,120,2100000,1,1,4,35,40,84.3594567
16日,日本,福岡,日本,中部,07:30,60,9,1200000,30000,40,小規模運航,120,2100000,1,1,4,35,40,83.8054038
16日,日本,福岡,日本,中部,08:00,60,9,1770000,30000,59,小規模運航,120,2100000,1,1,4,35,40,96.6873661
16日,日本,福岡,日本,中部,08:30,60,9,1590000,30000,53,小規模運航,120,2100000,1,1,4,35,40,85.6587418
16日,日本,福岡,日本,中部,09:00,60,9,1530000,30000,51,小規模運航,120,2100000,1,1,4,35,40,85.7083652
16日,日本,福岡,日本,中部,09:30,60,9,1710000,30000,57,小規模運航,120,2100000,1,1,4,35,40,90.8848905
16日,日本,福岡,日本,中部,10:00,60,9,1500000,30000,50,小規模運航,120,2100000,1,1,4,35,40,93.5816967
16日,日本,福岡,日本,中部,10:30,60,9,1290000,30000,43,小規模運航,120,2100000,1,1,4,35,40,94.2569376
16日,日本,福岡,日本,中部,11:00,60,9,1410000,30000,47,小規模運航,120,2100000,1,1,4,35,40,96.9763298
16日,日本,福岡,日本,中部,11:30,60,9,1410000,30000,47,小規模運航,120,2100000,1,1,4,35,40,91.3041152
16日,日本,福岡,日本,中部,12:00,60,9,1500000,30000,50,小規模運航,120,2100000,1,1,4,35,40,92.6947749
16日,日本,福岡,日本,中部,12:30,60,9,1530000,30000,51,小規模運航,120,2100000,1,1,4,35,40,86.5005183
16日,日本,福岡,日本,中部,13:00,60,9,1260000,30000,42,小規模運航,120,2100000,1,1,4,35,40,93.8974974
16日,日本,福岡,日本,中部,13:30,60,9,1440000,30000,48,小規模運航,120,2100000,1,1,4,35,40,86.8043108
16日,日本,福岡,日本,中部,14:00,60,9,1470000,30000,49,小規模運航,120,2100000,1,1,4,35,40,89.8540901
16日,日本,福岡,日本,中部,14:30,60,9,1260000,30000,42,小規模運航,120,2100000,1,1,4,35,40,86.7804422
16日,日本,福岡,日本,中部,15:00,60,9,1380000,30000,46,小規模運航,120,2100000,1,1,4,35,40,94.2514543
16日,日本,福岡,日本,中部,15:30,60,9,1350000,30000,45,小規模運航,120,2100000,1,1,4,35,40,98.1730361
16日,日本,福岡,日本,中部,16:00,60,9,1290000,30000,43,小規模運航,120,2100000,1,1,4,35,40,95.0592528
16日,日本,福岡,日本,中部,16:30,60,9,1530000,30000,51,小規模運航,120,2100000,1,1,4,35,40,98.6615156
16日,日本,福岡,日本,中部,17:00,60,9,1530000,30000,51,小規模運航,120,2100000,1,1,4,35,40,96.8077311
16日,日本,福岡,日本,中部,17:30,60,9,1710000,30000,57,小規模運航,120,2100000,1,1,4,35,40,93.8643565
16日,日本,福岡,日本,中部,18:00,60,9,1620000,30000,54,小規模運航,120,2100000,1,1,4,35,40,95.5015678
16日,日本,福岡,日本,中部,18:30,60,9,1710000,30000,57,小規模運航,120,2100000,1,1,4,35,40,88.5055761
16日,日本,福岡,日本,中部,19:00,60,9,1590000,30000,53,小規模運航,120,2100000,1,1,4,35,40,73.814359
16日,日本,福岡,日本,中部,19:30,60,9,1770000,30000,59,小規模運航,120,2100000,1,1,4,35,40,98.3137029
16日,日本,福岡,日本,中部,20:00,60,9,1380000,30000,46,小規模運航,120,2100000,1,1,4,35,40,98.3810368
16日,日本,福岡,日本,中部,20:30,60,9,1410000,30000,47,小規模運航,120,2100000,1,1,4,35,40,97.3331181
16日,日本,福岡,日本,中部,21:00,60,9,1530000,30000,51,小規模運航,120,2100000,1,1,4,35,40,91.099305
16日,日本,福岡,日本,中部,21:30,60,9,1320000,30000,44,小規模運航,120,2100000,1,1,4,35,40,83.0766816
16日,日本,福岡,日本,中部,22:00,60,9,1140000,30000,38,小規模運航,120,2100000,1,1,4,35,40,87.3898203
16日,日本,福岡,日本,中部,22:30,60,9,1230000,30000,41,小規模運航,120,2100000,1,1,4,35,40,97.5585419
17日,日本,福岡,日本,中部,07:00,60,9,1050000,30000,35,小規模運航,120,2100000,1,1,4,35,40,96.3157016
17日,日本,福岡,日本,中部,07:30,60,9,1140000,30000,38,小規模運航,120,2100000,1,1,4,35,40,91.7518535
17日,日本,福岡,日本,中部,08:00,60,9,1740000,30000,58,小規模運航,120,2100000,1,1,4,35,40,95.5620793
17日,日本,福岡,日本,中部,08:30,60,9,1740000,30000,58,小規模運航,120,2100000,1,1,4,35,40,80.9332032
17日,日本,福岡,日本,中部,09:00,60,9,1680000,30000,56,小規模運航,120,2100000,1,1,4,35,40,89.8685059
17日,日本,福岡,日本,中部,09:30,60,9,1710000,30000,57,小規模運航,120,2100000,1,1,4,35,40,90.8848905
17日,日本,福岡,日本,中部,10:00,60,9,1290000,30000,43,小規模運航,120,2100000,1,1,4,35,40,78.1775672
17日,日本,福岡,日本,中部,10:30,60,9,1260000,30000,42,小規模運航,120,2100000,1,1,4,35,40,98.3259326
17日,日本,福岡,日本,中部,11:00,60,9,1500000,30000,50,小規模運航,120,2100000,1,1,4,35,40,89.2328213
17日,日本,福岡,日本,中部,11:30,60,9,1500000,30000,50,小規模運航,120,2100000,1,1,4,35,40,98.4492619
17日,日本,福岡,日本,中部,12:00,60,9,1530000,30000,51,小規模運航,120,2100000,1,1,4,35,40,98.2524253
17日,日本,福岡,日本,中部,12:30,60,9,1290000,30000,43,小規模運航,120,2100000,1,1,4,35,40,93.3557867
17日,日本,福岡,日本,中部,13:00,60,9,1350000,30000,45,小規模運航,120,2100000,1,1,4,35,40,89.2915098
17日,日本,福岡,日本,中部,13:30,60,9,1470000,30000,49,小規模運航,120,2100000,1,1,4,35,40,78.8887064
17日,日本,福岡,日本,中部,14:00,60,9,1440000,30000,48,小規模運航,120,2100000,1,1,4,35,40,95.8012223
17日,日本,福岡,日本,中部,14:30,60,9,1290000,30000,43,小規模運航,120,2100000,1,1,4,35,40,96.46535
17日,日本,福岡,日本,中部,15:00,60,9,1500000,30000,50,小規模運航,120,2100000,1,1,4,35,40,85.687245
17日,日本,福岡,日本,中部,15:30,60,9,1470000,30000,49,小規模運航,120,2100000,1,1,4,35,40,97.6773252
17日,日本,福岡,日本,中部,16:00,60,9,1260000,30000,42,小規模運航,120,2100000,1,1,4,35,40,92.1370508
17日,日本,福岡,日本,中部,16:30,60,9,1320000,30000,44,小規模運航,120,2100000,1,1,4,35,40,94.8624519
17日,日本,福岡,日本,中部,17:00,60,9,1530000,30000,51,小規模運航,120,2100000,1,1,4,35,40,96.8077311
17日,日本,福岡,日本,中部,17:30,60,9,1560000,30000,52,小規模運航,120,2100000,1,1,4,35,40,98.5228302
17日,日本,福岡,日本,中部,18:00,60,9,1770000,30000,59,小規模運航,120,2100000,1,1,4,35,40,98.4960498
17日,日本,福岡,日本,中部,18:30,60,9,1590000,30000,53,小規模運航,120,2100000,1,1,4,35,40,98.7568203
17日,日本,福岡,日本,中部,19:00,60,9,1770000,30000,59,小規模運航,120,2100000,1,1,4,35,40,88.8255213
17日,日本,福岡,日本,中部,19:30,60,9,1740000,30000,58,小規模運航,120,2100000,1,1,4,35,40,95.5417675
17日,日本,福岡,日本,中部,20:00,60,9,1320000,30000,44,小規模運航,120,2100000,1,1,4,35,40,98.4243711
17日,日本,福岡,日本,中部,20:30,60,9,1260000,30000,42,小規模運航,120,2100000,1,1,4,35,40,88.4760319
17日,日本,福岡,日本,中部,21:00,60,9,1440000,30000,48,小規模運航,120,2100000,1,1,4,35,40,88.7465192
17日,日本,福岡,日本,中部,21:30,60,9,1500000,30000,50,小規模運航,120,2100000,1,1,4,35,40,76.6218829
17日,日本,福岡,日本,中部,22:00,60,9,990000,30000,33,小規模運航,120,2100000,1,1,4,35,40,96.7490327
17日,日本,福岡,日本,中部,22:30,60,9,1200000,30000,40,小規模運航,120,2100000,1,1,4,35,40,94.1621711
18日,日本,福岡,日本,中部,07:00,60,9,1110000,30000,37,小規模運航,120,2100000,1,1,4,35,40,70.6262306
18日,日本,福岡,日本,中部,07:30,60,9,1050000,30000,35,小規模運航,120,2100000,1,1,4,35,40,94.6051096
18日,日本,福岡,日本,中部,08:00,60,9,1620000,30000,54,小規模運航,120,2100000,1,1,4,35,40,92.1373279
18日,日本,福岡,日本,中部,08:30,60,9,1710000,30000,57,小規模運航,120,2100000,1,1,4,35,40,84.8855777
18日,日本,福岡,日本,中部,09:00,60,9,1740000,30000,58,小規模運航,120,2100000,1,1,4,35,40,92.8709451
18日,日本,福岡,日本,中部,09:30,60,9,1650000,30000,55,小規模運航,120,2100000,1,1,4,35,40,78.0357625
18日,日本,福岡,日本,中部,10:00,60,9,1530000,30000,51,小規模運航,120,2100000,1,1,4,35,40,98.6433794
18日,日本,福岡,日本,中部,10:30,60,9,1410000,30000,47,小規模運航,120,2100000,1,1,4,35,40,97.8728499
18日,日本,福岡,日本,中部,11:00,60,9,1440000,30000,48,小規模運航,120,2100000,1,1,4,35,40,98.4480236
18日,日本,福岡,日本,中部,11:30,60,9,1380000,30000,46,小規模運航,120,2100000,1,1,4,35,40,96.4519743
18日,日本,福岡,日本,中部,12:00,60,9,1440000,30000,48,小規模運航,120,2100000,1,1,4,35,40,77.915871
18日,日本,福岡,日本,中部,12:30,60,9,1410000,30000,47,小規模運航,120,2100000,1,1,4,35,40,96.7752161
18日,日本,福岡,日本,中部,13:00,60,9,1500000,30000,50,小規模運航,120,2100000,1,1,4,35,40,85.961495
18日,日本,福岡,日本,中部,13:30,60,9,1410000,30000,47,小規模運航,120,2100000,1,1,4,35,40,77.2594174
18日,日本,福岡,日本,中部,14:00,60,9,1470000,30000,49,小規模運航,120,2100000,1,1,4,35,40,89.8540901
18日,日本,福岡,日本,中部,14:30,60,9,1350000,30000,45,小規模運航,120,2100000,1,1,4,35,40,84.4591266
18日,日本,福岡,日本,中部,15:00,60,9,1470000,30000,49,小規模運航,120,2100000,1,1,4,35,40,92.9147014
18日,日本,福岡,日本,中部,15:30,60,9,1380000,30000,46,小規模運航,120,2100000,1,1,4,35,40,85.666773
18日,日本,福岡,日本,中部,16:00,60,9,1410000,30000,47,小規模運航,120,2100000,1,1,4,35,40,95.364948
18日,日本,福岡,日本,中部,16:30,60,9,1500000,30000,50,小規模運航,120,2100000,1,1,4,35,40,94.6355359
18日,日本,福岡,日本,中部,17:00,60,9,1620000,30000,54,小規模運航,120,2100000,1,1,4,35,40,92.9576614
18日,日本,福岡,日本,中部,17:30,60,9,1650000,30000,55,小規模運航,120,2100000,1,1,4,35,40,95.5708775
18日,日本,福岡,日本,中部,18:00,60,9,1800000,30000,60,小規模運航,120,2100000,1,1,4,35,40,98.6397705
18日,日本,福岡,日本,中部,18:30,60,9,1710000,30000,57,小規模運航,120,2100000,1,1,4,35,40,88.5055761
18日,日本,福岡,日本,中部,19:00,60,9,1560000,30000,52,小規模運航,120,2100000,1,1,4,35,40,87.1543518
18日,日本,福岡,日本,中部,19:30,60,9,1710000,30000,57,小規模運航,120,2100000,1,1,4,35,40,90.6734335
18日,日本,福岡,日本,中部,20:00,60,9,1410000,30000,47,小規模運航,120,2100000,1,1,4,35,40,91.8525369
18日,日本,福岡,日本,中部,20:30,60,9,1410000,30000,47,小規模運航,120,2100000,1,1,4,35,40,97.3331181
18日,日本,福岡,日本,中部,21:00,60,9,1440000,30000,48,小規模運航,120,2100000,1,1,4,35,40,88.7465192
18日,日本,福岡,日本,中部,21:30,60,9,1410000,30000,47,小規模運航,120,2100000,1,1,4,35,40,97.4242389
18日,日本,福岡,日本,中部,22:00,60,9,1080000,30000,36,小規模運航,120,2100000,1,1,4,35,40,97.725093
18日,日本,福岡,日本,中部,22:30,60,9,1020000,30000,34,小規模運航,120,2100000,1,1,4,35,40,92.3524985
19日,日本,福岡,日本,中部,07:00,60,9,1200000,30000,40,小規模運航,120,2100000,1,1,4,35,40,66.3195281
19日,日本,福岡,日本,中部,07:30,60,9,1050000,30000,35,小規模運航,120,2100000,1,1,4,35,40,94.6051096
19日,日本,福岡,日本,中部,08:00,60,9,1740000,30000,58,小規模運航,120,2100000,1,1,4,35,40,95.5620793
19日,日本,福岡,日本,中部,08:30,60,9,1650000,30000,55,小規模運航,120,2100000,1,1,4,35,40,92.6823184
19日,日本,福岡,日本,中部,09:00,60,9,1710000,30000,57,小規模運航,120,2100000,1,1,4,35,40,87.6367438
19日,日本,福岡,日本,中部,09:30,60,9,1650000,30000,55,小規模運航,120,2100000,1,1,4,35,40,78.0357625
19日,日本,福岡,日本,中部,10:00,60,9,1260000,30000,42,小規模運航,120,2100000,1,1,4,35,40,96.2051568
19日,日本,福岡,日本,中部,10:30,60,9,1290000,30000,43,小規模運航,120,2100000,1,1,4,35,40,94.2569376
19日,日本,福岡,日本,中部,11:00,60,9,1410000,30000,47,小規模運航,120,2100000,1,1,4,35,40,96.9763298
19日,日本,福岡,日本,中部,11:30,60,9,1440000,30000,48,小規模運航,120,2100000,1,1,4,35,40,83.0977817
19日,日本,福岡,日本,中部,12:00,60,9,1470000,30000,49,小規模運航,120,2100000,1,1,4,35,40,95.7934317
19日,日本,福岡,日本,中部,12:30,60,9,1410000,30000,47,小規模運航,120,2100000,1,1,4,35,40,96.7752161
19日,日本,福岡,日本,中部,13:00,60,9,1440000,30000,48,小規模運航,120,2100000,1,1,4,35,40,97.7095781
19日,日本,福岡,日本,中部,13:30,60,9,1320000,30000,44,小規模運航,120,2100000,1,1,4,35,40,97.9360908
19日,日本,福岡,日本,中部,14:00,60,9,1410000,30000,47,小規模運航,120,2100000,1,1,4,35,40,97.5271422
19日,日本,福岡,日本,中部,14:30,60,9,1260000,30000,42,小規模運航,120,2100000,1,1,4,35,40,86.7804422
19日,日本,福岡,日本,中部,15:00,60,9,1500000,30000,50,小規模運航,120,2100000,1,1,4,35,40,85.687245
19日,日本,福岡,日本,中部,15:30,60,9,1440000,30000,48,小規模運航,120,2100000,1,1,4,35,40,90.212497
19日,日本,福岡,日本,中部,16:00,60,9,1410000,30000,47,小規模運航,120,2100000,1,1,4,35,40,95.364948
19日,日本,福岡,日本,中部,16:30,60,9,1410000,30000,47,小規模運航,120,2100000,1,1,4,35,40,96.446869
19日,日本,福岡,日本,中部,17:00,60,9,1590000,30000,53,小規模運航,120,2100000,1,1,4,35,40,95.0600677
19日,日本,福岡,日本,中部,17:30,60,9,1680000,30000,56,小規模運航,120,2100000,1,1,4,35,40,93.5582777
19日,日本,福岡,日本,中部,18:00,60,9,1590000,30000,53,小規模運航,120,2100000,1,1,4,35,40,91.8831819
19日,日本,福岡,日本,中部,18:30,60,9,1770000,30000,59,小規模運航,120,2100000,1,1,4,35,40,96.2177094
19日,日本,福岡,日本,中部,19:00,60,9,1770000,30000,59,小規模運航,120,2100000,1,1,4,35,40,88.8255213
19日,日本,福岡,日本,中部,19:30,60,9,1770000,30000,59,小規模運航,120,2100000,1,1,4,35,40,98.3137029
19日,日本,福岡,日本,中部,20:00,60,9,1440000,30000,48,小規模運航,120,2100000,1,1,4,35,40,98.3044477
19日,日本,福岡,日本,中部,20:30,60,9,1380000,30000,46,小規模運航,120,2100000,1,1,4,35,40,97.6346954
19日,日本,福岡,日本,中部,21:00,60,9,1350000,30000,45,小規模運航,120,2100000,1,1,4,35,40,93.3205571
19日,日本,福岡,日本,中部,21:30,60,9,1410000,30000,47,小規模運航,120,2100000,1,1,4,35,40,97.4242389
19日,日本,福岡,日本,中部,22:00,60,9,1110000,30000,37,小規模運航,120,2100000,1,1,4,35,40,94.3880079
19日,日本,福岡,日本,中部,22:30,60,9,1260000,30000,42,小規模運航,120,2100000,1,1,4,35,40,91.7709379
20日,日本,福岡,日本,中部,07:00,60,9,1110000,30000,37,小規模運航,120,2100000,1,1,4,35,40,70.6262306
20日,日本,福岡,日本,中部,07:30,60,9,1050000,30000,35,小規模運航,120,2100000,1,1,4,35,40,94.6051096
20日,日本,福岡,日本,中部,08:00,60,9,1680000,30000,56,小規模運航,120,2100000,1,1,4,35,40,97.2206418
20日,日本,福岡,日本,中部,08:30,60,9,1740000,30000,58,小規模運航,120,2100000,1,1,4,35,40,80.9332032
20日,日本,福岡,日本,中部,09:00,60,9,1710000,30000,57,小規模運航,120,2100000,1,1,4,35,40,87.6367438
20日,日本,福岡,日本,中部,09:30,60,9,1530000,30000,51,小規模運航,120,2100000,1,1,4,35,40,97.3414284
20日,日本,福岡,日本,中部,10:00,60,9,1380000,30000,46,小規模運航,120,2100000,1,1,4,35,40,96.0697175
20日,日本,福岡,日本,中部,10:30,60,9,1500000,30000,50,小規模運航,120,2100000,1,1,4,35,40,80.3763654
20日,日本,福岡,日本,中部,11:00,60,9,1320000,30000,44,小規模運航,120,2100000,1,1,4,35,40,84.4585483
20日,日本,福岡,日本,中部,11:30,60,9,1290000,30000,43,小規模運航,120,2100000,1,1,4,35,40,87.8849096
20日,日本,福岡,日本,中部,12:00,60,9,1500000,30000,50,小規模運航,120,2100000,1,1,4,35,40,92.6947749
20日,日本,福岡,日本,中部,12:30,60,9,1380000,30000,46,小規模運航,120,2100000,1,1,4,35,40,89.5327303
20日,日本,福岡,日本,中部,13:00,60,9,1500000,30000,50,小規模運航,120,2100000,1,1,4,35,40,85.961495
20日,日本,福岡,日本,中部,13:30,60,9,1410000,30000,47,小規模運航,120,2100000,1,1,4,35,40,77.2594174
20日,日本,福岡,日本,中部,14:00,60,9,1440000,30000,48,小規模運航,120,2100000,1,1,4,35,40,95.8012223
20日,日本,福岡,日本,中部,14:30,60,9,1500000,30000,50,小規模運航,120,2100000,1,1,4,35,40,93.4706826
20日,日本,福岡,日本,中部,15:00,60,9,1470000,30000,49,小規模運航,120,2100000,1,1,4,35,40,92.9147014
20日,日本,福岡,日本,中部,15:30,60,9,1500000,30000,50,小規模運航,120,2100000,1,1,4,35,40,97.5376523
20日,日本,福岡,日本,中部,16:00,60,9,1380000,30000,46,小規模運航,120,2100000,1,1,4,35,40,74.6469879
20日,日本,福岡,日本,中部,16:30,60,9,1350000,30000,45,小規模運航,120,2100000,1,1,4,35,40,98.3992363
20日,日本,福岡,日本,中部,17:00,60,9,1590000,30000,53,小規模運航,120,2100000,1,1,4,35,40,95.0600677
20日,日本,福岡,日本,中部,17:30,60,9,1560000,30000,52,小規模運航,120,2100000,1,1,4,35,40,98.5228302
20日,日本,福岡,日本,中部,18:00,60,9,1650000,30000,55,小規模運航,120,2100000,1,1,4,35,40,98.0152869
20日,日本,福岡,日本,中部,18:30,60,9,1560000,30000,52,小規模運航,120,2100000,1,1,4,35,40,96.0347368
20日,日本,福岡,日本,中部,19:00,60,9,1770000,30000,59,小規模運航,120,2100000,1,1,4,35,40,88.8255213
20日,日本,福岡,日本,中部,19:30,60,9,1770000,30000,59,小規模運航,120,2100000,1,1,4,35,40,98.3137029
20日,日本,福岡,日本,中部,20:00,60,9,1350000,30000,45,小規模運航,120,2100000,1,1,4,35,40,95.04457
20日,日本,福岡,日本,中部,20:30,60,9,1320000,30000,44,小規模運航,120,2100000,1,1,4,35,40,98.4544773
20日,日本,福岡,日本,中部,21:00,60,9,1470000,30000,49,小規模運航,120,2100000,1,1,4,35,40,89.3017643
20日,日本,福岡,日本,中部,21:30,60,9,1530000,30000,51,小規模運航,120,2100000,1,1,4,35,40,93.388174
20日,日本,福岡,日本,中部,22:00,60,9,1230000,30000,41,小規模運航,120,2100000,1,1,4,35,40,79.8625652
20日,日本,福岡,日本,中部,22:30,60,9,1170000,30000,39,小規模運航,120,2100000,1,1,4,35,40,96.8422187
21日,日本,福岡,日本,中部,07:00,60,9,1050000,30000,35,小規模運航,120,2100000,1,1,4,35,40,96.3157016
21日,日本,福岡,日本,中部,07:30,60,9,1200000,30000,40,小規模運航,120,2100000,1,1,4,35,40,83.8054038
21日,日本,福岡,日本,中部,08:00,60,9,1800000,30000,60,小規模運航,120,2100000,1,1,4,35,40,88.2699475
21日,日本,福岡,日本,中部,08:30,60,9,1770000,30000,59,小規模運航,120,2100000,1,1,4,35,40,94.3307392
21日,日本,福岡,日本,中部,09:00,60,9,1770000,30000,59,小規模運航,120,2100000,1,1,4,35,40,82.3567064
21日,日本,福岡,日本,中部,09:30,60,9,1560000,30000,52,小規模運航,120,2100000,1,1,4,35,40,79.9959819
21日,日本,福岡,日本,中部,10:00,60,9,1410000,30000,47,小規模運航,120,2100000,1,1,4,35,40,87.4475916
21日,日本,福岡,日本,中部,10:30,60,9,1500000,30000,50,小規模運航,120,2100000,1,1,4,35,40,80.3763654
21日,日本,福岡,日本,中部,11:00,60,9,1410000,30000,47,小規模運航,120,2100000,1,1,4,35,40,96.9763298
21日,日本,福岡,日本,中部,11:30,60,9,1260000,30000,42,小規模運航,120,2100000,1,1,4,35,40,85.2101249
21日,日本,福岡,日本,中部,12:00,60,9,1260000,30000,42,小規模運航,120,2100000,1,1,4,35,40,77.1056172
21日,日本,福岡,日本,中部,12:30,60,9,1410000,30000,47,小規模運航,120,2100000,1,1,4,35,40,96.7752161
21日,日本,福岡,日本,中部,13:00,60,9,1350000,30000,45,小規模運航,120,2100000,1,1,4,35,40,89.2915098
21日,日本,福岡,日本,中部,13:30,60,9,1350000,30000,45,小規模運航,120,2100000,1,1,4,35,40,71.049427
21日,日本,福岡,日本,中部,14:00,60,9,1380000,30000,46,小規模運航,120,2100000,1,1,4,35,40,94.4431313
21日,日本,福岡,日本,中部,14:30,60,9,1350000,30000,45,小規模運航,120,2100000,1,1,4,35,40,84.4591266
21日,日本,福岡,日本,中部,15:00,60,9,1290000,30000,43,小規模運航,120,2100000,1,1,4,35,40,96.310807
21日,日本,福岡,日本,中部,15:30,60,9,1500000,30000,50,小規模運航,120,2100000,1,1,4,35,40,97.5376523
21日,日本,福岡,日本,中部,16:00,60,9,1440000,30000,48,小規模運航,120,2100000,1,1,4,35,40,97.9945605
21日,日本,福岡,日本,中部,16:30,60,9,1440000,30000,48,小規模運航,120,2100000,1,1,4,35,40,77.9593122
21日,日本,福岡,日本,中部,17:00,60,9,1620000,30000,54,小規模運航,120,2100000,1,1,4,35,40,92.9576614
21日,日本,福岡,日本,中部,17:30,60,9,1770000,30000,59,小規模運航,120,2100000,1,1,4,35,40,95.3883106
21日,日本,福岡,日本,中部,18:00,60,9,1770000,30000,59,小規模運航,120,2100000,1,1,4,35,40,98.4960498
21日,日本,福岡,日本,中部,18:30,60,9,1710000,30000,57,小規模運航,120,2100000,1,1,4,35,40,88.5055761
21日,日本,福岡,日本,中部,19:00,60,9,1710000,30000,57,小規模運航,120,2100000,1,1,4,35,40,98.2860632
21日,日本,福岡,日本,中部,19:30,60,9,1770000,30000,59,小規模運航,120,2100000,1,1,4,35,40,98.3137029
21日,日本,福岡,日本,中部,20:00,60,9,1380000,30000,46,小規模運航,120,2100000,1,1,4,35,40,98.3810368
21日,日本,福岡,日本,中部,20:30,60,9,1350000,30000,45,小規模運航,120,2100000,1,1,4,35,40,96.1913768
21日,日本,福岡,日本,中部,21:00,60,9,1500000,30000,50,小規模運航,120,2100000,1,1,4,35,40,93.4692849
21日,日本,福岡,日本,中部,21:30,60,9,1320000,30000,44,小規模運航,120,2100000,1,1,4,35,40,83.0766816
21日,日本,福岡,日本,中部,22:00,60,9,1140000,30000,38,小規模運航,120,2100000,1,1,4,35,40,87.3898203
21日,日本,福岡,日本,中部,22:30,60,9,1050000,30000,35,小規模運航,120,2100000,1,1,4,35,40,89.1209789
22日,日本,福岡,日本,中部,07:00,60,9,1230000,30000,41,小規模運航,120,2100000,1,1,4,35,40,56.1337086
22日,日本,福岡,日本,中部,07:30,60,9,1230000,30000,41,小規模運航,120,2100000,1,1,4,35,40,74.6435411
22日,日本,福岡,日本,中部,08:00,60,9,1530000,30000,51,小規模運航,120,2100000,1,1,4,35,40,98.3132771
22日,日本,福岡,日本,中部,08:30,60,9,1680000,30000,56,小規模運航,120,2100000,1,1,4,35,40,98.6746179
22日,日本,福岡,日本,中部,09:00,60,9,1560000,30000,52,小規模運航,120,2100000,1,1,4,35,40,98.7473991
22日,日本,福岡,日本,中部,09:30,60,9,1800000,30000,60,小規模運航,120,2100000,1,1,4,35,40,98.4471308
22日,日本,福岡,日本,中部,10:00,60,9,1500000,30000,50,小規模運航,120,2100000,1,1,4,35,40,93.5816967
22日,日本,福岡,日本,中部,10:30,60,9,1350000,30000,45,小規模運航,120,2100000,1,1,4,35,40,90.6796264
22日,日本,福岡,日本,中部,11:00,60,9,1350000,30000,45,小規模運航,120,2100000,1,1,4,35,40,95.493029
22日,日本,福岡,日本,中部,11:30,60,9,1380000,30000,46,小規模運航,120,2100000,1,1,4,35,40,96.4519743
22日,日本,福岡,日本,中部,12:00,60,9,1500000,30000,50,小規模運航,120,2100000,1,1,4,35,40,92.6947749
22日,日本,福岡,日本,中部,12:30,60,9,1290000,30000,43,小規模運航,120,2100000,1,1,4,35,40,93.3557867
22日,日本,福岡,日本,中部,13:00,60,9,1530000,30000,51,小規模運航,120,2100000,1,1,4,35,40,95.3795255
22日,日本,福岡,日本,中部,13:30,60,9,1380000,30000,46,小規模運航,120,2100000,1,1,4,35,40,98.4122998
22日,日本,福岡,日本,中部,14:00,60,9,1410000,30000,47,小規模運航,120,2100000,1,1,4,35,40,97.5271422
22日,日本,福岡,日本,中部,14:30,60,9,1500000,30000,50,小規模運航,120,2100000,1,1,4,35,40,93.4706826
22日,日本,福岡,日本,中部,15:00,60,9,1410000,30000,47,小規模運航,120,2100000,1,1,4,35,40,96.7187262
22日,日本,福岡,日本,中部,15:30,60,9,1410000,30000,47,小規模運航,120,2100000,1,1,4,35,40,92.9082146
22日,日本,福岡,日本,中部,16:00,60,9,1530000,30000,51,小規模運航,120,2100000,1,1,4,35,40,92.9552512
22日,日本,福岡,日本,中部,16:30,60,9,1500000,30000,50,小規模運航,120,2100000,1,1,4,35,40,94.6355359
22日,日本,福岡,日本,中部,17:00,60,9,1740000,30000,58,小規模運航,120,2100000,1,1,4,35,40,92.4077003
22日,日本,福岡,日本,中部,17:30,60,9,1770000,30000,59,小規模運航,120,2100000,1,1,4,35,40,95.3883106
22日,日本,福岡,日本,中部,18:00,60,9,1590000,30000,53,小規模運航,120,2100000,1,1,4,35,40,91.8831819
22日,日本,福岡,日本,中部,18:30,60,9,1770000,30000,59,小規模運航,120,2100000,1,1,4,35,40,96.2177094
22日,日本,福岡,日本,中部,19:00,60,9,1770000,30000,59,小規模運航,120,2100000,1,1,4,35,40,88.8255213
22日,日本,福岡,日本,中部,19:30,60,9,1590000,30000,53,小規模運航,120,2100000,1,1,4,35,40,98.488783
22日,日本,福岡,日本,中部,20:00,60,9,1530000,30000,51,小規模運航,120,2100000,1,1,4,35,40,90.4563792
22日,日本,福岡,日本,中部,20:30,60,9,1530000,30000,51,小規模運航,120,2100000,1,1,4,35,40,97.1965386
22日,日本,福岡,日本,中部,21:00,60,9,1410000,30000,47,小規模運航,120,2100000,1,1,4,35,40,98.2446678
22日,日本,福岡,日本,中部,21:30,60,9,1410000,30000,47,小規模運航,120,2100000,1,1,4,35,40,97.4242389
22日,日本,福岡,日本,中部,22:00,60,9,960000,30000,32,小規模運航,120,2100000,1,1,4,35,40,88.9992593
22日,日本,福岡,日本,中部,22:30,60,9,1140000,30000,38,小規模運航,120,2100000,1,1,4,35,40,97.8601292
23日,日本,福岡,日本,中部,07:00,60,9,1110000,30000,37,小規模運航,120,2100000,1,1,4,35,40,70.6262306
23日,日本,福岡,日本,中部,07:30,60,9,1050000,30000,35,小規模運航,120,2100000,1,1,4,35,40,94.6051096
23日,日本,福岡,日本,中部,08:00,60,9,1770000,30000,59,小規模運航,120,2100000,1,1,4,35,40,96.6873661
23日,日本,福岡,日本,中部,08:30,60,9,1590000,30000,53,小規模運航,120,2100000,1,1,4,35,40,85.6587418
23日,日本,福岡,日本,中部,09:00,60,9,1710000,30000,57,小規模運航,120,2100000,1,1,4,35,40,87.6367438
23日,日本,福岡,日本,中部,09:30,60,9,1590000,30000,53,小規模運航,120,2100000,1,1,4,35,40,93.5236717
23日,日本,福岡,日本,中部,10:00,60,9,1380000,30000,46,小規模運航,120,2100000,1,1,4,35,40,96.0697175
23日,日本,福岡,日本,中部,10:30,60,9,1380000,30000,46,小規模運航,120,2100000,1,1,4,35,40,94.0766804
23日,日本,福岡,日本,中部,11:00,60,9,1350000,30000,45,小規模運航,120,2100000,1,1,4,35,40,95.493029
23日,日本,福岡,日本,中部,11:30,60,9,1290000,30000,43,小規模運航,120,2100000,1,1,4,35,40,87.8849096
23日,日本,福岡,日本,中部,12:00,60,9,1320000,30000,44,小規模運航,120,2100000,1,1,4,35,40,98.9080382
23日,日本,福岡,日本,中部,12:30,60,9,1320000,30000,44,小規模運航,120,2100000,1,1,4,35,40,94.5597547
23日,日本,福岡,日本,中部,13:00,60,9,1470000,30000,49,小規模運航,120,2100000,1,1,4,35,40,98.3216641
23日,日本,福岡,日本,中部,13:30,60,9,1470000,30000,49,小規模運航,120,2100000,1,1,4,35,40,78.8887064
23日,日本,福岡,日本,中部,14:00,60,9,1320000,30000,44,小規模運航,120,2100000,1,1,4,35,40,71.3321024
23日,日本,福岡,日本,中部,14:30,60,9,1410000,30000,47,小規模運航,120,2100000,1,1,4,35,40,97.1586198
23日,日本,福岡,日本,中部,15:00,60,9,1290000,30000,43,小規模運航,120,2100000,1,1,4,35,40,96.310807
23日,日本,福岡,日本,中部,15:30,60,9,1290000,30000,43,小規模運航,120,2100000,1,1,4,35,40,95.896025
23日,日本,福岡,日本,中部,16:00,60,9,1530000,30000,51,小規模運航,120,2100000,1,1,4,35,40,92.9552512
23日,日本,福岡,日本,中部,16:30,60,9,1530000,30000,51,小規模運航,120,2100000,1,1,4,35,40,98.6615156
23日,日本,福岡,日本,中部,17:00,60,9,1740000,30000,58,小規模運航,120,2100000,1,1,4,35,40,92.4077003
23日,日本,福岡,日本,中部,17:30,60,9,1530000,30000,51,小規模運航,120,2100000,1,1,4,35,40,97.9254779
23日,日本,福岡,日本,中部,18:00,60,9,1650000,30000,55,小規模運航,120,2100000,1,1,4,35,40,98.0152869
23日,日本,福岡,日本,中部,18:30,60,9,1530000,30000,51,小規模運航,120,2100000,1,1,4,35,40,97.735456
23日,日本,福岡,日本,中部,19:00,60,9,1740000,30000,58,小規模運航,120,2100000,1,1,4,35,40,92.5687632
23日,日本,福岡,日本,中部,19:30,60,9,1710000,30000,57,小規模運航,120,2100000,1,1,4,35,40,90.6734335
23日,日本,福岡,日本,中部,20:00,60,9,1410000,30000,47,小規模運航,120,2100000,1,1,4,35,40,91.8525369
23日,日本,福岡,日本,中部,20:30,60,9,1470000,30000,49,小規模運航,120,2100000,1,1,4,35,40,93.9903586
23日,日本,福岡,日本,中部,21:00,60,9,1470000,30000,49,小規模運航,120,2100000,1,1,4,35,40,89.3017643
23日,日本,福岡,日本,中部,21:30,60,9,1410000,30000,47,小規模運航,120,2100000,1,1,4,35,40,97.4242389
23日,日本,福岡,日本,中部,22:00,60,9,960000,30000,32,小規模運航,120,2100000,1,1,4,35,40,88.9992593
23日,日本,福岡,日本,中部,22:30,60,9,1110000,30000,37,小規模運航,120,2100000,1,1,4,35,40,72.9679039
24日,日本,福岡,日本,中部,07:00,60,9,1140000,30000,38,小規模運航,120,2100000,1,1,4,35,40,96.8914911
24日,日本,福岡,日本,中部,07:30,60,9,1050000,30000,35,小規模運航,120,2100000,1,1,4,35,40,94.6051096
24日,日本,福岡,日本,中部,08:00,60,9,1620000,30000,54,小規模運航,120,2100000,1,1,4,35,40,92.1373279
24日,日本,福岡,日本,中部,08:30,60,9,1770000,30000,59,小規模運航,120,2100000,1,1,4,35,40,94.3307392
24日,日本,福岡,日本,中部,09:00,60,9,1740000,30000,58,小規模運航,120,2100000,1,1,4,35,40,92.8709451
24日,日本,福岡,日本,中部,09:30,60,9,1740000,30000,58,小規模運航,120,2100000,1,1,4,35,40,93.4682213
24日,日本,福岡,日本,中部,10:00,60,9,1410000,30000,47,小規模運航,120,2100000,1,1,4,35,40,87.4475916
24日,日本,福岡,日本,中部,10:30,60,9,1320000,30000,44,小規模運航,120,2100000,1,1,4,35,40,81.3526619
24日,日本,福岡,日本,中部,11:00,60,9,1470000,30000,49,小規模運航,120,2100000,1,1,4,35,40,95.0937943
24日,日本,福岡,日本,中部,11:30,60,9,1380000,30000,46,小規模運航,120,2100000,1,1,4,35,40,96.4519743
24日,日本,福岡,日本,中部,12:00,60,9,1500000,30000,50,小規模運航,120,2100000,1,1,4,35,40,92.6947749
24日,日本,福岡,日本,中部,12:30,60,9,1410000,30000,47,小規模運航,120,2100000,1,1,4,35,40,96.7752161
24日,日本,福岡,日本,中部,13:00,60,9,1530000,30000,51,小規模運航,120,2100000,1,1,4,35,40,95.3795255
24日,日本,福岡,日本,中部,13:30,60,9,1320000,30000,44,小規模運航,120,2100000,1,1,4,35,40,97.9360908
24日,日本,福岡,日本,中部,14:00,60,9,1500000,30000,50,小規模運航,120,2100000,1,1,4,35,40,95.1074831
24日,日本,福岡,日本,中部,14:30,60,9,1470000,30000,49,小規模運航,120,2100000,1,1,4,35,40,93.6576656
24日,日本,福岡,日本,中部,15:00,60,9,1260000,30000,42,小規模運航,120,2100000,1,1,4,35,40,94.2105183
24日,日本,福岡,日本,中部,15:30,60,9,1500000,30000,50,小規模運航,120,2100000,1,1,4,35,40,97.5376523
24日,日本,福岡,日本,中部,16:00,60,9,1380000,30000,46,小規模運航,120,2100000,1,1,4,35,40,74.6469879
24日,日本,福岡,日本,中部,16:30,60,9,1290000,30000,43,小規模運航,120,2100000,1,1,4,35,40,98.307027
24日,日本,福岡,日本,中部,17:00,60,9,1740000,30000,58,小規模運航,120,2100000,1,1,4,35,40,92.4077003
24日,日本,福岡,日本,中部,17:30,60,9,1560000,30000,52,小規模運航,120,2100000,1,1,4,35,40,98.5228302
24日,日本,福岡,日本,中部,18:00,60,9,1530000,30000,51,小規模運航,120,2100000,1,1,4,35,40,98.1156251
24日,日本,福岡,日本,中部,18:30,60,9,1800000,30000,60,小規模運航,120,2100000,1,1,4,35,40,94.9015557
24日,日本,福岡,日本,中部,19:00,60,9,1770000,30000,59,小規模運航,120,2100000,1,1,4,35,40,88.8255213
24日,日本,福岡,日本,中部,19:30,60,9,1770000,30000,59,小規模運航,120,2100000,1,1,4,35,40,98.3137029
24日,日本,福岡,日本,中部,20:00,60,9,1410000,30000,47,小規模運航,120,2100000,1,1,4,35,40,91.8525369
24日,日本,福岡,日本,中部,20:30,60,9,1470000,30000,49,小規模運航,120,2100000,1,1,4,35,40,93.9903586
24日,日本,福岡,日本,中部,21:00,60,9,1350000,30000,45,小規模運航,120,2100000,1,1,4,35,40,93.3205571
24日,日本,福岡,日本,中部,21:30,60,9,1380000,30000,46,小規模運航,120,2100000,1,1,4,35,40,88.6754934
24日,日本,福岡,日本,中部,22:00,60,9,1050000,30000,35,小規模運航,120,2100000,1,1,4,35,40,93.0383077
24日,日本,福岡,日本,中部,22:30,60,9,1080000,30000,36,小規模運航,120,2100000,1,1,4,35,40,94.3075259
25日,日本,福岡,日本,中部,07:00,60,9,1140000,30000,38,小規模運航,120,2100000,1,1,4,35,40,96.8914911
25日,日本,福岡,日本,中部,07:30,60,9,1110000,30000,37,小規模運航,120,2100000,1,1,4,35,40,71.2919077
25日,日本,福岡,日本,中部,08:00,60,9,1770000,30000,59,小規模運航,120,2100000,1,1,4,35,40,96.6873661
25日,日本,福岡,日本,中部,08:30,60,9,1620000,30000,54,小規模運航,120,2100000,1,1,4,35,40,96.648715
25日,日本,福岡,日本,中部,09:00,60,9,1710000,30000,57,小規模運航,120,2100000,1,1,4,35,40,87.6367438
25日,日本,福岡,日本,中部,09:30,60,9,1680000,30000,56,小規模運航,120,2100000,1,1,4,35,40,93.5908053
25日,日本,福岡,日本,中部,10:00,60,9,1470000,30000,49,小規模運航,120,2100000,1,1,4,35,40,96.2561957
25日,日本,福岡,日本,中部,10:30,60,9,1530000,30000,51,小規模運航,120,2100000,1,1,4,35,40,96.1336249
25日,日本,福岡,日本,中部,11:00,60,9,1530000,30000,51,小規模運航,120,2100000,1,1,4,35,40,92.14952
25日,日本,福岡,日本,中部,11:30,60,9,1410000,30000,47,小規模運航,120,2100000,1,1,4,35,40,91.3041152
25日,日本,福岡,日本,中部,12:00,60,9,1350000,30000,45,小規模運航,120,2100000,1,1,4,35,40,78.7223969
25日,日本,福岡,日本,中部,12:30,60,9,1410000,30000,47,小規模運航,120,2100000,1,1,4,35,40,96.7752161
25日,日本,福岡,日本,中部,13:00,60,9,1440000,30000,48,小規模運航,120,2100000,1,1,4,35,40,97.7095781
25日,日本,福岡,日本,中部,13:30,60,9,1410000,30000,47,小規模運航,120,2100000,1,1,4,35,40,77.2594174
25日,日本,福岡,日本,中部,14:00,60,9,1440000,30000,48,小規模運航,120,2100000,1,1,4,35,40,95.8012223
25日,日本,福岡,日本,中部,14:30,60,9,1260000,30000,42,小規模運航,120,2100000,1,1,4,35,40,86.7804422
25日,日本,福岡,日本,中部,15:00,60,9,1500000,30000,50,小規模運航,120,2100000,1,1,4,35,40,85.687245
25日,日本,福岡,日本,中部,15:30,60,9,1410000,30000,47,小規模運航,120,2100000,1,1,4,35,40,92.9082146
25日,日本,福岡,日本,中部,16:00,60,9,1350000,30000,45,小規模運航,120,2100000,1,1,4,35,40,97.7823869
25日,日本,福岡,日本,中部,16:30,60,9,1350000,30000,45,小規模運航,120,2100000,1,1,4,35,40,98.3992363
25日,日本,福岡,日本,中部,17:00,60,9,1710000,30000,57,小規模運航,120,2100000,1,1,4,35,40,85.7008697
25日,日本,福岡,日本,中部,17:30,60,9,1590000,30000,53,小規模運航,120,2100000,1,1,4,35,40,99.1803519
25日,日本,福岡,日本,中部,18:00,60,9,1770000,30000,59,小規模運航,120,2100000,1,1,4,35,40,98.4960498
25日,日本,福岡,日本,中部,18:30,60,9,1770000,30000,59,小規模運航,120,2100000,1,1,4,35,40,96.2177094
25日,日本,福岡,日本,中部,19:00,60,9,1530000,30000,51,小規模運航,120,2100000,1,1,4,35,40,89.973302
25日,日本,福岡,日本,中部,19:30,60,9,1560000,30000,52,小規模運航,120,2100000,1,1,4,35,40,98.6001887
25日,日本,福岡,日本,中部,20:00,60,9,1410000,30000,47,小規模運航,120,2100000,1,1,4,35,40,91.8525369
25日,日本,福岡,日本,中部,20:30,60,9,1470000,30000,49,小規模運航,120,2100000,1,1,4,35,40,93.9903586
25日,日本,福岡,日本,中部,21:00,60,9,1470000,30000,49,小規模運航,120,2100000,1,1,4,35,40,89.3017643
25日,日本,福岡,日本,中部,21:30,60,9,1440000,30000,48,小規模運航,120,2100000,1,1,4,35,40,95.7659676
25日,日本,福岡,日本,中部,22:00,60,9,990000,30000,33,小規模運航,120,2100000,1,1,4,35,40,96.7490327
25日,日本,福岡,日本,中部,22:30,60,9,1170000,30000,39,小規模運航,120,2100000,1,1,4,35,40,96.8422187
26日,日本,福岡,日本,中部,07:00,60,9,1020000,30000,34,小規模運航,120,2100000,1,1,4,35,40,75.046836
26日,日本,福岡,日本,中部,07:30,60,9,1140000,30000,38,小規模運航,120,2100000,1,1,4,35,40,91.7518535
26日,日本,福岡,日本,中部,08:00,60,9,1620000,30000,54,小規模運航,120,2100000,1,1,4,35,40,92.1373279
26日,日本,福岡,日本,中部,08:30,60,9,1770000,30000,59,小規模運航,120,2100000,1,1,4,35,40,94.3307392
26日,日本,福岡,日本,中部,09:00,60,9,1770000,30000,59,小規模運航,120,2100000,1,1,4,35,40,82.3567064
26日,日本,福岡,日本,中部,09:30,60,9,1770000,30000,59,小規模運航,120,2100000,1,1,4,35,40,98.2536771
26日,日本,福岡,日本,中部,10:00,60,9,1380000,30000,46,小規模運航,120,2100000,1,1,4,35,40,96.0697175
26日,日本,福岡,日本,中部,10:30,60,9,1440000,30000,48,小規模運航,120,2100000,1,1,4,35,40,72.9650434
26日,日本,福岡,日本,中部,11:00,60,9,1530000,30000,51,小規模運航,120,2100000,1,1,4,35,40,92.14952
26日,日本,福岡,日本,中部,11:30,60,9,1440000,30000,48,小規模運航,120,2100000,1,1,4,35,40,83.0977817
26日,日本,福岡,日本,中部,12:00,60,9,1350000,30000,45,小規模運航,120,2100000,1,1,4,35,40,78.7223969
26日,日本,福岡,日本,中部,12:30,60,9,1320000,30000,44,小規模運航,120,2100000,1,1,4,35,40,94.5597547
26日,日本,福岡,日本,中部,13:00,60,9,1350000,30000,45,小規模運航,120,2100000,1,1,4,35,40,89.2915098
26日,日本,福岡,日本,中部,13:30,60,9,1410000,30000,47,小規模運航,120,2100000,1,1,4,35,40,77.2594174
26日,日本,福岡,日本,中部,14:00,60,9,1500000,30000,50,小規模運航,120,2100000,1,1,4,35,40,95.1074831
26日,日本,福岡,日本,中部,14:30,60,9,1320000,30000,44,小規模運航,120,2100000,1,1,4,35,40,97.1662866
26日,日本,福岡,日本,中部,15:00,60,9,1500000,30000,50,小規模運航,120,2100000,1,1,4,35,40,85.687245
26日,日本,福岡,日本,中部,15:30,60,9,1350000,30000,45,小規模運航,120,2100000,1,1,4,35,40,98.1730361
26日,日本,福岡,日本,中部,16:00,60,9,1260000,30000,42,小規模運航,120,2100000,1,1,4,35,40,92.1370508
26日,日本,福岡,日本,中部,16:30,60,9,1500000,30000,50,小規模運航,120,2100000,1,1,4,35,40,94.6355359
26日,日本,福岡,日本,中部,17:00,60,9,1740000,30000,58,小規模運航,120,2100000,1,1,4,35,40,92.4077003
26日,日本,福岡,日本,中部,17:30,60,9,1740000,30000,58,小規模運航,120,2100000,1,1,4,35,40,96.5612295
26日,日本,福岡,日本,中部,18:00,60,9,1680000,30000,56,小規模運航,120,2100000,1,1,4,35,40,95.3401427
26日,日本,福岡,日本,中部,18:30,60,9,1770000,30000,59,小規模運航,120,2100000,1,1,4,35,40,96.2177094
26日,日本,福岡,日本,中部,19:00,60,9,1770000,30000,59,小規模運航,120,2100000,1,1,4,35,40,88.8255213
26日,日本,福岡,日本,中部,19:30,60,9,1560000,30000,52,小規模運航,120,2100000,1,1,4,35,40,98.6001887
26日,日本,福岡,日本,中部,20:00,60,9,1350000,30000,45,小規模運航,120,2100000,1,1,4,35,40,95.04457
26日,日本,福岡,日本,中部,20:30,60,9,1260000,30000,42,小規模運航,120,2100000,1,1,4,35,40,88.4760319
26日,日本,福岡,日本,中部,21:00,60,9,1320000,30000,44,小規模運航,120,2100000,1,1,4,35,40,81.9784093
26日,日本,福岡,日本,中部,21:30,60,9,1470000,30000,49,小規模運航,120,2100000,1,1,4,35,40,98.009319
26日,日本,福岡,日本,中部,22:00,60,9,1200000,30000,40,小規模運航,120,2100000,1,1,4,35,40,93.0390309
26日,日本,福岡,日本,中部,22:30,60,9,1200000,30000,40,小規模運航,120,2100000,1,1,4,35,40,94.1621711
27日,日本,福岡,日本,中部,07:00,60,9,1080000,30000,36,小規模運航,120,2100000,1,1,4,35,40,94.8077823
27日,日本,福岡,日本,中部,07:30,60,9,1020000,30000,34,小規模運航,120,2100000,1,1,4,35,40,92.7453183
27日,日本,福岡,日本,中部,08:00,60,9,1590000,30000,53,小規模運航,120,2100000,1,1,4,35,40,87.683647
27日,日本,福岡,日本,中部,08:30,60,9,1770000,30000,59,小規模運航,120,2100000,1,1,4,35,40,94.3307392
27日,日本,福岡,日本,中部,09:00,60,9,1770000,30000,59,小規模運航,120,2100000,1,1,4,35,40,82.3567064
27日,日本,福岡,日本,中部,09:30,60,9,1740000,30000,58,小規模運航,120,2100000,1,1,4,35,40,93.4682213
27日,日本,福岡,日本,中部,10:00,60,9,1320000,30000,44,小規模運航,120,2100000,1,1,4,35,40,97.2476026
27日,日本,福岡,日本,中部,10:30,60,9,1290000,30000,43,小規模運航,120,2100000,1,1,4,35,40,94.2569376
27日,日本,福岡,日本,中部,11:00,60,9,1470000,30000,49,小規模運航,120,2100000,1,1,4,35,40,95.0937943
27日,日本,福岡,日本,中部,11:30,60,9,1500000,30000,50,小規模運航,120,2100000,1,1,4,35,40,98.4492619
27日,日本,福岡,日本,中部,12:00,60,9,1320000,30000,44,小規模運航,120,2100000,1,1,4,35,40,98.9080382
27日,日本,福岡,日本,中部,12:30,60,9,1290000,30000,43,小規模運航,120,2100000,1,1,4,35,40,93.3557867
27日,日本,福岡,日本,中部,13:00,60,9,1380000,30000,46,小規模運航,120,2100000,1,1,4,35,40,92.1024687
27日,日本,福岡,日本,中部,13:30,60,9,1260000,30000,42,小規模運航,120,2100000,1,1,4,35,40,75.3532107
27日,日本,福岡,日本,中部,14:00,60,9,1440000,30000,48,小規模運航,120,2100000,1,1,4,35,40,95.8012223
27日,日本,福岡,日本,中部,14:30,60,9,1440000,30000,48,小規模運航,120,2100000,1,1,4,35,40,96.3340153
27日,日本,福岡,日本,中部,15:00,60,9,1410000,30000,47,小規模運航,120,2100000,1,1,4,35,40,96.7187262
27日,日本,福岡,日本,中部,15:30,60,9,1470000,30000,49,小規模運航,120,2100000,1,1,4,35,40,97.6773252
27日,日本,福岡,日本,中部,16:00,60,9,1440000,30000,48,小規模運航,120,2100000,1,1,4,35,40,97.9945605
27日,日本,福岡,日本,中部,16:30,60,9,1410000,30000,47,小規模運航,120,2100000,1,1,4,35,40,96.446869
27日,日本,福岡,日本,中部,17:00,60,9,1620000,30000,54,小規模運航,120,2100000,1,1,4,35,40,92.9576614
27日,日本,福岡,日本,中部,17:30,60,9,1590000,30000,53,小規模運航,120,2100000,1,1,4,35,40,99.1803519
27日,日本,福岡,日本,中部,18:00,60,9,1770000,30000,59,小規模運航,120,2100000,1,1,4,35,40,98.4960498
27日,日本,福岡,日本,中部,18:30,60,9,1710000,30000,57,小規模運航,120,2100000,1,1,4,35,40,88.5055761
27日,日本,福岡,日本,中部,19:00,60,9,1560000,30000,52,小規模運航,120,2100000,1,1,4,35,40,87.1543518
27日,日本,福岡,日本,中部,19:30,60,9,1560000,30000,52,小規模運航,120,2100000,1,1,4,35,40,98.6001887
27日,日本,福岡,日本,中部,20:00,60,9,1500000,30000,50,小規模運航,120,2100000,1,1,4,35,40,87.89506
27日,日本,福岡,日本,中部,20:30,60,9,1320000,30000,44,小規模運航,120,2100000,1,1,4,35,40,98.4544773
27日,日本,福岡,日本,中部,21:00,60,9,1260000,30000,42,小規模運航,120,2100000,1,1,4,35,40,94.6095257
27日,日本,福岡,日本,中部,21:30,60,9,1440000,30000,48,小規模運航,120,2100000,1,1,4,35,40,95.7659676
27日,日本,福岡,日本,中部,22:00,60,9,990000,30000,33,小規模運航,120,2100000,1,1,4,35,40,96.7490327
27日,日本,福岡,日本,中部,22:30,60,9,1140000,30000,38,小規模運航,120,2100000,1,1,4,35,40,97.8601292
28日,日本,福岡,日本,中部,07:00,60,9,1020000,30000,34,小規模運航,120,2100000,1,1,4,35,40,75.046836
28日,日本,福岡,日本,中部,07:30,60,9,1200000,30000,40,小規模運航,120,2100000,1,1,4,35,40,83.8054038
28日,日本,福岡,日本,中部,08:00,60,9,1740000,30000,58,小規模運航,120,2100000,1,1,4,35,40,95.5620793
28日,日本,福岡,日本,中部,08:30,60,9,1740000,30000,58,小規模運航,120,2100000,1,1,4,35,40,80.9332032
28日,日本,福岡,日本,中部,09:00,60,9,1710000,30000,57,小規模運航,120,2100000,1,1,4,35,40,87.6367438
28日,日本,福岡,日本,中部,09:30,60,9,1680000,30000,56,小規模運航,120,2100000,1,1,4,35,40,93.5908053
28日,日本,福岡,日本,中部,10:00,60,9,1440000,30000,48,小規模運航,120,2100000,1,1,4,35,40,92.2216952
28日,日本,福岡,日本,中部,10:30,60,9,1410000,30000,47,小規模運航,120,2100000,1,1,4,35,40,97.8728499
28日,日本,福岡,日本,中部,11:00,60,9,1350000,30000,45,小規模運航,120,2100000,1,1,4,35,40,95.493029
28日,日本,福岡,日本,中部,11:30,60,9,1410000,30000,47,小規模運航,120,2100000,1,1,4,35,40,91.3041152
28日,日本,福岡,日本,中部,12:00,60,9,1440000,30000,48,小規模運航,120,2100000,1,1,4,35,40,77.915871
28日,日本,福岡,日本,中部,12:30,60,9,1410000,30000,47,小規模運航,120,2100000,1,1,4,35,40,96.7752161
28日,日本,福岡,日本,中部,13:00,60,9,1380000,30000,46,小規模運航,120,2100000,1,1,4,35,40,92.1024687
28日,日本,福岡,日本,中部,13:30,60,9,1410000,30000,47,小規模運航,120,2100000,1,1,4,35,40,77.2594174
28日,日本,福岡,日本,中部,14:00,60,9,1260000,30000,42,小規模運航,120,2100000,1,1,4,35,40,93.8034314
28日,日本,福岡,日本,中部,14:30,60,9,1320000,30000,44,小規模運航,120,2100000,1,1,4,35,40,97.1662866
28日,日本,福岡,日本,中部,15:00,60,9,1440000,30000,48,小規模運航,120,2100000,1,1,4,35,40,91.9505897
28日,日本,福岡,日本,中部,15:30,60,9,1500000,30000,50,小規模運航,120,2100000,1,1,4,35,40,97.5376523
28日,日本,福岡,日本,中部,16:00,60,9,1290000,30000,43,小規模運航,120,2100000,1,1,4,35,40,95.0592528
28日,日本,福岡,日本,中部,16:30,60,9,1410000,30000,47,小規模運航,120,2100000,1,1,4,35,40,96.446869
28日,日本,福岡,日本,中部,17:00,60,9,1770000,30000,59,小規模運航,120,2100000,1,1,4,35,40,93.2228044
28日,日本,福岡,日本,中部,17:30,60,9,1740000,30000,58,小規模運航,120,2100000,1,1,4,35,40,96.5612295
28日,日本,福岡,日本,中部,18:00,60,9,1650000,30000,55,小規模運航,120,2100000,1,1,4,35,40,98.0152869
28日,日本,福岡,日本,中部,18:30,60,9,1770000,30000,59,小規模運航,120,2100000,1,1,4,35,40,96.2177094
28日,日本,福岡,日本,中部,19:00,60,9,1650000,30000,55,小規模運航,120,2100000,1,1,4,35,40,87.4326939
28日,日本,福岡,日本,中部,19:30,60,9,1770000,30000,59,小規模運航,120,2100000,1,1,4,35,40,98.3137029
28日,日本,福岡,日本,中部,20:00,60,9,1410000,30000,47,小規模運航,120,2100000,1,1,4,35,40,91.8525369
28日,日本,福岡,日本,中部,20:30,60,9,1290000,30000,43,小規模運航,120,2100000,1,1,4,35,40,96.8773833
28日,日本,福岡,日本,中部,21:00,60,9,1470000,30000,49,小規模運航,120,2100000,1,1,4,35,40,89.3017643
28日,日本,福岡,日本,中部,21:30,60,9,1440000,30000,48,小規模運航,120,2100000,1,1,4,35,40,95.7659676
28日,日本,福岡,日本,中部,22:00,60,9,1020000,30000,34,小規模運航,120,2100000,1,1,4,35,40,58.1002253
28日,日本,福岡,日本,中部,22:30,60,9,990000,30000,33,小規模運航,120,2100000,1,1,4,35,40,65.8460013
29日,日本,福岡,日本,中部,07:00,60,9,1110000,30000,37,小規模運航,120,2100000,1,1,4,35,40,70.6262306
29日,日本,福岡,日本,中部,07:30,60,9,1230000,30000,41,小規模運航,120,2100000,1,1,4,35,40,74.6435411
29日,日本,福岡,日本,中部,08:00,60,9,1770000,30000,59,小規模運航,120,2100000,1,1,4,35,40,96.6873661
29日,日本,福岡,日本,中部,08:30,60,9,1680000,30000,56,小規模運航,120,2100000,1,1,4,35,40,98.6746179
29日,日本,福岡,日本,中部,09:00,60,9,1650000,30000,55,小規模運航,120,2100000,1,1,4,35,40,89.5920082
29日,日本,福岡,日本,中部,09:30,60,9,1590000,30000,53,小規模運航,120,2100000,1,1,4,35,40,93.5236717
29日,日本,福岡,日本,中部,10:00,60,9,1410000,30000,47,小規模運航,120,2100000,1,1,4,35,40,87.4475916
29日,日本,福岡,日本,中部,10:30,60,9,1350000,30000,45,小規模運航,120,2100000,1,1,4,35,40,90.6796264
29日,日本,福岡,日本,中部,11:00,60,9,1260000,30000,42,小規模運航,120,2100000,1,1,4,35,40,94.5710964
29日,日本,福岡,日本,中部,11:30,60,9,1410000,30000,47,小規模運航,120,2100000,1,1,4,35,40,91.3041152
29日,日本,福岡,日本,中部,12:00,60,9,1290000,30000,43,小規模運航,120,2100000,1,1,4,35,40,89.8563373
29日,日本,福岡,日本,中部,12:30,60,9,1380000,30000,46,小規模運航,120,2100000,1,1,4,35,40,89.5327303
29日,日本,福岡,日本,中部,13:00,60,9,1470000,30000,49,小規模運航,120,2100000,1,1,4,35,40,98.3216641
29日,日本,福岡,日本,中部,13:30,60,9,1380000,30000,46,小規模運航,120,2100000,1,1,4,35,40,98.4122998
29日,日本,福岡,日本,中部,14:00,60,9,1290000,30000,43,小規模運航,120,2100000,1,1,4,35,40,98.1413613
29日,日本,福岡,日本,中部,14:30,60,9,1500000,30000,50,小規模運航,120,2100000,1,1,4,35,40,93.4706826
29日,日本,福岡,日本,中部,15:00,60,9,1500000,30000,50,小規模運航,120,2100000,1,1,4,35,40,85.687245
29日,日本,福岡,日本,中部,15:30,60,9,1500000,30000,50,小規模運航,120,2100000,1,1,4,35,40,97.5376523
29日,日本,福岡,日本,中部,16:00,60,9,1290000,30000,43,小規模運航,120,2100000,1,1,4,35,40,95.0592528
29日,日本,福岡,日本,中部,16:30,60,9,1470000,30000,49,小規模運航,120,2100000,1,1,4,35,40,87.541172
29日,日本,福岡,日本,中部,17:00,60,9,1800000,30000,60,小規模運航,120,2100000,1,1,4,35,40,81.0186361
29日,日本,福岡,日本,中部,17:30,60,9,1740000,30000,58,小規模運航,120,2100000,1,1,4,35,40,96.5612295
29日,日本,福岡,日本,中部,18:00,60,9,1710000,30000,57,小規模運航,120,2100000,1,1,4,35,40,96.4323818
29日,日本,福岡,日本,中部,18:30,60,9,1560000,30000,52,小規模運航,120,2100000,1,1,4,35,40,96.0347368
29日,日本,福岡,日本,中部,19:00,60,9,1560000,30000,52,小規模運航,120,2100000,1,1,4,35,40,87.1543518
29日,日本,福岡,日本,中部,19:30,60,9,1800000,30000,60,小規模運航,120,2100000,1,1,4,35,40,88.8954922
29日,日本,福岡,日本,中部,20:00,60,9,1410000,30000,47,小規模運航,120,2100000,1,1,4,35,40,91.8525369
29日,日本,福岡,日本,中部,20:30,60,9,1380000,30000,46,小規模運航,120,2100000,1,1,4,35,40,97.6346954
29日,日本,福岡,日本,中部,21:00,60,9,1440000,30000,48,小規模運航,120,2100000,1,1,4,35,40,88.7465192
29日,日本,福岡,日本,中部,21:30,60,9,1410000,30000,47,小規模運航,120,2100000,1,1,4,35,40,97.4242389
29日,日本,福岡,日本,中部,22:00,60,9,990000,30000,33,小規模運航,120,2100000,1,1,4,35,40,96.7490327
29日,日本,福岡,日本,中部,22:30,60,9,1050000,30000,35,小規模運航,120,2100000,1,1,4,35,40,89.1209789
30日,日本,福岡,日本,中部,07:00,60,9,990000,30000,33,小規模運航,120,2100000,1,1,4,35,40,84.3594567
30日,日本,福岡,日本,中部,07:30,60,9,1020000,30000,34,小規模運航,120,2100000,1,1,4,35,40,92.7453183
30日,日本,福岡,日本,中部,08:00,60,9,1680000,30000,56,小規模運航,120,2100000,1,1,4,35,40,97.2206418
30日,日本,福岡,日本,中部,08:30,60,9,1770000,30000,59,小規模運航,120,2100000,1,1,4,35,40,94.3307392
30日,日本,福岡,日本,中部,09:00,60,9,1650000,30000,55,小規模運航,120,2100000,1,1,4,35,40,89.5920082
30日,日本,福岡,日本,中部,09:30,60,9,1680000,30000,56,小規模運航,120,2100000,1,1,4,35,40,93.5908053
30日,日本,福岡,日本,中部,10:00,60,9,1470000,30000,49,小規模運航,120,2100000,1,1,4,35,40,96.2561957
30日,日本,福岡,日本,中部,10:30,60,9,1260000,30000,42,小規模運航,120,2100000,1,1,4,35,40,98.3259326
30日,日本,福岡,日本,中部,11:00,60,9,1380000,30000,46,小規模運航,120,2100000,1,1,4,35,40,97.9952282
30日,日本,福岡,日本,中部,11:30,60,9,1320000,30000,44,小規模運航,120,2100000,1,1,4,35,40,82.5570489
30日,日本,福岡,日本,中部,12:00,60,9,1380000,30000,46,小規模運航,120,2100000,1,1,4,35,40,70.4594161
30日,日本,福岡,日本,中部,12:30,60,9,1440000,30000,48,小規模運航,120,2100000,1,1,4,35,40,97.8131507
30日,日本,福岡,日本,中部,13:00,60,9,1260000,30000,42,小規模運航,120,2100000,1,1,4,35,40,93.8974974
30日,日本,福岡,日本,中部,13:30,60,9,1350000,30000,45,小規模運航,120,2100000,1,1,4,35,40,71.049427
30日,日本,福岡,日本,中部,14:00,60,9,1410000,30000,47,小規模運航,120,2100000,1,1,4,35,40,97.5271422
30日,日本,福岡,日本,中部,14:30,60,9,1320000,30000,44,小規模運航,120,2100000,1,1,4,35,40,97.1662866
30日,日本,福岡,日本,中部,15:00,60,9,1470000,30000,49,小規模運航,120,2100000,1,1,4,35,40,92.9147014
30日,日本,福岡,日本,中部,15:30,60,9,1350000,30000,45,小規模運航,120,2100000,1,1,4,35,40,98.1730361
30日,日本,福岡,日本,中部,16:00,60,9,1290000,30000,43,小規模運航,120,2100000,1,1,4,35,40,95.0592528
30日,日本,福岡,日本,中部,16:30,60,9,1410000,30000,47,小規模運航,120,2100000,1,1,4,35,40,96.446869
30日,日本,福岡,日本,中部,17:00,60,9,1770000,30000,59,小規模運航,120,2100000,1,1,4,35,40,93.2228044
30日,日本,福岡,日本,中部,17:30,60,9,1680000,30000,56,小規模運航,120,2100000,1,1,4,35,40,93.5582777
30日,日本,福岡,日本,中部,18:00,60,9,1800000,30000,60,小規模運航,120,2100000,1,1,4,35,40,98.6397705
30日,日本,福岡,日本,中部,18:30,60,9,1800000,30000,60,小規模運航,120,2100000,1,1,4,35,40,94.9015557
30日,日本,福岡,日本,中部,19:00,60,9,1740000,30000,58,小規模運航,120,2100000,1,1,4,35,40,92.5687632
30日,日本,福岡,日本,中部,19:30,60,9,1770000,30000,59,小規模運航,120,2100000,1,1,4,35,40,98.3137029
30日,日本,福岡,日本,中部,20:00,60,9,1440000,30000,48,小規模運航,120,2100000,1,1,4,35,40,98.3044477
30日,日本,福岡,日本,中部,20:30,60,9,1470000,30000,49,小規模運航,120,2100000,1,1,4,35,40,93.9903586
30日,日本,福岡,日本,中部,21:00,60,9,1380000,30000,46,小規模運航,120,2100000,1,1,4,35,40,82.7556563
30日,日本,福岡,日本,中部,21:30,60,9,1260000,30000,42,小規模運航,120,2100000,1,1,4,35,40,90.9666007
30日,日本,福岡,日本,中部,22:00,60,9,1110000,30000,37,小規模運航,120,2100000,1,1,4,35,40,94.3880079
30日,日本,福岡,日本,中部,22:30,60,9,1020000,30000,34,小規模運航,120,2100000,1,1,4,35,40,92.3524985
31日,日本,福岡,日本,中部,07:00,60,9,1080000,30000,36,小規模運航,120,2100000,1,1,4,35,40,94.8077823
31日,日本,福岡,日本,中部,07:30,60,9,1020000,30000,34,小規模運航,120,2100000,1,1,4,35,40,92.7453183
31日,日本,福岡,日本,中部,08:00,60,9,1740000,30000,58,小規模運航,120,2100000,1,1,4,35,40,95.5620793
31日,日本,福岡,日本,中部,08:30,60,9,1770000,30000,59,小規模運航,120,2100000,1,1,4,35,40,94.3307392
31日,日本,福岡,日本,中部,09:00,60,9,1740000,30000,58,小規模運航,120,2100000,1,1,4,35,40,92.8709451
31日,日本,福岡,日本,中部,09:30,60,9,1530000,30000,51,小規模運航,120,2100000,1,1,4,35,40,97.3414284
31日,日本,福岡,日本,中部,10:00,60,9,1410000,30000,47,小規模運航,120,2100000,1,1,4,35,40,87.4475916
31日,日本,福岡,日本,中部,10:30,60,9,1410000,30000,47,小規模運航,120,2100000,1,1,4,35,40,97.8728499
31日,日本,福岡,日本,中部,11:00,60,9,1290000,30000,43,小規模運航,120,2100000,1,1,4,35,40,95.5333194
31日,日本,福岡,日本,中部,11:30,60,9,1380000,30000,46,小規模運航,120,2100000,1,1,4,35,40,96.4519743
31日,日本,福岡,日本,中部,12:00,60,9,1320000,30000,44,小規模運航,120,2100000,1,1,4,35,40,98.9080382
31日,日本,福岡,日本,中部,12:30,60,9,1260000,30000,42,小規模運航,120,2100000,1,1,4,35,40,94.8086038
31日,日本,福岡,日本,中部,13:00,60,9,1470000,30000,49,小規模運航,120,2100000,1,1,4,35,40,98.3216641
31日,日本,福岡,日本,中部,13:30,60,9,1380000,30000,46,小規模運航,120,2100000,1,1,4,35,40,98.4122998
31日,日本,福岡,日本,中部,14:00,60,9,1290000,30000,43,小規模運航,120,2100000,1,1,4,35,40,98.1413613
31日,日本,福岡,日本,中部,14:30,60,9,1380000,30000,46,小規模運航,120,2100000,1,1,4,35,40,79.8747231
31日,日本,福岡,日本,中部,15:00,60,9,1410000,30000,47,小規模運航,120,2100000,1,1,4,35,40,96.7187262
31日,日本,福岡,日本,中部,15:30,60,9,1530000,30000,51,小規模運航,120,2100000,1,1,4,35,40,98.0623995
31日,日本,福岡,日本,中部,16:00,60,9,1500000,30000,50,小規模運航,120,2100000,1,1,4,35,40,97.584868
31日,日本,福岡,日本,中部,16:30,60,9,1440000,30000,48,小規模運航,120,2100000,1,1,4,35,40,77.9593122
31日,日本,福岡,日本,中部,17:00,60,9,1650000,30000,55,小規模運航,120,2100000,1,1,4,35,40,84.7474316
31日,日本,福岡,日本,中部,17:30,60,9,1800000,30000,60,小規模運航,120,2100000,1,1,4,35,40,91.9587317
31日,日本,福岡,日本,中部,18:00,60,9,1620000,30000,54,小規模運航,120,2100000,1,1,4,35,40,95.5015678
31日,日本,福岡,日本,中部,18:30,60,9,1680000,30000,56,小規模運航,120,2100000,1,1,4,35,40,98.54173
31日,日本,福岡,日本,中部,19:00,60,9,1770000,30000,59,小規模運航,120,2100000,1,1,4,35,40,88.8255213
31日,日本,福岡,日本,中部,19:30,60,9,1740000,30000,58,小規模運航,120,2100000,1,1,4,35,40,95.5417675
31日,日本,福岡,日本,中部,20:00,60,9,1350000,30000,45,小規模運航,120,2100000,1,1,4,35,40,95.04457
31日,日本,福岡,日本,中部,20:30,60,9,1290000,30000,43,小規模運航,120,2100000,1,1,4,35,40,96.8773833
31日,日本,福岡,日本,中部,21:00,60,9,1290000,30000,43,小規模運航,120,2100000,1,1,4,35,40,82.4382893
31日,日本,福岡,日本,中部,21:30,60,9,1440000,30000,48,小規模運航,120,2100000,1,1,4,35,40,95.7659676
31日,日本,福岡,日本,中部,22:00,60,9,1260000,30000,42,小規模運航,120,2100000,1,1,4,35,40,92.0825577
31日,日本,福岡,日本,中部,22:30,60,9,1200000,30000,40,小規模運航,120,2100000,1,1,4,35,40,94.1621711
1日,日本,福岡,日本,那覇,07:00,60,9,1200000,30000,40,小規模運航,120,2100000,1,1,4,35,40,51.3337687
1日,日本,福岡,日本,那覇,07:30,60,9,990000,30000,33,小規模運航,120,2100000,1,1,4,35,40,91.7659359
1日,日本,福岡,日本,那覇,08:00,60,9,1620000,30000,54,小規模運航,120,2100000,1,1,4,35,40,96.8938325
1日,日本,福岡,日本,那覇,08:30,60,9,1710000,30000,57,小規模運航,120,2100000,1,1,4,35,40,95.6232946
1日,日本,福岡,日本,那覇,09:00,60,9,1740000,30000,58,小規模運航,120,2100000,1,1,4,35,40,96.528185
1日,日本,福岡,日本,那覇,09:30,60,9,1680000,30000,56,小規模運航,120,2100000,1,1,4,35,40,94.7922228
1日,日本,福岡,日本,那覇,10:00,60,9,1260000,30000,42,小規模運航,120,2100000,1,1,4,35,40,94.9305916
1日,日本,福岡,日本,那覇,10:30,60,9,1320000,30000,44,小規模運航,120,2100000,1,1,4,35,40,98.5356407
1日,日本,福岡,日本,那覇,11:00,60,9,1350000,30000,45,小規模運航,120,2100000,1,1,4,35,40,95.2216734
1日,日本,福岡,日本,那覇,11:30,60,9,1320000,30000,44,小規模運航,120,2100000,1,1,4,35,40,91.580134
1日,日本,福岡,日本,那覇,12:00,60,9,1410000,30000,47,小規模運航,120,2100000,1,1,4,35,40,95.0791153
1日,日本,福岡,日本,那覇,12:30,60,9,1500000,30000,50,小規模運航,120,2100000,1,1,4,35,40,94.7930542
1日,日本,福岡,日本,那覇,13:00,60,9,1470000,30000,49,小規模運航,120,2100000,1,1,4,35,40,98.5078809
1日,日本,福岡,日本,那覇,13:30,60,9,1380000,30000,46,小規模運航,120,2100000,1,1,4,35,40,97.756755
1日,日本,福岡,日本,那覇,14:00,60,9,1410000,30000,47,小規模運航,120,2100000,1,1,4,35,40,95.4416174
1日,日本,福岡,日本,那覇,14:30,60,9,1350000,30000,45,小規模運航,120,2100000,1,1,4,35,40,93.2079868
1日,日本,福岡,日本,那覇,15:00,60,9,1500000,30000,50,小規模運航,120,2100000,1,1,4,35,40,98.0198828
1日,日本,福岡,日本,那覇,15:30,60,9,1410000,30000,47,小規模運航,120,2100000,1,1,4,35,40,80.548111
1日,日本,福岡,日本,那覇,16:00,60,9,1380000,30000,46,小規模運航,120,2100000,1,1,4,35,40,97.0750587
1日,日本,福岡,日本,那覇,16:30,60,9,1500000,30000,50,小規模運航,120,2100000,1,1,4,35,40,94.2744439
1日,日本,福岡,日本,那覇,17:00,60,9,1650000,30000,55,小規模運航,120,2100000,1,1,4,35,40,97.5989747
1日,日本,福岡,日本,那覇,17:30,60,9,1680000,30000,56,小規模運航,120,2100000,1,1,4,35,40,86.8620041
1日,日本,福岡,日本,那覇,18:00,60,9,1590000,30000,53,小規模運航,120,2100000,1,1,4,35,40,93.0857224
1日,日本,福岡,日本,那覇,18:30,60,9,1710000,30000,57,小規模運航,120,2100000,1,1,4,35,40,97.5114496
1日,日本,福岡,日本,那覇,19:00,60,9,1620000,30000,54,小規模運航,120,2100000,1,1,4,35,40,95.4766641
1日,日本,福岡,日本,那覇,19:30,60,9,1740000,30000,58,小規模運航,120,2100000,1,1,4,35,40,84.6934139
1日,日本,福岡,日本,那覇,20:00,60,9,1320000,30000,44,小規模運航,120,2100000,1,1,4,35,40,93.8145796
1日,日本,福岡,日本,那覇,20:30,60,9,1380000,30000,46,小規模運航,120,2100000,1,1,4,35,40,82.0131585
1日,日本,福岡,日本,那覇,21:00,60,9,1410000,30000,47,小規模運航,120,2100000,1,1,4,35,40,89.4682671
1日,日本,福岡,日本,那覇,21:30,60,9,1380000,30000,46,小規模運航,120,2100000,1,1,4,35,40,78.9675444
1日,日本,福岡,日本,那覇,22:00,60,9,1170000,30000,39,小規模運航,120,2100000,1,1,4,35,40,87.6322536
1日,日本,福岡,日本,那覇,22:30,60,9,990000,30000,33,小規模運航,120,2100000,1,1,4,35,40,65.5977364
2日,日本,福岡,日本,那覇,07:00,60,9,1140000,30000,38,小規模運航,120,2100000,1,1,4,35,40,75.8836044
2日,日本,福岡,日本,那覇,07:30,60,9,1230000,30000,41,小規模運航,120,2100000,1,1,4,35,40,94.6152636
2日,日本,福岡,日本,那覇,08:00,60,9,1590000,30000,53,小規模運航,120,2100000,1,1,4,35,40,88.9685431
2日,日本,福岡,日本,那覇,08:30,60,9,1770000,30000,59,小規模運航,120,2100000,1,1,4,35,40,83.5399538
2日,日本,福岡,日本,那覇,09:00,60,9,1710000,30000,57,小規模運航,120,2100000,1,1,4,35,40,93.338436
2日,日本,福岡,日本,那覇,09:30,60,9,1770000,30000,59,小規模運航,120,2100000,1,1,4,35,40,96.1276269
2日,日本,福岡,日本,那覇,10:00,60,9,1290000,30000,43,小規模運航,120,2100000,1,1,4,35,40,82.0992346
2日,日本,福岡,日本,那覇,10:30,60,9,1470000,30000,49,小規模運航,120,2100000,1,1,4,35,40,97.1324802
2日,日本,福岡,日本,那覇,11:00,60,9,1290000,30000,43,小規模運航,120,2100000,1,1,4,35,40,88.9481234
2日,日本,福岡,日本,那覇,11:30,60,9,1260000,30000,42,小規模運航,120,2100000,1,1,4,35,40,89.4108896
2日,日本,福岡,日本,那覇,12:00,60,9,1410000,30000,47,小規模運航,120,2100000,1,1,4,35,40,95.0791153
2日,日本,福岡,日本,那覇,12:30,60,9,1440000,30000,48,小規模運航,120,2100000,1,1,4,35,40,98.4920878
2日,日本,福岡,日本,那覇,13:00,60,9,1410000,30000,47,小規模運航,120,2100000,1,1,4,35,40,90.1041192
2日,日本,福岡,日本,那覇,13:30,60,9,1530000,30000,51,小規模運航,120,2100000,1,1,4,35,40,96.1564576
2日,日本,福岡,日本,那覇,14:00,60,9,1530000,30000,51,小規模運航,120,2100000,1,1,4,35,40,84.5788153
2日,日本,福岡,日本,那覇,14:30,60,9,1380000,30000,46,小規模運航,120,2100000,1,1,4,35,40,97.1389081
2日,日本,福岡,日本,那覇,15:00,60,9,1500000,30000,50,小規模運航,120,2100000,1,1,4,35,40,98.0198828
2日,日本,福岡,日本,那覇,15:30,60,9,1410000,30000,47,小規模運航,120,2100000,1,1,4,35,40,80.548111
2日,日本,福岡,日本,那覇,16:00,60,9,1350000,30000,45,小規模運航,120,2100000,1,1,4,35,40,96.5192917
2日,日本,福岡,日本,那覇,16:30,60,9,1290000,30000,43,小規模運航,120,2100000,1,1,4,35,40,93.8749151
2日,日本,福岡,日本,那覇,17:00,60,9,1710000,30000,57,小規模運航,120,2100000,1,1,4,35,40,96.1058355
2日,日本,福岡,日本,那覇,17:30,60,9,1740000,30000,58,小規模運航,120,2100000,1,1,4,35,40,98.4182691
2日,日本,福岡,日本,那覇,18:00,60,9,1710000,30000,57,小規模運航,120,2100000,1,1,4,35,40,90.844264
2日,日本,福岡,日本,那覇,18:30,60,9,1770000,30000,59,小規模運航,120,2100000,1,1,4,35,40,95.3405349
2日,日本,福岡,日本,那覇,19:00,60,9,1770000,30000,59,小規模運航,120,2100000,1,1,4,35,40,94.2466802
2日,日本,福岡,日本,那覇,19:30,60,9,1560000,30000,52,小規模運航,120,2100000,1,1,4,35,40,98.0272354
2日,日本,福岡,日本,那覇,20:00,60,9,1410000,30000,47,小規模運航,120,2100000,1,1,4,35,40,89.1759706
2日,日本,福岡,日本,那覇,20:30,60,9,1440000,30000,48,小規模運航,120,2100000,1,1,4,35,40,81.2278807
2日,日本,福岡,日本,那覇,21:00,60,9,1470000,30000,49,小規模運航,120,2100000,1,1,4,35,40,93.7812173
2日,日本,福岡,日本,那覇,21:30,60,9,1260000,30000,42,小規模運航,120,2100000,1,1,4,35,40,94.8010883
2日,日本,福岡,日本,那覇,22:00,60,9,1170000,30000,39,小規模運航,120,2100000,1,1,4,35,40,87.6322536
2日,日本,福岡,日本,那覇,22:30,60,9,1170000,30000,39,小規模運航,120,2100000,1,1,4,35,40,92.8578076
3日,日本,福岡,日本,那覇,07:00,60,9,1080000,30000,36,小規模運航,120,2100000,1,1,4,35,40,87.5699263
3日,日本,福岡,日本,那覇,07:30,60,9,1050000,30000,35,小規模運航,120,2100000,1,1,4,35,40,94.5348827
3日,日本,福岡,日本,那覇,08:00,60,9,1650000,30000,55,小規模運航,120,2100000,1,1,4,35,40,98.5409629
3日,日本,福岡,日本,那覇,08:30,60,9,1710000,30000,57,小規模運航,120,2100000,1,1,4,35,40,95.6232946
3日,日本,福岡,日本,那覇,09:00,60,9,1560000,30000,52,小規模運航,120,2100000,1,1,4,35,40,95.7219644
3日,日本,福岡,日本,那覇,09:30,60,9,1710000,30000,57,小規模運航,120,2100000,1,1,4,35,40,90.0630053
3日,日本,福岡,日本,那覇,10:00,60,9,1320000,30000,44,小規模運航,120,2100000,1,1,4,35,40,91.7568146
3日,日本,福岡,日本,那覇,10:30,60,9,1350000,30000,45,小規模運航,120,2100000,1,1,4,35,40,89.749998
3日,日本,福岡,日本,那覇,11:00,60,9,1410000,30000,47,小規模運航,120,2100000,1,1,4,35,40,97.2062544
3日,日本,福岡,日本,那覇,11:30,60,9,1410000,30000,47,小規模運航,120,2100000,1,1,4,35,40,94.4358197
3日,日本,福岡,日本,那覇,12:00,60,9,1380000,30000,46,小規模運航,120,2100000,1,1,4,35,40,93.1448356
3日,日本,福岡,日本,那覇,12:30,60,9,1440000,30000,48,小規模運航,120,2100000,1,1,4,35,40,98.4920878
3日,日本,福岡,日本,那覇,13:00,60,9,1410000,30000,47,小規模運航,120,2100000,1,1,4,35,40,90.1041192
3日,日本,福岡,日本,那覇,13:30,60,9,1410000,30000,47,小規模運航,120,2100000,1,1,4,35,40,97.6832692
3日,日本,福岡,日本,那覇,14:00,60,9,1380000,30000,46,小規模運航,120,2100000,1,1,4,35,40,97.8461002
3日,日本,福岡,日本,那覇,14:30,60,9,1470000,30000,49,小規模運航,120,2100000,1,1,4,35,40,95.2344773
3日,日本,福岡,日本,那覇,15:00,60,9,1530000,30000,51,小規模運航,120,2100000,1,1,4,35,40,93.3208201
3日,日本,福岡,日本,那覇,15:30,60,9,1440000,30000,48,小規模運航,120,2100000,1,1,4,35,40,97.7144308
3日,日本,福岡,日本,那覇,16:00,60,9,1470000,30000,49,小規模運航,120,2100000,1,1,4,35,40,96.5829249
3日,日本,福岡,日本,那覇,16:30,60,9,1380000,30000,46,小規模運航,120,2100000,1,1,4,35,40,95.9123178
3日,日本,福岡,日本,那覇,17:00,60,9,1560000,30000,52,小規模運航,120,2100000,1,1,4,35,40,85.3980665
3日,日本,福岡,日本,那覇,17:30,60,9,1710000,30000,57,小規模運航,120,2100000,1,1,4,35,40,95.6028852
3日,日本,福岡,日本,那覇,18:00,60,9,1770000,30000,59,小規模運航,120,2100000,1,1,4,35,40,97.5463897
3日,日本,福岡,日本,那覇,18:30,60,9,1680000,30000,56,小規模運航,120,2100000,1,1,4,35,40,92.6246389
3日,日本,福岡,日本,那覇,19:00,60,9,1560000,30000,52,小規模運航,120,2100000,1,1,4,35,40,98.7523745
3日,日本,福岡,日本,那覇,19:30,60,9,1740000,30000,58,小規模運航,120,2100000,1,1,4,35,40,84.6934139
3日,日本,福岡,日本,那覇,20:00,60,9,1320000,30000,44,小規模運航,120,2100000,1,1,4,35,40,93.8145796
3日,日本,福岡,日本,那覇,20:30,60,9,1410000,30000,47,小規模運航,120,2100000,1,1,4,35,40,96.2033318
3日,日本,福岡,日本,那覇,21:00,60,9,1290000,30000,43,小規模運航,120,2100000,1,1,4,35,40,84.9064762
3日,日本,福岡,日本,那覇,21:30,60,9,1350000,30000,45,小規模運航,120,2100000,1,1,4,35,40,82.3718797
3日,日本,福岡,日本,那覇,22:00,60,9,1050000,30000,35,小規模運航,120,2100000,1,1,4,35,40,72.5393414
3日,日本,福岡,日本,那覇,22:30,60,9,1020000,30000,34,小規模運航,120,2100000,1,1,4,35,40,92.2231648
4日,日本,福岡,日本,那覇,07:00,60,9,1050000,30000,35,小規模運航,120,2100000,1,1,4,35,40,65.0730753
4日,日本,福岡,日本,那覇,07:30,60,9,1050000,30000,35,小規模運航,120,2100000,1,1,4,35,40,94.5348827
4日,日本,福岡,日本,那覇,08:00,60,9,1620000,30000,54,小規模運航,120,2100000,1,1,4,35,40,96.8938325
4日,日本,福岡,日本,那覇,08:30,60,9,1800000,30000,60,小規模運航,120,2100000,1,1,4,35,40,86.2886942
4日,日本,福岡,日本,那覇,09:00,60,9,1770000,30000,59,小規模運航,120,2100000,1,1,4,35,40,82.2472873
4日,日本,福岡,日本,那覇,09:30,60,9,1770000,30000,59,小規模運航,120,2100000,1,1,4,35,40,96.1276269
4日,日本,福岡,日本,那覇,10:00,60,9,1260000,30000,42,小規模運航,120,2100000,1,1,4,35,40,94.9305916
4日,日本,福岡,日本,那覇,10:30,60,9,1470000,30000,49,小規模運航,120,2100000,1,1,4,35,40,97.1324802
4日,日本,福岡,日本,那覇,11:00,60,9,1290000,30000,43,小規模運航,120,2100000,1,1,4,35,40,88.9481234
4日,日本,福岡,日本,那覇,11:30,60,9,1410000,30000,47,小規模運航,120,2100000,1,1,4,35,40,94.4358197
4日,日本,福岡,日本,那覇,12:00,60,9,1350000,30000,45,小規模運航,120,2100000,1,1,4,35,40,93.5727115
4日,日本,福岡,日本,那覇,12:30,60,9,1470000,30000,49,小規模運航,120,2100000,1,1,4,35,40,97.7767337
4日,日本,福岡,日本,那覇,13:00,60,9,1380000,30000,46,小規模運航,120,2100000,1,1,4,35,40,93.529214
4日,日本,福岡,日本,那覇,13:30,60,9,1500000,30000,50,小規模運航,120,2100000,1,1,4,35,40,97.7259558
4日,日本,福岡,日本,那覇,14:00,60,9,1410000,30000,47,小規模運航,120,2100000,1,1,4,35,40,95.4416174
4日,日本,福岡,日本,那覇,14:30,60,9,1440000,30000,48,小規模運航,120,2100000,1,1,4,35,40,86.6061727
4日,日本,福岡,日本,那覇,15:00,60,9,1380000,30000,46,小規模運航,120,2100000,1,1,4,35,40,91.614147
4日,日本,福岡,日本,那覇,15:30,60,9,1350000,30000,45,小規模運航,120,2100000,1,1,4,35,40,95.497703
4日,日本,福岡,日本,那覇,16:00,60,9,1440000,30000,48,小規模運航,120,2100000,1,1,4,35,40,92.2149275
4日,日本,福岡,日本,那覇,16:30,60,9,1440000,30000,48,小規模運航,120,2100000,1,1,4,35,40,99.0084119
4日,日本,福岡,日本,那覇,17:00,60,9,1680000,30000,56,小規模運航,120,2100000,1,1,4,35,40,93.4672428
4日,日本,福岡,日本,那覇,17:30,60,9,1770000,30000,59,小規模運航,120,2100000,1,1,4,35,40,79.5501678
4日,日本,福岡,日本,那覇,18:00,60,9,1530000,30000,51,小規模運航,120,2100000,1,1,4,35,40,96.6355586
4日,日本,福岡,日本,那覇,18:30,60,9,1770000,30000,59,小規模運航,120,2100000,1,1,4,35,40,95.3405349
4日,日本,福岡,日本,那覇,19:00,60,9,1620000,30000,54,小規模運航,120,2100000,1,1,4,35,40,95.4766641
4日,日本,福岡,日本,那覇,19:30,60,9,1680000,30000,56,小規模運航,120,2100000,1,1,4,35,40,92.1467891
4日,日本,福岡,日本,那覇,20:00,60,9,1470000,30000,49,小規模運航,120,2100000,1,1,4,35,40,85.4104338
4日,日本,福岡,日本,那覇,20:30,60,9,1350000,30000,45,小規模運航,120,2100000,1,1,4,35,40,92.2236857
4日,日本,福岡,日本,那覇,21:00,60,9,1290000,30000,43,小規模運航,120,2100000,1,1,4,35,40,84.9064762
4日,日本,福岡,日本,那覇,21:30,60,9,1260000,30000,42,小規模運航,120,2100000,1,1,4,35,40,94.8010883
4日,日本,福岡,日本,那覇,22:00,60,9,1170000,30000,39,小規模運航,120,2100000,1,1,4,35,40,87.6322536
4日,日本,福岡,日本,那覇,22:30,60,9,1230000,30000,41,小規模運航,120,2100000,1,1,4,35,40,69.7592963
5日,日本,福岡,日本,那覇,07:00,60,9,1050000,30000,35,小規模運航,120,2100000,1,1,4,35,40,65.0730753
5日,日本,福岡,日本,那覇,07:30,60,9,1170000,30000,39,小規模運航,120,2100000,1,1,4,35,40,97.0688243
5日,日本,福岡,日本,那覇,08:00,60,9,1770000,30000,59,小規模運航,120,2100000,1,1,4,35,40,84.9620406
5日,日本,福岡,日本,那覇,08:30,60,9,1590000,30000,53,小規模運航,120,2100000,1,1,4,35,40,95.3936714
5日,日本,福岡,日本,那覇,09:00,60,9,1680000,30000,56,小規模運航,120,2100000,1,1,4,35,40,94.7623024
5日,日本,福岡,日本,那覇,09:30,60,9,1740000,30000,58,小規模運航,120,2100000,1,1,4,35,40,97.7624969
5日,日本,福岡,日本,那覇,10:00,60,9,1410000,30000,47,小規模運航,120,2100000,1,1,4,35,40,92.1412057
5日,日本,福岡,日本,那覇,10:30,60,9,1410000,30000,47,小規模運航,120,2100000,1,1,4,35,40,97.4578788
5日,日本,福岡,日本,那覇,11:00,60,9,1410000,30000,47,小規模運航,120,2100000,1,1,4,35,40,97.2062544
5日,日本,福岡,日本,那覇,11:30,60,9,1470000,30000,49,小規模運航,120,2100000,1,1,4,35,40,93.2910904
5日,日本,福岡,日本,那覇,12:00,60,9,1410000,30000,47,小規模運航,120,2100000,1,1,4,35,40,95.0791153
5日,日本,福岡,日本,那覇,12:30,60,9,1530000,30000,51,小規模運航,120,2100000,1,1,4,35,40,90.8777658
5日,日本,福岡,日本,那覇,13:00,60,9,1410000,30000,47,小規模運航,120,2100000,1,1,4,35,40,90.1041192
5日,日本,福岡,日本,那覇,13:30,60,9,1500000,30000,50,小規模運航,120,2100000,1,1,4,35,40,97.7259558
5日,日本,福岡,日本,那覇,14:00,60,9,1440000,30000,48,小規模運航,120,2100000,1,1,4,35,40,93.6795844
5日,日本,福岡,日本,那覇,14:30,60,9,1410000,30000,47,小規模運航,120,2100000,1,1,4,35,40,81.2555246
5日,日本,福岡,日本,那覇,15:00,60,9,1380000,30000,46,小規模運航,120,2100000,1,1,4,35,40,91.614147
5日,日本,福岡,日本,那覇,15:30,60,9,1410000,30000,47,小規模運航,120,2100000,1,1,4,35,40,80.548111
5日,日本,福岡,日本,那覇,16:00,60,9,1410000,30000,47,小規模運航,120,2100000,1,1,4,35,40,92.9070675
5日,日本,福岡,日本,那覇,16:30,60,9,1320000,30000,44,小規模運航,120,2100000,1,1,4,35,40,90.6003977
5日,日本,福岡,日本,那覇,17:00,60,9,1710000,30000,57,小規模運航,120,2100000,1,1,4,35,40,96.1058355
5日,日本,福岡,日本,那覇,17:30,60,9,1590000,30000,53,小規模運航,120,2100000,1,1,4,35,40,96.7083285
5日,日本,福岡,日本,那覇,18:00,60,9,1590000,30000,53,小規模運航,120,2100000,1,1,4,35,40,93.0857224
5日,日本,福岡,日本,那覇,18:30,60,9,1770000,30000,59,小規模運航,120,2100000,1,1,4,35,40,95.3405349
5日,日本,福岡,日本,那覇,19:00,60,9,1530000,30000,51,小規模運航,120,2100000,1,1,4,35,40,84.7300349
5日,日本,福岡,日本,那覇,19:30,60,9,1800000,30000,60,小規模運航,120,2100000,1,1,4,35,40,92.9179485
5日,日本,福岡,日本,那覇,20:00,60,9,1320000,30000,44,小規模運航,120,2100000,1,1,4,35,40,93.8145796
5日,日本,福岡,日本,那覇,20:30,60,9,1380000,30000,46,小規模運航,120,2100000,1,1,4,35,40,82.0131585
5日,日本,福岡,日本,那覇,21:00,60,9,1290000,30000,43,小規模運航,120,2100000,1,1,4,35,40,84.9064762
5日,日本,福岡,日本,那覇,21:30,60,9,1500000,30000,50,小規模運航,120,2100000,1,1,4,35,40,92.200667
5日,日本,福岡,日本,那覇,22:00,60,9,1080000,30000,36,小規模運航,120,2100000,1,1,4,35,40,92.2826168
5日,日本,福岡,日本,那覇,22:30,60,9,1260000,30000,42,小規模運航,120,2100000,1,1,4,35,40,79.3527047
6日,日本,福岡,日本,那覇,07:00,60,9,1050000,30000,35,小規模運航,120,2100000,1,1,4,35,40,65.0730753
6日,日本,福岡,日本,那覇,07:30,60,9,1050000,30000,35,小規模運航,120,2100000,1,1,4,35,40,94.5348827
6日,日本,福岡,日本,那覇,08:00,60,9,1710000,30000,57,小規模運航,120,2100000,1,1,4,35,40,95.9072285
6日,日本,福岡,日本,那覇,08:30,60,9,1740000,30000,58,小規模運航,120,2100000,1,1,4,35,40,90.7161143
6日,日本,福岡,日本,那覇,09:00,60,9,1770000,30000,59,小規模運航,120,2100000,1,1,4,35,40,82.2472873
6日,日本,福岡,日本,那覇,09:30,60,9,1710000,30000,57,小規模運航,120,2100000,1,1,4,35,40,90.0630053
6日,日本,福岡,日本,那覇,10:00,60,9,1500000,30000,50,小規模運航,120,2100000,1,1,4,35,40,95.8255623
6日,日本,福岡,日本,那覇,10:30,60,9,1470000,30000,49,小規模運航,120,2100000,1,1,4,35,40,97.1324802
6日,日本,福岡,日本,那覇,11:00,60,9,1350000,30000,45,小規模運航,120,2100000,1,1,4,35,40,95.2216734
6日,日本,福岡,日本,那覇,11:30,60,9,1380000,30000,46,小規模運航,120,2100000,1,1,4,35,40,97.4777436
6日,日本,福岡,日本,那覇,12:00,60,9,1290000,30000,43,小規模運航,120,2100000,1,1,4,35,40,83.5767666
6日,日本,福岡,日本,那覇,12:30,60,9,1380000,30000,46,小規模運航,120,2100000,1,1,4,35,40,89.9771082
6日,日本,福岡,日本,那覇,13:00,60,9,1290000,30000,43,小規模運航,120,2100000,1,1,4,35,40,92.5761197
6日,日本,福岡,日本,那覇,13:30,60,9,1350000,30000,45,小規模運航,120,2100000,1,1,4,35,40,97.3628001
6日,日本,福岡,日本,那覇,14:00,60,9,1440000,30000,48,小規模運航,120,2100000,1,1,4,35,40,93.6795844
6日,日本,福岡,日本,那覇,14:30,60,9,1470000,30000,49,小規模運航,120,2100000,1,1,4,35,40,95.2344773
6日,日本,福岡,日本,那覇,15:00,60,9,1290000,30000,43,小規模運航,120,2100000,1,1,4,35,40,85.3049803
6日,日本,福岡,日本,那覇,15:30,60,9,1500000,30000,50,小規模運航,120,2100000,1,1,4,35,40,91.0446439
6日,日本,福岡,日本,那覇,16:00,60,9,1320000,30000,44,小規模運航,120,2100000,1,1,4,35,40,84.4800074
6日,日本,福岡,日本,那覇,16:30,60,9,1530000,30000,51,小規模運航,120,2100000,1,1,4,35,40,94.2559838
6日,日本,福岡,日本,那覇,17:00,60,9,1650000,30000,55,小規模運航,120,2100000,1,1,4,35,40,97.5989747
6日,日本,福岡,日本,那覇,17:30,60,9,1650000,30000,55,小規模運航,120,2100000,1,1,4,35,40,86.7994591
6日,日本,福岡,日本,那覇,18:00,60,9,1620000,30000,54,小規模運航,120,2100000,1,1,4,35,40,95.7088669
6日,日本,福岡,日本,那覇,18:30,60,9,1590000,30000,53,小規模運航,120,2100000,1,1,4,35,40,96.9747628
6日,日本,福岡,日本,那覇,19:00,60,9,1770000,30000,59,小規模運航,120,2100000,1,1,4,35,40,94.2466802
6日,日本,福岡,日本,那覇,19:30,60,9,1770000,30000,59,小規模運航,120,2100000,1,1,4,35,40,96.6698216
6日,日本,福岡,日本,那覇,20:00,60,9,1260000,30000,42,小規模運航,120,2100000,1,1,4,35,40,95.9057697
6日,日本,福岡,日本,那覇,20:30,60,9,1320000,30000,44,小規模運航,120,2100000,1,1,4,35,40,94.105454
6日,日本,福岡,日本,那覇,21:00,60,9,1500000,30000,50,小規模運航,120,2100000,1,1,4,35,40,94.7512451
6日,日本,福岡,日本,那覇,21:30,60,9,1260000,30000,42,小規模運航,120,2100000,1,1,4,35,40,94.8010883
6日,日本,福岡,日本,那覇,22:00,60,9,1020000,30000,34,小規模運航,120,2100000,1,1,4,35,40,94.1055127
6日,日本,福岡,日本,那覇,22:30,60,9,1080000,30000,36,小規模運航,120,2100000,1,1,4,35,40,71.9464792
7日,日本,福岡,日本,那覇,07:00,60,9,1050000,30000,35,小規模運航,120,2100000,1,1,4,35,40,65.0730753
7日,日本,福岡,日本,那覇,07:30,60,9,1080000,30000,36,小規模運航,120,2100000,1,1,4,35,40,97.1324542
7日,日本,福岡,日本,那覇,08:00,60,9,1680000,30000,56,小規模運航,120,2100000,1,1,4,35,40,93.3682391
7日,日本,福岡,日本,那覇,08:30,60,9,1710000,30000,57,小規模運航,120,2100000,1,1,4,35,40,95.6232946
7日,日本,福岡,日本,那覇,09:00,60,9,1680000,30000,56,小規模運航,120,2100000,1,1,4,35,40,94.7623024
7日,日本,福岡,日本,那覇,09:30,60,9,1590000,30000,53,小規模運航,120,2100000,1,1,4,35,40,98.483767
7日,日本,福岡,日本,那覇,10:00,60,9,1530000,30000,51,小規模運航,120,2100000,1,1,4,35,40,82.2493792
7日,日本,福岡,日本,那覇,10:30,60,9,1290000,30000,43,小規模運航,120,2100000,1,1,4,35,40,97.8547767
7日,日本,福岡,日本,那覇,11:00,60,9,1290000,30000,43,小規模運航,120,2100000,1,1,4,35,40,88.9481234
7日,日本,福岡,日本,那覇,11:30,60,9,1470000,30000,49,小規模運航,120,2100000,1,1,4,35,40,93.2910904
7日,日本,福岡,日本,那覇,12:00,60,9,1260000,30000,42,小規模運航,120,2100000,1,1,4,35,40,99.0260535
7日,日本,福岡,日本,那覇,12:30,60,9,1290000,30000,43,小規模運航,120,2100000,1,1,4,35,40,97.025983
7日,日本,福岡,日本,那覇,13:00,60,9,1470000,30000,49,小規模運航,120,2100000,1,1,4,35,40,98.5078809
7日,日本,福岡,日本,那覇,13:30,60,9,1320000,30000,44,小規模運航,120,2100000,1,1,4,35,40,85.4624518
7日,日本,福岡,日本,那覇,14:00,60,9,1290000,30000,43,小規模運航,120,2100000,1,1,4,35,40,95.529882
7日,日本,福岡,日本,那覇,14:30,60,9,1530000,30000,51,小規模運航,120,2100000,1,1,4,35,40,92.0519735
7日,日本,福岡,日本,那覇,15:00,60,9,1440000,30000,48,小規模運航,120,2100000,1,1,4,35,40,91.6407458
7日,日本,福岡,日本,那覇,15:30,60,9,1320000,30000,44,小規模運航,120,2100000,1,1,4,35,40,90.243921
7日,日本,福岡,日本,那覇,16:00,60,9,1410000,30000,47,小規模運航,120,2100000,1,1,4,35,40,92.9070675
7日,日本,福岡,日本,那覇,16:30,60,9,1470000,30000,49,小規模運航,120,2100000,1,1,4,35,40,94.8310099
7日,日本,福岡,日本,那覇,17:00,60,9,1620000,30000,54,小規模運航,120,2100000,1,1,4,35,40,98.6485624
7日,日本,福岡,日本,那覇,17:30,60,9,1740000,30000,58,小規模運航,120,2100000,1,1,4,35,40,98.4182691
7日,日本,福岡,日本,那覇,18:00,60,9,1710000,30000,57,小規模運航,120,2100000,1,1,4,35,40,90.844264
7日,日本,福岡,日本,那覇,18:30,60,9,1590000,30000,53,小規模運航,120,2100000,1,1,4,35,40,96.9747628
7日,日本,福岡,日本,那覇,19:00,60,9,1650000,30000,55,小規模運航,120,2100000,1,1,4,35,40,98.8882408
7日,日本,福岡,日本,那覇,19:30,60,9,1710000,30000,57,小規模運航,120,2100000,1,1,4,35,40,97.0301423
7日,日本,福岡,日本,那覇,20:00,60,9,1440000,30000,48,小規模運航,120,2100000,1,1,4,35,40,83.0355941
7日,日本,福岡,日本,那覇,20:30,60,9,1320000,30000,44,小規模運航,120,2100000,1,1,4,35,40,94.105454
7日,日本,福岡,日本,那覇,21:00,60,9,1350000,30000,45,小規模運航,120,2100000,1,1,4,35,40,94.0080131
7日,日本,福岡,日本,那覇,21:30,60,9,1260000,30000,42,小規模運航,120,2100000,1,1,4,35,40,94.8010883
7日,日本,福岡,日本,那覇,22:00,60,9,1050000,30000,35,小規模運航,120,2100000,1,1,4,35,40,72.5393414
7日,日本,福岡,日本,那覇,22:30,60,9,1200000,30000,40,小規模運航,120,2100000,1,1,4,35,40,92.9553427
8日,日本,福岡,日本,那覇,07:00,60,9,1020000,30000,34,小規模運航,120,2100000,1,1,4,35,40,90.9591659
8日,日本,福岡,日本,那覇,07:30,60,9,1050000,30000,35,小規模運航,120,2100000,1,1,4,35,40,94.5348827
8日,日本,福岡,日本,那覇,08:00,60,9,1650000,30000,55,小規模運航,120,2100000,1,1,4,35,40,98.5409629
8日,日本,福岡,日本,那覇,08:30,60,9,1680000,30000,56,小規模運航,120,2100000,1,1,4,35,40,94.7411859
8日,日本,福岡,日本,那覇,09:00,60,9,1590000,30000,53,小規模運航,120,2100000,1,1,4,35,40,98.1425736
8日,日本,福岡,日本,那覇,09:30,60,9,1740000,30000,58,小規模運航,120,2100000,1,1,4,35,40,97.7624969
8日,日本,福岡,日本,那覇,10:00,60,9,1350000,30000,45,小規模運航,120,2100000,1,1,4,35,40,77.9544701
8日,日本,福岡,日本,那覇,10:30,60,9,1410000,30000,47,小規模運航,120,2100000,1,1,4,35,40,97.4578788
8日,日本,福岡,日本,那覇,11:00,60,9,1320000,30000,44,小規模運航,120,2100000,1,1,4,35,40,97.5274934
8日,日本,福岡,日本,那覇,11:30,60,9,1500000,30000,50,小規模運航,120,2100000,1,1,4,35,40,72.7476521
8日,日本,福岡,日本,那覇,12:00,60,9,1410000,30000,47,小規模運航,120,2100000,1,1,4,35,40,95.0791153
8日,日本,福岡,日本,那覇,12:30,60,9,1350000,30000,45,小規模運航,120,2100000,1,1,4,35,40,93.7993023
8日,日本,福岡,日本,那覇,13:00,60,9,1290000,30000,43,小規模運航,120,2100000,1,1,4,35,40,92.5761197
8日,日本,福岡,日本,那覇,13:30,60,9,1290000,30000,43,小規模運航,120,2100000,1,1,4,35,40,98.4745778
8日,日本,福岡,日本,那覇,14:00,60,9,1410000,30000,47,小規模運航,120,2100000,1,1,4,35,40,95.4416174
8日,日本,福岡,日本,那覇,14:30,60,9,1380000,30000,46,小規模運航,120,2100000,1,1,4,35,40,97.1389081
8日,日本,福岡,日本,那覇,15:00,60,9,1500000,30000,50,小規模運航,120,2100000,1,1,4,35,40,98.0198828
8日,日本,福岡,日本,那覇,15:30,60,9,1440000,30000,48,小規模運航,120,2100000,1,1,4,35,40,97.7144308
8日,日本,福岡,日本,那覇,16:00,60,9,1290000,30000,43,小規模運航,120,2100000,1,1,4,35,40,89.4816728
8日,日本,福岡,日本,那覇,16:30,60,9,1410000,30000,47,小規模運航,120,2100000,1,1,4,35,40,96.8384394
8日,日本,福岡,日本,那覇,17:00,60,9,1770000,30000,59,小規模運航,120,2100000,1,1,4,35,40,95.138067
8日,日本,福岡,日本,那覇,17:30,60,9,1740000,30000,58,小規模運航,120,2100000,1,1,4,35,40,98.4182691
8日,日本,福岡,日本,那覇,18:00,60,9,1650000,30000,55,小規模運航,120,2100000,1,1,4,35,40,87.6724971
8日,日本,福岡,日本,那覇,18:30,60,9,1770000,30000,59,小規模運航,120,2100000,1,1,4,35,40,95.3405349
8日,日本,福岡,日本,那覇,19:00,60,9,1740000,30000,58,小規模運航,120,2100000,1,1,4,35,40,98.1995784
8日,日本,福岡,日本,那覇,19:30,60,9,1680000,30000,56,小規模運航,120,2100000,1,1,4,35,40,92.1467891
8日,日本,福岡,日本,那覇,20:00,60,9,1380000,30000,46,小規模運航,120,2100000,1,1,4,35,40,96.1676812
8日,日本,福岡,日本,那覇,20:30,60,9,1290000,30000,43,小規模運航,120,2100000,1,1,4,35,40,94.7009213
8日,日本,福岡,日本,那覇,21:00,60,9,1440000,30000,48,小規模運航,120,2100000,1,1,4,35,40,85.9152892
8日,日本,福岡,日本,那覇,21:30,60,9,1440000,30000,48,小規模運航,120,2100000,1,1,4,35,40,95.6531043
8日,日本,福岡,日本,那覇,22:00,60,9,1050000,30000,35,小規模運航,120,2100000,1,1,4,35,40,72.5393414
8日,日本,福岡,日本,那覇,22:30,60,9,1140000,30000,38,小規模運航,120,2100000,1,1,4,35,40,75.754579
9日,日本,福岡,日本,那覇,07:00,60,9,1170000,30000,39,小規模運航,120,2100000,1,1,4,35,40,92.8658615
9日,日本,福岡,日本,那覇,07:30,60,9,1080000,30000,36,小規模運航,120,2100000,1,1,4,35,40,97.1324542
9日,日本,福岡,日本,那覇,08:00,60,9,1680000,30000,56,小規模運航,120,2100000,1,1,4,35,40,93.3682391
9日,日本,福岡,日本,那覇,08:30,60,9,1740000,30000,58,小規模運航,120,2100000,1,1,4,35,40,90.7161143
9日,日本,福岡,日本,那覇,09:00,60,9,1710000,30000,57,小規模運航,120,2100000,1,1,4,35,40,93.338436
9日,日本,福岡,日本,那覇,09:30,60,9,1710000,30000,57,小規模運航,120,2100000,1,1,4,35,40,90.0630053
9日,日本,福岡,日本,那覇,10:00,60,9,1500000,30000,50,小規模運航,120,2100000,1,1,4,35,40,95.8255623
9日,日本,福岡,日本,那覇,10:30,60,9,1470000,30000,49,小規模運航,120,2100000,1,1,4,35,40,97.1324802
9日,日本,福岡,日本,那覇,11:00,60,9,1380000,30000,46,小規模運航,120,2100000,1,1,4,35,40,88.8516773
9日,日本,福岡,日本,那覇,11:30,60,9,1320000,30000,44,小規模運航,120,2100000,1,1,4,35,40,91.580134
9日,日本,福岡,日本,那覇,12:00,60,9,1290000,30000,43,小規模運航,120,2100000,1,1,4,35,40,83.5767666
9日,日本,福岡,日本,那覇,12:30,60,9,1500000,30000,50,小規模運航,120,2100000,1,1,4,35,40,94.7930542
9日,日本,福岡,日本,那覇,13:00,60,9,1260000,30000,42,小規模運航,120,2100000,1,1,4,35,40,83.7465736
9日,日本,福岡,日本,那覇,13:30,60,9,1380000,30000,46,小規模運航,120,2100000,1,1,4,35,40,97.756755
9日,日本,福岡,日本,那覇,14:00,60,9,1500000,30000,50,小規模運航,120,2100000,1,1,4,35,40,71.9400413
9日,日本,福岡,日本,那覇,14:30,60,9,1500000,30000,50,小規模運航,120,2100000,1,1,4,35,40,95.967869
9日,日本,福岡,日本,那覇,15:00,60,9,1470000,30000,49,小規模運航,120,2100000,1,1,4,35,40,78.8984531
9日,日本,福岡,日本,那覇,15:30,60,9,1320000,30000,44,小規模運航,120,2100000,1,1,4,35,40,90.243921
9日,日本,福岡,日本,那覇,16:00,60,9,1470000,30000,49,小規模運航,120,2100000,1,1,4,35,40,96.5829249
9日,日本,福岡,日本,那覇,16:30,60,9,1320000,30000,44,小規模運航,120,2100000,1,1,4,35,40,90.6003977
9日,日本,福岡,日本,那覇,17:00,60,9,1770000,30000,59,小規模運航,120,2100000,1,1,4,35,40,95.138067
9日,日本,福岡,日本,那覇,17:30,60,9,1770000,30000,59,小規模運航,120,2100000,1,1,4,35,40,79.5501678
9日,日本,福岡,日本,那覇,18:00,60,9,1620000,30000,54,小規模運航,120,2100000,1,1,4,35,40,95.7088669
9日,日本,福岡,日本,那覇,18:30,60,9,1770000,30000,59,小規模運航,120,2100000,1,1,4,35,40,95.3405349
9日,日本,福岡,日本,那覇,19:00,60,9,1740000,30000,58,小規模運航,120,2100000,1,1,4,35,40,98.1995784
9日,日本,福岡,日本,那覇,19:30,60,9,1800000,30000,60,小規模運航,120,2100000,1,1,4,35,40,92.9179485
9日,日本,福岡,日本,那覇,20:00,60,9,1530000,30000,51,小規模運航,120,2100000,1,1,4,35,40,89.3305194
9日,日本,福岡,日本,那覇,20:30,60,9,1440000,30000,48,小規模運航,120,2100000,1,1,4,35,40,81.2278807
9日,日本,福岡,日本,那覇,21:00,60,9,1380000,30000,46,小規模運航,120,2100000,1,1,4,35,40,95.1776024
9日,日本,福岡,日本,那覇,21:30,60,9,1470000,30000,49,小規模運航,120,2100000,1,1,4,35,40,77.5846802
9日,日本,福岡,日本,那覇,22:00,60,9,1140000,30000,38,小規模運航,120,2100000,1,1,4,35,40,96.0867538
9日,日本,福岡,日本,那覇,22:30,60,9,1110000,30000,37,小規模運航,120,2100000,1,1,4,35,40,96.3795304
10日,日本,福岡,日本,那覇,07:00,60,9,990000,30000,33,小規模運航,120,2100000,1,1,4,35,40,79.6715437
10日,日本,福岡,日本,那覇,07:30,60,9,1140000,30000,38,小規模運航,120,2100000,1,1,4,35,40,91.8501399
10日,日本,福岡,日本,那覇,08:00,60,9,1650000,30000,55,小規模運航,120,2100000,1,1,4,35,40,98.5409629
10日,日本,福岡,日本,那覇,08:30,60,9,1710000,30000,57,小規模運航,120,2100000,1,1,4,35,40,95.6232946
10日,日本,福岡,日本,那覇,09:00,60,9,1680000,30000,56,小規模運航,120,2100000,1,1,4,35,40,94.7623024
10日,日本,福岡,日本,那覇,09:30,60,9,1770000,30000,59,小規模運航,120,2100000,1,1,4,35,40,96.1276269
10日,日本,福岡,日本,那覇,10:00,60,9,1500000,30000,50,小規模運航,120,2100000,1,1,4,35,40,95.8255623
10日,日本,福岡,日本,那覇,10:30,60,9,1350000,30000,45,小規模運航,120,2100000,1,1,4,35,40,89.749998
10日,日本,福岡,日本,那覇,11:00,60,9,1410000,30000,47,小規模運航,120,2100000,1,1,4,35,40,97.2062544
10日,日本,福岡,日本,那覇,11:30,60,9,1410000,30000,47,小規模運航,120,2100000,1,1,4,35,40,94.4358197
10日,日本,福岡,日本,那覇,12:00,60,9,1500000,30000,50,小規模運航,120,2100000,1,1,4,35,40,90.0893823
10日,日本,福岡,日本,那覇,12:30,60,9,1500000,30000,50,小規模運航,120,2100000,1,1,4,35,40,94.7930542
10日,日本,福岡,日本,那覇,13:00,60,9,1500000,30000,50,小規模運航,120,2100000,1,1,4,35,40,93.3956275
10日,日本,福岡,日本,那覇,13:30,60,9,1260000,30000,42,小規模運航,120,2100000,1,1,4,35,40,97.9682057
10日,日本,福岡,日本,那覇,14:00,60,9,1320000,30000,44,小規模運航,120,2100000,1,1,4,35,40,96.2078804
10日,日本,福岡,日本,那覇,14:30,60,9,1470000,30000,49,小規模運航,120,2100000,1,1,4,35,40,95.2344773
10日,日本,福岡,日本,那覇,15:00,60,9,1410000,30000,47,小規模運航,120,2100000,1,1,4,35,40,95.0526909
10日,日本,福岡,日本,那覇,15:30,60,9,1530000,30000,51,小規模運航,120,2100000,1,1,4,35,40,97.7183218
10日,日本,福岡,日本,那覇,16:00,60,9,1380000,30000,46,小規模運航,120,2100000,1,1,4,35,40,97.0750587
10日,日本,福岡,日本,那覇,16:30,60,9,1470000,30000,49,小規模運航,120,2100000,1,1,4,35,40,94.8310099
10日,日本,福岡,日本,那覇,17:00,60,9,1740000,30000,58,小規模運航,120,2100000,1,1,4,35,40,93.4235839
10日,日本,福岡,日本,那覇,17:30,60,9,1650000,30000,55,小規模運航,120,2100000,1,1,4,35,40,86.7994591
10日,日本,福岡,日本,那覇,18:00,60,9,1590000,30000,53,小規模運航,120,2100000,1,1,4,35,40,93.0857224
10日,日本,福岡,日本,那覇,18:30,60,9,1710000,30000,57,小規模運航,120,2100000,1,1,4,35,40,97.5114496
10日,日本,福岡,日本,那覇,19:00,60,9,1680000,30000,56,小規模運航,120,2100000,1,1,4,35,40,98.7854438
10日,日本,福岡,日本,那覇,19:30,60,9,1680000,30000,56,小規模運航,120,2100000,1,1,4,35,40,92.1467891
10日,日本,福岡,日本,那覇,20:00,60,9,1410000,30000,47,小規模運航,120,2100000,1,1,4,35,40,89.1759706
10日,日本,福岡,日本,那覇,20:30,60,9,1410000,30000,47,小規模運航,120,2100000,1,1,4,35,40,96.2033318
10日,日本,福岡,日本,那覇,21:00,60,9,1500000,30000,50,小規模運航,120,2100000,1,1,4,35,40,94.7512451
10日,日本,福岡,日本,那覇,21:30,60,9,1380000,30000,46,小規模運航,120,2100000,1,1,4,35,40,78.9675444
10日,日本,福岡,日本,那覇,22:00,60,9,1110000,30000,37,小規模運航,120,2100000,1,1,4,35,40,73.3552333
10日,日本,福岡,日本,那覇,22:30,60,9,1050000,30000,35,小規模運航,120,2100000,1,1,4,35,40,86.1430471
11日,日本,福岡,日本,那覇,07:00,60,9,1050000,30000,35,小規模運航,120,2100000,1,1,4,35,40,65.0730753
11日,日本,福岡,日本,那覇,07:30,60,9,1050000,30000,35,小規模運航,120,2100000,1,1,4,35,40,94.5348827
11日,日本,福岡,日本,那覇,08:00,60,9,1680000,30000,56,小規模運航,120,2100000,1,1,4,35,40,93.3682391
11日,日本,福岡,日本,那覇,08:30,60,9,1770000,30000,59,小規模運航,120,2100000,1,1,4,35,40,83.5399538
11日,日本,福岡,日本,那覇,09:00,60,9,1770000,30000,59,小規模運航,120,2100000,1,1,4,35,40,82.2472873
11日,日本,福岡,日本,那覇,09:30,60,9,1650000,30000,55,小規模運航,120,2100000,1,1,4,35,40,94.6131279
11日,日本,福岡,日本,那覇,10:00,60,9,1320000,30000,44,小規模運航,120,2100000,1,1,4,35,40,91.7568146
11日,日本,福岡,日本,那覇,10:30,60,9,1410000,30000,47,小規模運航,120,2100000,1,1,4,35,40,97.4578788
11日,日本,福岡,日本,那覇,11:00,60,9,1470000,30000,49,小規模運航,120,2100000,1,1,4,35,40,98.7645389
11日,日本,福岡,日本,那覇,11:30,60,9,1440000,30000,48,小規模運航,120,2100000,1,1,4,35,40,97.7397344
11日,日本,福岡,日本,那覇,12:00,60,9,1320000,30000,44,小規模運航,120,2100000,1,1,4,35,40,98.4625243
11日,日本,福岡,日本,那覇,12:30,60,9,1410000,30000,47,小規模運航,120,2100000,1,1,4,35,40,84.8923543
11日,日本,福岡,日本,那覇,13:00,60,9,1320000,30000,44,小規模運航,120,2100000,1,1,4,35,40,92.1675549
11日,日本,福岡,日本,那覇,13:30,60,9,1410000,30000,47,小規模運航,120,2100000,1,1,4,35,40,97.6832692
11日,日本,福岡,日本,那覇,14:00,60,9,1290000,30000,43,小規模運航,120,2100000,1,1,4,35,40,95.529882
11日,日本,福岡,日本,那覇,14:30,60,9,1410000,30000,47,小規模運航,120,2100000,1,1,4,35,40,81.2555246
11日,日本,福岡,日本,那覇,15:00,60,9,1260000,30000,42,小規模運航,120,2100000,1,1,4,35,40,89.8621993
11日,日本,福岡,日本,那覇,15:30,60,9,1350000,30000,45,小規模運航,120,2100000,1,1,4,35,40,95.497703
11日,日本,福岡,日本,那覇,16:00,60,9,1320000,30000,44,小規模運航,120,2100000,1,1,4,35,40,84.4800074
11日,日本,福岡,日本,那覇,16:30,60,9,1410000,30000,47,小規模運航,120,2100000,1,1,4,35,40,96.8384394
11日,日本,福岡,日本,那覇,17:00,60,9,1710000,30000,57,小規模運航,120,2100000,1,1,4,35,40,96.1058355
11日,日本,福岡,日本,那覇,17:30,60,9,1650000,30000,55,小規模運航,120,2100000,1,1,4,35,40,86.7994591
11日,日本,福岡,日本,那覇,18:00,60,9,1770000,30000,59,小規模運航,120,2100000,1,1,4,35,40,97.5463897
11日,日本,福岡,日本,那覇,18:30,60,9,1620000,30000,54,小規模運航,120,2100000,1,1,4,35,40,96.0002743
11日,日本,福岡,日本,那覇,19:00,60,9,1710000,30000,57,小規模運航,120,2100000,1,1,4,35,40,96.6982233
11日,日本,福岡,日本,那覇,19:30,60,9,1620000,30000,54,小規模運航,120,2100000,1,1,4,35,40,89.5990014
11日,日本,福岡,日本,那覇,20:00,60,9,1410000,30000,47,小規模運航,120,2100000,1,1,4,35,40,89.1759706
11日,日本,福岡,日本,那覇,20:30,60,9,1320000,30000,44,小規模運航,120,2100000,1,1,4,35,40,94.105454
11日,日本,福岡,日本,那覇,21:00,60,9,1320000,30000,44,小規模運航,120,2100000,1,1,4,35,40,82.67513
11日,日本,福岡,日本,那覇,21:30,60,9,1320000,30000,44,小規模運航,120,2100000,1,1,4,35,40,95.1137965
11日,日本,福岡,日本,那覇,22:00,60,9,1230000,30000,41,小規模運航,120,2100000,1,1,4,35,40,94.4667255
11日,日本,福岡,日本,那覇,22:30,60,9,1230000,30000,41,小規模運航,120,2100000,1,1,4,35,40,69.7592963
12日,日本,福岡,日本,那覇,07:00,60,9,960000,30000,32,小規模運航,120,2100000,1,1,4,35,40,90.7078241
12日,日本,福岡,日本,那覇,07:30,60,9,1170000,30000,39,小規模運航,120,2100000,1,1,4,35,40,97.0688243
12日,日本,福岡,日本,那覇,08:00,60,9,1590000,30000,53,小規模運航,120,2100000,1,1,4,35,40,88.9685431
12日,日本,福岡,日本,那覇,08:30,60,9,1740000,30000,58,小規模運航,120,2100000,1,1,4,35,40,90.7161143
12日,日本,福岡,日本,那覇,09:00,60,9,1710000,30000,57,小規模運航,120,2100000,1,1,4,35,40,93.338436
12日,日本,福岡,日本,那覇,09:30,60,9,1680000,30000,56,小規模運航,120,2100000,1,1,4,35,40,94.7922228
12日,日本,福岡,日本,那覇,10:00,60,9,1410000,30000,47,小規模運航,120,2100000,1,1,4,35,40,92.1412057
12日,日本,福岡,日本,那覇,10:30,60,9,1380000,30000,46,小規模運航,120,2100000,1,1,4,35,40,97.0009685
12日,日本,福岡,日本,那覇,11:00,60,9,1380000,30000,46,小規模運航,120,2100000,1,1,4,35,40,88.8516773
12日,日本,福岡,日本,那覇,11:30,60,9,1470000,30000,49,小規模運航,120,2100000,1,1,4,35,40,93.2910904
12日,日本,福岡,日本,那覇,12:00,60,9,1380000,30000,46,小規模運航,120,2100000,1,1,4,35,40,93.1448356
12日,日本,福岡,日本,那覇,12:30,60,9,1380000,30000,46,小規模運航,120,2100000,1,1,4,35,40,89.9771082
12日,日本,福岡,日本,那覇,13:00,60,9,1260000,30000,42,小規模運航,120,2100000,1,1,4,35,40,83.7465736
12日,日本,福岡,日本,那覇,13:30,60,9,1260000,30000,42,小規模運航,120,2100000,1,1,4,35,40,97.9682057
12日,日本,福岡,日本,那覇,14:00,60,9,1410000,30000,47,小規模運航,120,2100000,1,1,4,35,40,95.4416174
12日,日本,福岡,日本,那覇,14:30,60,9,1290000,30000,43,小規模運航,120,2100000,1,1,4,35,40,96.3240817
12日,日本,福岡,日本,那覇,15:00,60,9,1530000,30000,51,小規模運航,120,2100000,1,1,4,35,40,93.3208201
12日,日本,福岡,日本,那覇,15:30,60,9,1380000,30000,46,小規模運航,120,2100000,1,1,4,35,40,81.2481436
12日,日本,福岡,日本,那覇,16:00,60,9,1320000,30000,44,小規模運航,120,2100000,1,1,4,35,40,84.4800074
12日,日本,福岡,日本,那覇,16:30,60,9,1410000,30000,47,小規模運航,120,2100000,1,1,4,35,40,96.8384394
12日,日本,福岡,日本,那覇,17:00,60,9,1770000,30000,59,小規模運航,120,2100000,1,1,4,35,40,95.138067
12日,日本,福岡,日本,那覇,17:30,60,9,1530000,30000,51,小規模運航,120,2100000,1,1,4,35,40,95.8150638
12日,日本,福岡,日本,那覇,18:00,60,9,1770000,30000,59,小規模運航,120,2100000,1,1,4,35,40,97.5463897
12日,日本,福岡,日本,那覇,18:30,60,9,1800000,30000,60,小規模運航,120,2100000,1,1,4,35,40,89.9304553
12日,日本,福岡,日本,那覇,19:00,60,9,1530000,30000,51,小規模運航,120,2100000,1,1,4,35,40,84.7300349
12日,日本,福岡,日本,那覇,19:30,60,9,1710000,30000,57,小規模運航,120,2100000,1,1,4,35,40,97.0301423
12日,日本,福岡,日本,那覇,20:00,60,9,1410000,30000,47,小規模運航,120,2100000,1,1,4,35,40,89.1759706
12日,日本,福岡,日本,那覇,20:30,60,9,1260000,30000,42,小規模運航,120,2100000,1,1,4,35,40,71.5806339
12日,日本,福岡,日本,那覇,21:00,60,9,1440000,30000,48,小規模運航,120,2100000,1,1,4,35,40,85.9152892
12日,日本,福岡,日本,那覇,21:30,60,9,1260000,30000,42,小規模運航,120,2100000,1,1,4,35,40,94.8010883
12日,日本,福岡,日本,那覇,22:00,60,9,1230000,30000,41,小規模運航,120,2100000,1,1,4,35,40,94.4667255
12日,日本,福岡,日本,那覇,22:30,60,9,1050000,30000,35,小規模運航,120,2100000,1,1,4,35,40,86.1430471
13日,日本,福岡,日本,那覇,07:00,60,9,1080000,30000,36,小規模運航,120,2100000,1,1,4,35,40,87.5699263
13日,日本,福岡,日本,那覇,07:30,60,9,1170000,30000,39,小規模運航,120,2100000,1,1,4,35,40,97.0688243
13日,日本,福岡,日本,那覇,08:00,60,9,1650000,30000,55,小規模運航,120,2100000,1,1,4,35,40,98.5409629
13日,日本,福岡,日本,那覇,08:30,60,9,1680000,30000,56,小規模運航,120,2100000,1,1,4,35,40,94.7411859
13日,日本,福岡,日本,那覇,09:00,60,9,1590000,30000,53,小規模運航,120,2100000,1,1,4,35,40,98.1425736
13日,日本,福岡,日本,那覇,09:30,60,9,1740000,30000,58,小規模運航,120,2100000,1,1,4,35,40,97.7624969
13日,日本,福岡,日本,那覇,10:00,60,9,1410000,30000,47,小規模運航,120,2100000,1,1,4,35,40,92.1412057
13日,日本,福岡,日本,那覇,10:30,60,9,1410000,30000,47,小規模運航,120,2100000,1,1,4,35,40,97.4578788
13日,日本,福岡,日本,那覇,11:00,60,9,1320000,30000,44,小規模運航,120,2100000,1,1,4,35,40,97.5274934
13日,日本,福岡,日本,那覇,11:30,60,9,1410000,30000,47,小規模運航,120,2100000,1,1,4,35,40,94.4358197
13日,日本,福岡,日本,那覇,12:00,60,9,1410000,30000,47,小規模運航,120,2100000,1,1,4,35,40,95.0791153
13日,日本,福岡,日本,那覇,12:30,60,9,1320000,30000,44,小規模運航,120,2100000,1,1,4,35,40,96.8461314
13日,日本,福岡,日本,那覇,13:00,60,9,1500000,30000,50,小規模運航,120,2100000,1,1,4,35,40,93.3956275
13日,日本,福岡,日本,那覇,13:30,60,9,1290000,30000,43,小規模運航,120,2100000,1,1,4,35,40,98.4745778
13日,日本,福岡,日本,那覇,14:00,60,9,1530000,30000,51,小規模運航,120,2100000,1,1,4,35,40,84.5788153
13日,日本,福岡,日本,那覇,14:30,60,9,1470000,30000,49,小規模運航,120,2100000,1,1,4,35,40,95.2344773
13日,日本,福岡,日本,那覇,15:00,60,9,1320000,30000,44,小規模運航,120,2100000,1,1,4,35,40,86.4511102
13日,日本,福岡,日本,那覇,15:30,60,9,1290000,30000,43,小規模運航,120,2100000,1,1,4,35,40,98.561935
13日,日本,福岡,日本,那覇,16:00,60,9,1380000,30000,46,小規模運航,120,2100000,1,1,4,35,40,97.0750587
13日,日本,福岡,日本,那覇,16:30,60,9,1500000,30000,50,小規模運航,120,2100000,1,1,4,35,40,94.2744439
13日,日本,福岡,日本,那覇,17:00,60,9,1620000,30000,54,小規模運航,120,2100000,1,1,4,35,40,98.6485624
13日,日本,福岡,日本,那覇,17:30,60,9,1530000,30000,51,小規模運航,120,2100000,1,1,4,35,40,95.8150638
13日,日本,福岡,日本,那覇,18:00,60,9,1770000,30000,59,小規模運航,120,2100000,1,1,4,35,40,97.5463897
13日,日本,福岡,日本,那覇,18:30,60,9,1710000,30000,57,小規模運航,120,2100000,1,1,4,35,40,97.5114496
13日,日本,福岡,日本,那覇,19:00,60,9,1710000,30000,57,小規模運航,120,2100000,1,1,4,35,40,96.6982233
13日,日本,福岡,日本,那覇,19:30,60,9,1770000,30000,59,小規模運航,120,2100000,1,1,4,35,40,96.6698216
13日,日本,福岡,日本,那覇,20:00,60,9,1290000,30000,43,小規模運航,120,2100000,1,1,4,35,40,84.4986421
13日,日本,福岡,日本,那覇,20:30,60,9,1260000,30000,42,小規模運航,120,2100000,1,1,4,35,40,71.5806339
13日,日本,福岡,日本,那覇,21:00,60,9,1440000,30000,48,小規模運航,120,2100000,1,1,4,35,40,85.9152892
13日,日本,福岡,日本,那覇,21:30,60,9,1500000,30000,50,小規模運航,120,2100000,1,1,4,35,40,92.200667
13日,日本,福岡,日本,那覇,22:00,60,9,1200000,30000,40,小規模運航,120,2100000,1,1,4,35,40,94.0881198
13日,日本,福岡,日本,那覇,22:30,60,9,1020000,30000,34,小規模運航,120,2100000,1,1,4,35,40,92.2231648
14日,日本,福岡,日本,那覇,07:00,60,9,1080000,30000,36,小規模運航,120,2100000,1,1,4,35,40,87.5699263
14日,日本,福岡,日本,那覇,07:30,60,9,1140000,30000,38,小規模運航,120,2100000,1,1,4,35,40,91.8501399
14日,日本,福岡,日本,那覇,08:00,60,9,1530000,30000,51,小規模運航,120,2100000,1,1,4,35,40,98.3660773
14日,日本,福岡,日本,那覇,08:30,60,9,1740000,30000,58,小規模運航,120,2100000,1,1,4,35,40,90.7161143
14日,日本,福岡,日本,那覇,09:00,60,9,1620000,30000,54,小規模運航,120,2100000,1,1,4,35,40,98.286686
14日,日本,福岡,日本,那覇,09:30,60,9,1560000,30000,52,小規模運航,120,2100000,1,1,4,35,40,85.596477
14日,日本,福岡,日本,那覇,10:00,60,9,1260000,30000,42,小規模運航,120,2100000,1,1,4,35,40,94.9305916
14日,日本,福岡,日本,那覇,10:30,60,9,1500000,30000,50,小規模運航,120,2100000,1,1,4,35,40,98.1658305
14日,日本,福岡,日本,那覇,11:00,60,9,1380000,30000,46,小規模運航,120,2100000,1,1,4,35,40,88.8516773
14日,日本,福岡,日本,那覇,11:30,60,9,1350000,30000,45,小規模運航,120,2100000,1,1,4,35,40,85.133532
14日,日本,福岡,日本,那覇,12:00,60,9,1440000,30000,48,小規模運航,120,2100000,1,1,4,35,40,96.2696674
14日,日本,福岡,日本,那覇,12:30,60,9,1410000,30000,47,小規模運航,120,2100000,1,1,4,35,40,84.8923543
14日,日本,福岡,日本,那覇,13:00,60,9,1380000,30000,46,小規模運航,120,2100000,1,1,4,35,40,93.529214
14日,日本,福岡,日本,那覇,13:30,60,9,1410000,30000,47,小規模運航,120,2100000,1,1,4,35,40,97.6832692
14日,日本,福岡,日本,那覇,14:00,60,9,1530000,30000,51,小規模運航,120,2100000,1,1,4,35,40,84.5788153
14日,日本,福岡,日本,那覇,14:30,60,9,1530000,30000,51,小規模運航,120,2100000,1,1,4,35,40,92.0519735
14日,日本,福岡,日本,那覇,15:00,60,9,1320000,30000,44,小規模運航,120,2100000,1,1,4,35,40,86.4511102
14日,日本,福岡,日本,那覇,15:30,60,9,1350000,30000,45,小規模運航,120,2100000,1,1,4,35,40,95.497703
14日,日本,福岡,日本,那覇,16:00,60,9,1320000,30000,44,小規模運航,120,2100000,1,1,4,35,40,84.4800074
14日,日本,福岡,日本,那覇,16:30,60,9,1500000,30000,50,小規模運航,120,2100000,1,1,4,35,40,94.2744439
14日,日本,福岡,日本,那覇,17:00,60,9,1620000,30000,54,小規模運航,120,2100000,1,1,4,35,40,98.6485624
14日,日本,福岡,日本,那覇,17:30,60,9,1710000,30000,57,小規模運航,120,2100000,1,1,4,35,40,95.6028852
14日,日本,福岡,日本,那覇,18:00,60,9,1770000,30000,59,小規模運航,120,2100000,1,1,4,35,40,97.5463897
14日,日本,福岡,日本,那覇,18:30,60,9,1770000,30000,59,小規模運航,120,2100000,1,1,4,35,40,95.3405349
14日,日本,福岡,日本,那覇,19:00,60,9,1560000,30000,52,小規模運航,120,2100000,1,1,4,35,40,98.7523745
14日,日本,福岡,日本,那覇,19:30,60,9,1680000,30000,56,小規模運航,120,2100000,1,1,4,35,40,92.1467891
14日,日本,福岡,日本,那覇,20:00,60,9,1380000,30000,46,小規模運航,120,2100000,1,1,4,35,40,96.1676812
14日,日本,福岡,日本,那覇,20:30,60,9,1290000,30000,43,小規模運航,120,2100000,1,1,4,35,40,94.7009213
14日,日本,福岡,日本,那覇,21:00,60,9,1380000,30000,46,小規模運航,120,2100000,1,1,4,35,40,95.1776024
14日,日本,福岡,日本,那覇,21:30,60,9,1350000,30000,45,小規模運航,120,2100000,1,1,4,35,40,82.3718797
14日,日本,福岡,日本,那覇,22:00,60,9,1050000,30000,35,小規模運航,120,2100000,1,1,4,35,40,72.5393414
14日,日本,福岡,日本,那覇,22:30,60,9,1200000,30000,40,小規模運航,120,2100000,1,1,4,35,40,92.9553427
15日,日本,福岡,日本,那覇,07:00,60,9,1140000,30000,38,小規模運航,120,2100000,1,1,4,35,40,75.8836044
15日,日本,福岡,日本,那覇,07:30,60,9,1050000,30000,35,小規模運航,120,2100000,1,1,4,35,40,94.5348827
15日,日本,福岡,日本,那覇,08:00,60,9,1710000,30000,57,小規模運航,120,2100000,1,1,4,35,40,95.9072285
15日,日本,福岡,日本,那覇,08:30,60,9,1650000,30000,55,小規模運航,120,2100000,1,1,4,35,40,92.5761464
15日,日本,福岡,日本,那覇,09:00,60,9,1770000,30000,59,小規模運航,120,2100000,1,1,4,35,40,82.2472873
15日,日本,福岡,日本,那覇,09:30,60,9,1740000,30000,58,小規模運航,120,2100000,1,1,4,35,40,97.7624969
15日,日本,福岡,日本,那覇,10:00,60,9,1290000,30000,43,小規模運航,120,2100000,1,1,4,35,40,82.0992346
15日,日本,福岡,日本,那覇,10:30,60,9,1290000,30000,43,小規模運航,120,2100000,1,1,4,35,40,97.8547767
15日,日本,福岡,日本,那覇,11:00,60,9,1380000,30000,46,小規模運航,120,2100000,1,1,4,35,40,88.8516773
15日,日本,福岡,日本,那覇,11:30,60,9,1500000,30000,50,小規模運航,120,2100000,1,1,4,35,40,72.7476521
15日,日本,福岡,日本,那覇,12:00,60,9,1320000,30000,44,小規模運航,120,2100000,1,1,4,35,40,98.4625243
15日,日本,福岡,日本,那覇,12:30,60,9,1500000,30000,50,小規模運航,120,2100000,1,1,4,35,40,94.7930542
15日,日本,福岡,日本,那覇,13:00,60,9,1500000,30000,50,小規模運航,120,2100000,1,1,4,35,40,93.3956275
15日,日本,福岡,日本,那覇,13:30,60,9,1410000,30000,47,小規模運航,120,2100000,1,1,4,35,40,97.6832692
15日,日本,福岡,日本,那覇,14:00,60,9,1500000,30000,50,小規模運航,120,2100000,1,1,4,35,40,71.9400413
15日,日本,福岡,日本,那覇,14:30,60,9,1380000,30000,46,小規模運航,120,2100000,1,1,4,35,40,97.1389081
15日,日本,福岡,日本,那覇,15:00,60,9,1410000,30000,47,小規模運航,120,2100000,1,1,4,35,40,95.0526909
15日,日本,福岡,日本,那覇,15:30,60,9,1350000,30000,45,小規模運航,120,2100000,1,1,4,35,40,95.497703
15日,日本,福岡,日本,那覇,16:00,60,9,1350000,30000,45,小規模運航,120,2100000,1,1,4,35,40,96.5192917
15日,日本,福岡,日本,那覇,16:30,60,9,1350000,30000,45,小規模運航,120,2100000,1,1,4,35,40,96.2808788
15日,日本,福岡,日本,那覇,17:00,60,9,1680000,30000,56,小規模運航,120,2100000,1,1,4,35,40,93.4672428
15日,日本,福岡,日本,那覇,17:30,60,9,1680000,30000,56,小規模運航,120,2100000,1,1,4,35,40,86.8620041
15日,日本,福岡,日本,那覇,18:00,60,9,1770000,30000,59,小規模運航,120,2100000,1,1,4,35,40,97.5463897
15日,日本,福岡,日本,那覇,18:30,60,9,1740000,30000,58,小規模運航,120,2100000,1,1,4,35,40,95.3321317
15日,日本,福岡,日本,那覇,19:00,60,9,1710000,30000,57,小規模運航,120,2100000,1,1,4,35,40,96.6982233
15日,日本,福岡,日本,那覇,19:30,60,9,1530000,30000,51,小規模運航,120,2100000,1,1,4,35,40,96.1643969
15日,日本,福岡,日本,那覇,20:00,60,9,1500000,30000,50,小規模運航,120,2100000,1,1,4,35,40,97.3457248
15日,日本,福岡,日本,那覇,20:30,60,9,1350000,30000,45,小規模運航,120,2100000,1,1,4,35,40,92.2236857
15日,日本,福岡,日本,那覇,21:00,60,9,1440000,30000,48,小規模運航,120,2100000,1,1,4,35,40,85.9152892
15日,日本,福岡,日本,那覇,21:30,60,9,1440000,30000,48,小規模運航,120,2100000,1,1,4,35,40,95.6531043
15日,日本,福岡,日本,那覇,22:00,60,9,990000,30000,33,小規模運航,120,2100000,1,1,4,35,40,95.0635029
15日,日本,福岡,日本,那覇,22:30,60,9,1230000,30000,41,小規模運航,120,2100000,1,1,4,35,40,69.7592963
16日,日本,福岡,日本,那覇,07:00,60,9,1020000,30000,34,小規模運航,120,2100000,1,1,4,35,40,90.9591659
16日,日本,福岡,日本,那覇,07:30,60,9,1050000,30000,35,小規模運航,120,2100000,1,1,4,35,40,94.5348827
16日,日本,福岡,日本,那覇,08:00,60,9,1650000,30000,55,小規模運航,120,2100000,1,1,4,35,40,98.5409629
16日,日本,福岡,日本,那覇,08:30,60,9,1620000,30000,54,小規模運航,120,2100000,1,1,4,35,40,91.5864577
16日,日本,福岡,日本,那覇,09:00,60,9,1620000,30000,54,小規模運航,120,2100000,1,1,4,35,40,98.286686
16日,日本,福岡,日本,那覇,09:30,60,9,1800000,30000,60,小規模運航,120,2100000,1,1,4,35,40,94.2549814
16日,日本,福岡,日本,那覇,10:00,60,9,1440000,30000,48,小規模運航,120,2100000,1,1,4,35,40,87.0161131
16日,日本,福岡,日本,那覇,10:30,60,9,1290000,30000,43,小規模運航,120,2100000,1,1,4,35,40,97.8547767
16日,日本,福岡,日本,那覇,11:00,60,9,1380000,30000,46,小規模運航,120,2100000,1,1,4,35,40,88.8516773
16日,日本,福岡,日本,那覇,11:30,60,9,1290000,30000,43,小規模運航,120,2100000,1,1,4,35,40,91.0928768
16日,日本,福岡,日本,那覇,12:00,60,9,1500000,30000,50,小規模運航,120,2100000,1,1,4,35,40,90.0893823
16日,日本,福岡,日本,那覇,12:30,60,9,1440000,30000,48,小規模運航,120,2100000,1,1,4,35,40,98.4920878
16日,日本,福岡,日本,那覇,13:00,60,9,1350000,30000,45,小規模運航,120,2100000,1,1,4,35,40,97.5696161
16日,日本,福岡,日本,那覇,13:30,60,9,1470000,30000,49,小規模運航,120,2100000,1,1,4,35,40,94.9067622
16日,日本,福岡,日本,那覇,14:00,60,9,1530000,30000,51,小規模運航,120,2100000,1,1,4,35,40,84.5788153
16日,日本,福岡,日本,那覇,14:30,60,9,1440000,30000,48,小規模運航,120,2100000,1,1,4,35,40,86.6061727
16日,日本,福岡,日本,那覇,15:00,60,9,1440000,30000,48,小規模運航,120,2100000,1,1,4,35,40,91.6407458
16日,日本,福岡,日本,那覇,15:30,60,9,1260000,30000,42,小規模運航,120,2100000,1,1,4,35,40,97.4305978
16日,日本,福岡,日本,那覇,16:00,60,9,1290000,30000,43,小規模運航,120,2100000,1,1,4,35,40,89.4816728
16日,日本,福岡,日本,那覇,16:30,60,9,1410000,30000,47,小規模運航,120,2100000,1,1,4,35,40,96.8384394
16日,日本,福岡,日本,那覇,17:00,60,9,1740000,30000,58,小規模運航,120,2100000,1,1,4,35,40,93.4235839
16日,日本,福岡,日本,那覇,17:30,60,9,1590000,30000,53,小規模運航,120,2100000,1,1,4,35,40,96.7083285
16日,日本,福岡,日本,那覇,18:00,60,9,1650000,30000,55,小規模運航,120,2100000,1,1,4,35,40,87.6724971
16日,日本,福岡,日本,那覇,18:30,60,9,1620000,30000,54,小規模運航,120,2100000,1,1,4,35,40,96.0002743
16日,日本,福岡,日本,那覇,19:00,60,9,1590000,30000,53,小規模運航,120,2100000,1,1,4,35,40,89.3772546
16日,日本,福岡,日本,那覇,19:30,60,9,1620000,30000,54,小規模運航,120,2100000,1,1,4,35,40,89.5990014
16日,日本,福岡,日本,那覇,20:00,60,9,1470000,30000,49,小規模運航,120,2100000,1,1,4,35,40,85.4104338
16日,日本,福岡,日本,那覇,20:30,60,9,1500000,30000,50,小規模運航,120,2100000,1,1,4,35,40,93.5935278
16日,日本,福岡,日本,那覇,21:00,60,9,1350000,30000,45,小規模運航,120,2100000,1,1,4,35,40,94.0080131
16日,日本,福岡,日本,那覇,21:30,60,9,1440000,30000,48,小規模運航,120,2100000,1,1,4,35,40,95.6531043
16日,日本,福岡,日本,那覇,22:00,60,9,1170000,30000,39,小規模運航,120,2100000,1,1,4,35,40,87.6322536
16日,日本,福岡,日本,那覇,22:30,60,9,1170000,30000,39,小規模運航,120,2100000,1,1,4,35,40,92.8578076
17日,日本,福岡,日本,那覇,07:00,60,9,1140000,30000,38,小規模運航,120,2100000,1,1,4,35,40,75.8836044
17日,日本,福岡,日本,那覇,07:30,60,9,1020000,30000,34,小規模運航,120,2100000,1,1,4,35,40,92.2994772
17日,日本,福岡,日本,那覇,08:00,60,9,1590000,30000,53,小規模運航,120,2100000,1,1,4,35,40,88.9685431
17日,日本,福岡,日本,那覇,08:30,60,9,1650000,30000,55,小規模運航,120,2100000,1,1,4,35,40,92.5761464
17日,日本,福岡,日本,那覇,09:00,60,9,1590000,30000,53,小規模運航,120,2100000,1,1,4,35,40,98.1425736
17日,日本,福岡,日本,那覇,09:30,60,9,1770000,30000,59,小規模運航,120,2100000,1,1,4,35,40,96.1276269
17日,日本,福岡,日本,那覇,10:00,60,9,1260000,30000,42,小規模運航,120,2100000,1,1,4,35,40,94.9305916
17日,日本,福岡,日本,那覇,10:30,60,9,1380000,30000,46,小規模運航,120,2100000,1,1,4,35,40,97.0009685
17日,日本,福岡,日本,那覇,11:00,60,9,1470000,30000,49,小規模運航,120,2100000,1,1,4,35,40,98.7645389
17日,日本,福岡,日本,那覇,11:30,60,9,1440000,30000,48,小規模運航,120,2100000,1,1,4,35,40,97.7397344
17日,日本,福岡,日本,那覇,12:00,60,9,1260000,30000,42,小規模運航,120,2100000,1,1,4,35,40,99.0260535
17日,日本,福岡,日本,那覇,12:30,60,9,1530000,30000,51,小規模運航,120,2100000,1,1,4,35,40,90.8777658
17日,日本,福岡,日本,那覇,13:00,60,9,1260000,30000,42,小規模運航,120,2100000,1,1,4,35,40,83.7465736
17日,日本,福岡,日本,那覇,13:30,60,9,1380000,30000,46,小規模運航,120,2100000,1,1,4,35,40,97.756755
17日,日本,福岡,日本,那覇,14:00,60,9,1410000,30000,47,小規模運航,120,2100000,1,1,4,35,40,95.4416174
17日,日本,福岡,日本,那覇,14:30,60,9,1500000,30000,50,小規模運航,120,2100000,1,1,4,35,40,95.967869
17日,日本,福岡,日本,那覇,15:00,60,9,1440000,30000,48,小規模運航,120,2100000,1,1,4,35,40,91.6407458
17日,日本,福岡,日本,那覇,15:30,60,9,1410000,30000,47,小規模運航,120,2100000,1,1,4,35,40,80.548111
17日,日本,福岡,日本,那覇,16:00,60,9,1440000,30000,48,小規模運航,120,2100000,1,1,4,35,40,92.2149275
17日,日本,福岡,日本,那覇,16:30,60,9,1440000,30000,48,小規模運航,120,2100000,1,1,4,35,40,99.0084119
17日,日本,福岡,日本,那覇,17:00,60,9,1770000,30000,59,小規模運航,120,2100000,1,1,4,35,40,95.138067
17日,日本,福岡,日本,那覇,17:30,60,9,1560000,30000,52,小規模運航,120,2100000,1,1,4,35,40,87.7225682
17日,日本,福岡,日本,那覇,18:00,60,9,1650000,30000,55,小規模運航,120,2100000,1,1,4,35,40,87.6724971
17日,日本,福岡,日本,那覇,18:30,60,9,1800000,30000,60,小規模運航,120,2100000,1,1,4,35,40,89.9304553
17日,日本,福岡,日本,那覇,19:00,60,9,1560000,30000,52,小規模運航,120,2100000,1,1,4,35,40,98.7523745
17日,日本,福岡,日本,那覇,19:30,60,9,1710000,30000,57,小規模運航,120,2100000,1,1,4,35,40,97.0301423
17日,日本,福岡,日本,那覇,20:00,60,9,1260000,30000,42,小規模運航,120,2100000,1,1,4,35,40,95.9057697
17日,日本,福岡,日本,那覇,20:30,60,9,1410000,30000,47,小規模運航,120,2100000,1,1,4,35,40,96.2033318
17日,日本,福岡,日本,那覇,21:00,60,9,1470000,30000,49,小規模運航,120,2100000,1,1,4,35,40,93.7812173
17日,日本,福岡,日本,那覇,21:30,60,9,1350000,30000,45,小規模運航,120,2100000,1,1,4,35,40,82.3718797
17日,日本,福岡,日本,那覇,22:00,60,9,1200000,30000,40,小規模運航,120,2100000,1,1,4,35,40,94.0881198
17日,日本,福岡,日本,那覇,22:30,60,9,990000,30000,33,小規模運航,120,2100000,1,1,4,35,40,65.5977364
18日,日本,福岡,日本,那覇,07:00,60,9,1020000,30000,34,小規模運航,120,2100000,1,1,4,35,40,90.9591659
18日,日本,福岡,日本,那覇,07:30,60,9,1200000,30000,40,小規模運航,120,2100000,1,1,4,35,40,93.7684801
18日,日本,福岡,日本,那覇,08:00,60,9,1800000,30000,60,小規模運航,120,2100000,1,1,4,35,40,96.8558312
18日,日本,福岡,日本,那覇,08:30,60,9,1740000,30000,58,小規模運航,120,2100000,1,1,4,35,40,90.7161143
18日,日本,福岡,日本,那覇,09:00,60,9,1650000,30000,55,小規模運航,120,2100000,1,1,4,35,40,95.4062885
18日,日本,福岡,日本,那覇,09:30,60,9,1620000,30000,54,小規模運航,120,2100000,1,1,4,35,40,98.3600164
18日,日本,福岡,日本,那覇,10:00,60,9,1320000,30000,44,小規模運航,120,2100000,1,1,4,35,40,91.7568146
18日,日本,福岡,日本,那覇,10:30,60,9,1440000,30000,48,小規模運航,120,2100000,1,1,4,35,40,84.8533079
18日,日本,福岡,日本,那覇,11:00,60,9,1500000,30000,50,小規模運航,120,2100000,1,1,4,35,40,94.2624875
18日,日本,福岡,日本,那覇,11:30,60,9,1410000,30000,47,小規模運航,120,2100000,1,1,4,35,40,94.4358197
18日,日本,福岡,日本,那覇,12:00,60,9,1260000,30000,42,小規模運航,120,2100000,1,1,4,35,40,99.0260535
18日,日本,福岡,日本,那覇,12:30,60,9,1410000,30000,47,小規模運航,120,2100000,1,1,4,35,40,84.8923543
18日,日本,福岡,日本,那覇,13:00,60,9,1260000,30000,42,小規模運航,120,2100000,1,1,4,35,40,83.7465736
18日,日本,福岡,日本,那覇,13:30,60,9,1410000,30000,47,小規模運航,120,2100000,1,1,4,35,40,97.6832692
18日,日本,福岡,日本,那覇,14:00,60,9,1440000,30000,48,小規模運航,120,2100000,1,1,4,35,40,93.6795844
18日,日本,福岡,日本,那覇,14:30,60,9,1260000,30000,42,小規模運航,120,2100000,1,1,4,35,40,92.0545757
18日,日本,福岡,日本,那覇,15:00,60,9,1260000,30000,42,小規模運航,120,2100000,1,1,4,35,40,89.8621993
18日,日本,福岡,日本,那覇,15:30,60,9,1260000,30000,42,小規模運航,120,2100000,1,1,4,35,40,97.4305978
18日,日本,福岡,日本,那覇,16:00,60,9,1500000,30000,50,小規模運航,120,2100000,1,1,4,35,40,98.7251256
18日,日本,福岡,日本,那覇,16:30,60,9,1440000,30000,48,小規模運航,120,2100000,1,1,4,35,40,99.0084119
18日,日本,福岡,日本,那覇,17:00,60,9,1590000,30000,53,小規模運航,120,2100000,1,1,4,35,40,82.4758562
18日,日本,福岡,日本,那覇,17:30,60,9,1620000,30000,54,小規模運航,120,2100000,1,1,4,35,40,98.829238
18日,日本,福岡,日本,那覇,18:00,60,9,1710000,30000,57,小規模運航,120,2100000,1,1,4,35,40,90.844264
18日,日本,福岡,日本,那覇,18:30,60,9,1740000,30000,58,小規模運航,120,2100000,1,1,4,35,40,95.3321317
18日,日本,福岡,日本,那覇,19:00,60,9,1770000,30000,59,小規模運航,120,2100000,1,1,4,35,40,94.2466802
18日,日本,福岡,日本,那覇,19:30,60,9,1650000,30000,55,小規模運航,120,2100000,1,1,4,35,40,95.9302779
18日,日本,福岡,日本,那覇,20:00,60,9,1410000,30000,47,小規模運航,120,2100000,1,1,4,35,40,89.1759706
18日,日本,福岡,日本,那覇,20:30,60,9,1470000,30000,49,小規模運航,120,2100000,1,1,4,35,40,93.5627302
18日,日本,福岡,日本,那覇,21:00,60,9,1290000,30000,43,小規模運航,120,2100000,1,1,4,35,40,84.9064762
18日,日本,福岡,日本,那覇,21:30,60,9,1500000,30000,50,小規模運航,120,2100000,1,1,4,35,40,92.200667
18日,日本,福岡,日本,那覇,22:00,60,9,1110000,30000,37,小規模運航,120,2100000,1,1,4,35,40,73.3552333
18日,日本,福岡,日本,那覇,22:30,60,9,1050000,30000,35,小規模運航,120,2100000,1,1,4,35,40,86.1430471
19日,日本,福岡,日本,那覇,07:00,60,9,1050000,30000,35,小規模運航,120,2100000,1,1,4,35,40,65.0730753
19日,日本,福岡,日本,那覇,07:30,60,9,1080000,30000,36,小規模運航,120,2100000,1,1,4,35,40,97.1324542
19日,日本,福岡,日本,那覇,08:00,60,9,1800000,30000,60,小規模運航,120,2100000,1,1,4,35,40,96.8558312
19日,日本,福岡,日本,那覇,08:30,60,9,1770000,30000,59,小規模運航,120,2100000,1,1,4,35,40,83.5399538
19日,日本,福岡,日本,那覇,09:00,60,9,1710000,30000,57,小規模運航,120,2100000,1,1,4,35,40,93.338436
19日,日本,福岡,日本,那覇,09:30,60,9,1710000,30000,57,小規模運航,120,2100000,1,1,4,35,40,90.0630053
19日,日本,福岡,日本,那覇,10:00,60,9,1530000,30000,51,小規模運航,120,2100000,1,1,4,35,40,82.2493792
19日,日本,福岡,日本,那覇,10:30,60,9,1530000,30000,51,小規模運航,120,2100000,1,1,4,35,40,97.9647979
19日,日本,福岡,日本,那覇,11:00,60,9,1470000,30000,49,小規模運航,120,2100000,1,1,4,35,40,98.7645389
19日,日本,福岡,日本,那覇,11:30,60,9,1290000,30000,43,小規模運航,120,2100000,1,1,4,35,40,91.0928768
19日,日本,福岡,日本,那覇,12:00,60,9,1470000,30000,49,小規模運航,120,2100000,1,1,4,35,40,98.3107131
19日,日本,福岡,日本,那覇,12:30,60,9,1380000,30000,46,小規模運航,120,2100000,1,1,4,35,40,89.9771082
19日,日本,福岡,日本,那覇,13:00,60,9,1290000,30000,43,小規模運航,120,2100000,1,1,4,35,40,92.5761197
19日,日本,福岡,日本,那覇,13:30,60,9,1410000,30000,47,小規模運航,120,2100000,1,1,4,35,40,97.6832692
19日,日本,福岡,日本,那覇,14:00,60,9,1260000,30000,42,小規模運航,120,2100000,1,1,4,35,40,93.5072394
19日,日本,福岡,日本,那覇,14:30,60,9,1260000,30000,42,小規模運航,120,2100000,1,1,4,35,40,92.0545757
19日,日本,福岡,日本,那覇,15:00,60,9,1470000,30000,49,小規模運航,120,2100000,1,1,4,35,40,78.8984531
19日,日本,福岡,日本,那覇,15:30,60,9,1530000,30000,51,小規模運航,120,2100000,1,1,4,35,40,97.7183218
19日,日本,福岡,日本,那覇,16:00,60,9,1470000,30000,49,小規模運航,120,2100000,1,1,4,35,40,96.5829249
19日,日本,福岡,日本,那覇,16:30,60,9,1260000,30000,42,小規模運航,120,2100000,1,1,4,35,40,95.6610434
19日,日本,福岡,日本,那覇,17:00,60,9,1560000,30000,52,小規模運航,120,2100000,1,1,4,35,40,85.3980665
19日,日本,福岡,日本,那覇,17:30,60,9,1680000,30000,56,小規模運航,120,2100000,1,1,4,35,40,86.8620041
19日,日本,福岡,日本,那覇,18:00,60,9,1620000,30000,54,小規模運航,120,2100000,1,1,4,35,40,95.7088669
19日,日本,福岡,日本,那覇,18:30,60,9,1560000,30000,52,小規模運航,120,2100000,1,1,4,35,40,98.3963573
19日,日本,福岡,日本,那覇,19:00,60,9,1770000,30000,59,小規模運航,120,2100000,1,1,4,35,40,94.2466802
19日,日本,福岡,日本,那覇,19:30,60,9,1770000,30000,59,小規模運航,120,2100000,1,1,4,35,40,96.6698216
19日,日本,福岡,日本,那覇,20:00,60,9,1380000,30000,46,小規模運航,120,2100000,1,1,4,35,40,96.1676812
19日,日本,福岡,日本,那覇,20:30,60,9,1350000,30000,45,小規模運航,120,2100000,1,1,4,35,40,92.2236857
19日,日本,福岡,日本,那覇,21:00,60,9,1530000,30000,51,小規模運航,120,2100000,1,1,4,35,40,97.3164395
19日,日本,福岡,日本,那覇,21:30,60,9,1410000,30000,47,小規模運航,120,2100000,1,1,4,35,40,93.5078524
19日,日本,福岡,日本,那覇,22:00,60,9,1020000,30000,34,小規模運航,120,2100000,1,1,4,35,40,94.1055127
19日,日本,福岡,日本,那覇,22:30,60,9,1170000,30000,39,小規模運航,120,2100000,1,1,4,35,40,92.8578076
20日,日本,福岡,日本,那覇,07:00,60,9,1080000,30000,36,小規模運航,120,2100000,1,1,4,35,40,87.5699263
20日,日本,福岡,日本,那覇,07:30,60,9,1020000,30000,34,小規模運航,120,2100000,1,1,4,35,40,92.2994772
20日,日本,福岡,日本,那覇,08:00,60,9,1770000,30000,59,小規模運航,120,2100000,1,1,4,35,40,84.9620406
20日,日本,福岡,日本,那覇,08:30,60,9,1650000,30000,55,小規模運航,120,2100000,1,1,4,35,40,92.5761464
20日,日本,福岡,日本,那覇,09:00,60,9,1620000,30000,54,小規模運航,120,2100000,1,1,4,35,40,98.286686
20日,日本,福岡,日本,那覇,09:30,60,9,1710000,30000,57,小規模運航,120,2100000,1,1,4,35,40,90.0630053
20日,日本,福岡,日本,那覇,10:00,60,9,1410000,30000,47,小規模運航,120,2100000,1,1,4,35,40,92.1412057
20日,日本,福岡,日本,那覇,10:30,60,9,1440000,30000,48,小規模運航,120,2100000,1,1,4,35,40,84.8533079
20日,日本,福岡,日本,那覇,11:00,60,9,1260000,30000,42,小規模運航,120,2100000,1,1,4,35,40,91.8109878
20日,日本,福岡,日本,那覇,11:30,60,9,1260000,30000,42,小規模運航,120,2100000,1,1,4,35,40,89.4108896
20日,日本,福岡,日本,那覇,12:00,60,9,1320000,30000,44,小規模運航,120,2100000,1,1,4,35,40,98.4625243
20日,日本,福岡,日本,那覇,12:30,60,9,1410000,30000,47,小規模運航,120,2100000,1,1,4,35,40,84.8923543
20日,日本,福岡,日本,那覇,13:00,60,9,1410000,30000,47,小規模運航,120,2100000,1,1,4,35,40,90.1041192
20日,日本,福岡,日本,那覇,13:30,60,9,1500000,30000,50,小規模運航,120,2100000,1,1,4,35,40,97.7259558
20日,日本,福岡,日本,那覇,14:00,60,9,1500000,30000,50,小規模運航,120,2100000,1,1,4,35,40,71.9400413
20日,日本,福岡,日本,那覇,14:30,60,9,1290000,30000,43,小規模運航,120,2100000,1,1,4,35,40,96.3240817
20日,日本,福岡,日本,那覇,15:00,60,9,1440000,30000,48,小規模運航,120,2100000,1,1,4,35,40,91.6407458
20日,日本,福岡,日本,那覇,15:30,60,9,1260000,30000,42,小規模運航,120,2100000,1,1,4,35,40,97.4305978
20日,日本,福岡,日本,那覇,16:00,60,9,1470000,30000,49,小規模運航,120,2100000,1,1,4,35,40,96.5829249
20日,日本,福岡,日本,那覇,16:30,60,9,1260000,30000,42,小規模運航,120,2100000,1,1,4,35,40,95.6610434
20日,日本,福岡,日本,那覇,17:00,60,9,1680000,30000,56,小規模運航,120,2100000,1,1,4,35,40,93.4672428
20日,日本,福岡,日本,那覇,17:30,60,9,1770000,30000,59,小規模運航,120,2100000,1,1,4,35,40,79.5501678
20日,日本,福岡,日本,那覇,18:00,60,9,1770000,30000,59,小規模運航,120,2100000,1,1,4,35,40,97.5463897
20日,日本,福岡,日本,那覇,18:30,60,9,1740000,30000,58,小規模運航,120,2100000,1,1,4,35,40,95.3321317
20日,日本,福岡,日本,那覇,19:00,60,9,1620000,30000,54,小規模運航,120,2100000,1,1,4,35,40,95.4766641
20日,日本,福岡,日本,那覇,19:30,60,9,1770000,30000,59,小規模運航,120,2100000,1,1,4,35,40,96.6698216
20日,日本,福岡,日本,那覇,20:00,60,9,1470000,30000,49,小規模運航,120,2100000,1,1,4,35,40,85.4104338
20日,日本,福岡,日本,那覇,20:30,60,9,1470000,30000,49,小規模運航,120,2100000,1,1,4,35,40,93.5627302
20日,日本,福岡,日本,那覇,21:00,60,9,1440000,30000,48,小規模運航,120,2100000,1,1,4,35,40,85.9152892
20日,日本,福岡,日本,那覇,21:30,60,9,1380000,30000,46,小規模運航,120,2100000,1,1,4,35,40,78.9675444
20日,日本,福岡,日本,那覇,22:00,60,9,1230000,30000,41,小規模運航,120,2100000,1,1,4,35,40,94.4667255
20日,日本,福岡,日本,那覇,22:30,60,9,1050000,30000,35,小規模運航,120,2100000,1,1,4,35,40,86.1430471
21日,日本,福岡,日本,那覇,07:00,60,9,1050000,30000,35,小規模運航,120,2100000,1,1,4,35,40,65.0730753
21日,日本,福岡,日本,那覇,07:30,60,9,1080000,30000,36,小規模運航,120,2100000,1,1,4,35,40,97.1324542
21日,日本,福岡,日本,那覇,08:00,60,9,1560000,30000,52,小規模運航,120,2100000,1,1,4,35,40,93.1604924
21日,日本,福岡,日本,那覇,08:30,60,9,1710000,30000,57,小規模運航,120,2100000,1,1,4,35,40,95.6232946
21日,日本,福岡,日本,那覇,09:00,60,9,1680000,30000,56,小規模運航,120,2100000,1,1,4,35,40,94.7623024
21日,日本,福岡,日本,那覇,09:30,60,9,1800000,30000,60,小規模運航,120,2100000,1,1,4,35,40,94.2549814
21日,日本,福岡,日本,那覇,10:00,60,9,1290000,30000,43,小規模運航,120,2100000,1,1,4,35,40,82.0992346
21日,日本,福岡,日本,那覇,10:30,60,9,1440000,30000,48,小規模運航,120,2100000,1,1,4,35,40,84.8533079
21日,日本,福岡,日本,那覇,11:00,60,9,1470000,30000,49,小規模運航,120,2100000,1,1,4,35,40,98.7645389
21日,日本,福岡,日本,那覇,11:30,60,9,1500000,30000,50,小規模運航,120,2100000,1,1,4,35,40,72.7476521
21日,日本,福岡,日本,那覇,12:00,60,9,1290000,30000,43,小規模運航,120,2100000,1,1,4,35,40,83.5767666
21日,日本,福岡,日本,那覇,12:30,60,9,1470000,30000,49,小規模運航,120,2100000,1,1,4,35,40,97.7767337
21日,日本,福岡,日本,那覇,13:00,60,9,1440000,30000,48,小規模運航,120,2100000,1,1,4,35,40,96.6722845
21日,日本,福岡,日本,那覇,13:30,60,9,1470000,30000,49,小規模運航,120,2100000,1,1,4,35,40,94.9067622
21日,日本,福岡,日本,那覇,14:00,60,9,1440000,30000,48,小規模運航,120,2100000,1,1,4,35,40,93.6795844
21日,日本,福岡,日本,那覇,14:30,60,9,1350000,30000,45,小規模運航,120,2100000,1,1,4,35,40,93.2079868
21日,日本,福岡,日本,那覇,15:00,60,9,1470000,30000,49,小規模運航,120,2100000,1,1,4,35,40,78.8984531
21日,日本,福岡,日本,那覇,15:30,60,9,1290000,30000,43,小規模運航,120,2100000,1,1,4,35,40,98.561935
21日,日本,福岡,日本,那覇,16:00,60,9,1470000,30000,49,小規模運航,120,2100000,1,1,4,35,40,96.5829249
21日,日本,福岡,日本,那覇,16:30,60,9,1500000,30000,50,小規模運航,120,2100000,1,1,4,35,40,94.2744439
21日,日本,福岡,日本,那覇,17:00,60,9,1650000,30000,55,小規模運航,120,2100000,1,1,4,35,40,97.5989747
21日,日本,福岡,日本,那覇,17:30,60,9,1590000,30000,53,小規模運航,120,2100000,1,1,4,35,40,96.7083285
21日,日本,福岡,日本,那覇,18:00,60,9,1740000,30000,58,小規模運航,120,2100000,1,1,4,35,40,83.7932458
21日,日本,福岡,日本,那覇,18:30,60,9,1770000,30000,59,小規模運航,120,2100000,1,1,4,35,40,95.3405349
21日,日本,福岡,日本,那覇,19:00,60,9,1740000,30000,58,小規模運航,120,2100000,1,1,4,35,40,98.1995784
21日,日本,福岡,日本,那覇,19:30,60,9,1740000,30000,58,小規模運航,120,2100000,1,1,4,35,40,84.6934139
21日,日本,福岡,日本,那覇,20:00,60,9,1410000,30000,47,小規模運航,120,2100000,1,1,4,35,40,89.1759706
21日,日本,福岡,日本,那覇,20:30,60,9,1290000,30000,43,小規模運航,120,2100000,1,1,4,35,40,94.7009213
21日,日本,福岡,日本,那覇,21:00,60,9,1350000,30000,45,小規模運航,120,2100000,1,1,4,35,40,94.0080131
21日,日本,福岡,日本,那覇,21:30,60,9,1290000,30000,43,小規模運航,120,2100000,1,1,4,35,40,92.0703483
21日,日本,福岡,日本,那覇,22:00,60,9,1020000,30000,34,小規模運航,120,2100000,1,1,4,35,40,94.1055127
21日,日本,福岡,日本,那覇,22:30,60,9,1110000,30000,37,小規模運航,120,2100000,1,1,4,35,40,96.3795304
22日,日本,福岡,日本,那覇,07:00,60,9,990000,30000,33,小規模運航,120,2100000,1,1,4,35,40,79.6715437
22日,日本,福岡,日本,那覇,07:30,60,9,1020000,30000,34,小規模運航,120,2100000,1,1,4,35,40,92.2994772
22日,日本,福岡,日本,那覇,08:00,60,9,1650000,30000,55,小規模運航,120,2100000,1,1,4,35,40,98.5409629
22日,日本,福岡,日本,那覇,08:30,60,9,1620000,30000,54,小規模運航,120,2100000,1,1,4,35,40,91.5864577
22日,日本,福岡,日本,那覇,09:00,60,9,1740000,30000,58,小規模運航,120,2100000,1,1,4,35,40,96.528185
22日,日本,福岡,日本,那覇,09:30,60,9,1560000,30000,52,小規模運航,120,2100000,1,1,4,35,40,85.596477
22日,日本,福岡,日本,那覇,10:00,60,9,1320000,30000,44,小規模運航,120,2100000,1,1,4,35,40,91.7568146
22日,日本,福岡,日本,那覇,10:30,60,9,1320000,30000,44,小規模運航,120,2100000,1,1,4,35,40,98.5356407
22日,日本,福岡,日本,那覇,11:00,60,9,1500000,30000,50,小規模運航,120,2100000,1,1,4,35,40,94.2624875
22日,日本,福岡,日本,那覇,11:30,60,9,1410000,30000,47,小規模運航,120,2100000,1,1,4,35,40,94.4358197
22日,日本,福岡,日本,那覇,12:00,60,9,1320000,30000,44,小規模運航,120,2100000,1,1,4,35,40,98.4625243
22日,日本,福岡,日本,那覇,12:30,60,9,1260000,30000,42,小規模運航,120,2100000,1,1,4,35,40,93.9825556
22日,日本,福岡,日本,那覇,13:00,60,9,1410000,30000,47,小規模運航,120,2100000,1,1,4,35,40,90.1041192
22日,日本,福岡,日本,那覇,13:30,60,9,1380000,30000,46,小規模運航,120,2100000,1,1,4,35,40,97.756755
22日,日本,福岡,日本,那覇,14:00,60,9,1290000,30000,43,小規模運航,120,2100000,1,1,4,35,40,95.529882
22日,日本,福岡,日本,那覇,14:30,60,9,1410000,30000,47,小規模運航,120,2100000,1,1,4,35,40,81.2555246
22日,日本,福岡,日本,那覇,15:00,60,9,1470000,30000,49,小規模運航,120,2100000,1,1,4,35,40,78.8984531
22日,日本,福岡,日本,那覇,15:30,60,9,1380000,30000,46,小規模運航,120,2100000,1,1,4,35,40,81.2481436
22日,日本,福岡,日本,那覇,16:00,60,9,1470000,30000,49,小規模運航,120,2100000,1,1,4,35,40,96.5829249
22日,日本,福岡,日本,那覇,16:30,60,9,1500000,30000,50,小規模運航,120,2100000,1,1,4,35,40,94.2744439
22日,日本,福岡,日本,那覇,17:00,60,9,1710000,30000,57,小規模運航,120,2100000,1,1,4,35,40,96.1058355
22日,日本,福岡,日本,那覇,17:30,60,9,1710000,30000,57,小規模運航,120,2100000,1,1,4,35,40,95.6028852
22日,日本,福岡,日本,那覇,18:00,60,9,1560000,30000,52,小規模運航,120,2100000,1,1,4,35,40,96.1625884
22日,日本,福岡,日本,那覇,18:30,60,9,1620000,30000,54,小規模運航,120,2100000,1,1,4,35,40,96.0002743
22日,日本,福岡,日本,那覇,19:00,60,9,1560000,30000,52,小規模運航,120,2100000,1,1,4,35,40,98.7523745
22日,日本,福岡,日本,那覇,19:30,60,9,1680000,30000,56,小規模運航,120,2100000,1,1,4,35,40,92.1467891
22日,日本,福岡,日本,那覇,20:00,60,9,1410000,30000,47,小規模運航,120,2100000,1,1,4,35,40,89.1759706
22日,日本,福岡,日本,那覇,20:30,60,9,1380000,30000,46,小規模運航,120,2100000,1,1,4,35,40,82.0131585
22日,日本,福岡,日本,那覇,21:00,60,9,1410000,30000,47,小規模運航,120,2100000,1,1,4,35,40,89.4682671
22日,日本,福岡,日本,那覇,21:30,60,9,1350000,30000,45,小規模運航,120,2100000,1,1,4,35,40,82.3718797
22日,日本,福岡,日本,那覇,22:00,60,9,990000,30000,33,小規模運航,120,2100000,1,1,4,35,40,95.0635029
22日,日本,福岡,日本,那覇,22:30,60,9,1200000,30000,40,小規模運航,120,2100000,1,1,4,35,40,92.9553427
23日,日本,福岡,日本,那覇,07:00,60,9,1050000,30000,35,小規模運航,120,2100000,1,1,4,35,40,65.0730753
23日,日本,福岡,日本,那覇,07:30,60,9,1110000,30000,37,小規模運航,120,2100000,1,1,4,35,40,78.7443196
23日,日本,福岡,日本,那覇,08:00,60,9,1560000,30000,52,小規模運航,120,2100000,1,1,4,35,40,93.1604924
23日,日本,福岡,日本,那覇,08:30,60,9,1740000,30000,58,小規模運航,120,2100000,1,1,4,35,40,90.7161143
23日,日本,福岡,日本,那覇,09:00,60,9,1650000,30000,55,小規模運航,120,2100000,1,1,4,35,40,95.4062885
23日,日本,福岡,日本,那覇,09:30,60,9,1740000,30000,58,小規模運航,120,2100000,1,1,4,35,40,97.7624969
23日,日本,福岡,日本,那覇,10:00,60,9,1290000,30000,43,小規模運航,120,2100000,1,1,4,35,40,82.0992346
23日,日本,福岡,日本,那覇,10:30,60,9,1290000,30000,43,小規模運航,120,2100000,1,1,4,35,40,97.8547767
23日,日本,福岡,日本,那覇,11:00,60,9,1260000,30000,42,小規模運航,120,2100000,1,1,4,35,40,91.8109878
23日,日本,福岡,日本,那覇,11:30,60,9,1410000,30000,47,小規模運航,120,2100000,1,1,4,35,40,94.4358197
23日,日本,福岡,日本,那覇,12:00,60,9,1410000,30000,47,小規模運航,120,2100000,1,1,4,35,40,95.0791153
23日,日本,福岡,日本,那覇,12:30,60,9,1380000,30000,46,小規模運航,120,2100000,1,1,4,35,40,89.9771082
23日,日本,福岡,日本,那覇,13:00,60,9,1410000,30000,47,小規模運航,120,2100000,1,1,4,35,40,90.1041192
23日,日本,福岡,日本,那覇,13:30,60,9,1440000,30000,48,小規模運航,120,2100000,1,1,4,35,40,90.2148389
23日,日本,福岡,日本,那覇,14:00,60,9,1410000,30000,47,小規模運航,120,2100000,1,1,4,35,40,95.4416174
23日,日本,福岡,日本,那覇,14:30,60,9,1350000,30000,45,小規模運航,120,2100000,1,1,4,35,40,93.2079868
23日,日本,福岡,日本,那覇,15:00,60,9,1260000,30000,42,小規模運航,120,2100000,1,1,4,35,40,89.8621993
23日,日本,福岡,日本,那覇,15:30,60,9,1410000,30000,47,小規模運航,120,2100000,1,1,4,35,40,80.548111
23日,日本,福岡,日本,那覇,16:00,60,9,1410000,30000,47,小規模運航,120,2100000,1,1,4,35,40,92.9070675
23日,日本,福岡,日本,那覇,16:30,60,9,1410000,30000,47,小規模運航,120,2100000,1,1,4,35,40,96.8384394
23日,日本,福岡,日本,那覇,17:00,60,9,1590000,30000,53,小規模運航,120,2100000,1,1,4,35,40,82.4758562
23日,日本,福岡,日本,那覇,17:30,60,9,1710000,30000,57,小規模運航,120,2100000,1,1,4,35,40,95.6028852
23日,日本,福岡,日本,那覇,18:00,60,9,1620000,30000,54,小規模運航,120,2100000,1,1,4,35,40,95.7088669
23日,日本,福岡,日本,那覇,18:30,60,9,1740000,30000,58,小規模運航,120,2100000,1,1,4,35,40,95.3321317
23日,日本,福岡,日本,那覇,19:00,60,9,1620000,30000,54,小規模運航,120,2100000,1,1,4,35,40,95.4766641
23日,日本,福岡,日本,那覇,19:30,60,9,1770000,30000,59,小規模運航,120,2100000,1,1,4,35,40,96.6698216
23日,日本,福岡,日本,那覇,20:00,60,9,1260000,30000,42,小規模運航,120,2100000,1,1,4,35,40,95.9057697
23日,日本,福岡,日本,那覇,20:30,60,9,1320000,30000,44,小規模運航,120,2100000,1,1,4,35,40,94.105454
23日,日本,福岡,日本,那覇,21:00,60,9,1410000,30000,47,小規模運航,120,2100000,1,1,4,35,40,89.4682671
23日,日本,福岡,日本,那覇,21:30,60,9,1320000,30000,44,小規模運航,120,2100000,1,1,4,35,40,95.1137965
23日,日本,福岡,日本,那覇,22:00,60,9,960000,30000,32,小規模運航,120,2100000,1,1,4,35,40,90.7763717
23日,日本,福岡,日本,那覇,22:30,60,9,990000,30000,33,小規模運航,120,2100000,1,1,4,35,40,65.5977364
24日,日本,福岡,日本,那覇,07:00,60,9,1170000,30000,39,小規模運航,120,2100000,1,1,4,35,40,92.8658615
24日,日本,福岡,日本,那覇,07:30,60,9,1140000,30000,38,小規模運航,120,2100000,1,1,4,35,40,91.8501399
24日,日本,福岡,日本,那覇,08:00,60,9,1620000,30000,54,小規模運航,120,2100000,1,1,4,35,40,96.8938325
24日,日本,福岡,日本,那覇,08:30,60,9,1770000,30000,59,小規模運航,120,2100000,1,1,4,35,40,83.5399538
24日,日本,福岡,日本,那覇,09:00,60,9,1800000,30000,60,小規模運航,120,2100000,1,1,4,35,40,95.7468334
24日,日本,福岡,日本,那覇,09:30,60,9,1590000,30000,53,小規模運航,120,2100000,1,1,4,35,40,98.483767
24日,日本,福岡,日本,那覇,10:00,60,9,1290000,30000,43,小規模運航,120,2100000,1,1,4,35,40,82.0992346
24日,日本,福岡,日本,那覇,10:30,60,9,1470000,30000,49,小規模運航,120,2100000,1,1,4,35,40,97.1324802
24日,日本,福岡,日本,那覇,11:00,60,9,1290000,30000,43,小規模運航,120,2100000,1,1,4,35,40,88.9481234
24日,日本,福岡,日本,那覇,11:30,60,9,1410000,30000,47,小規模運航,120,2100000,1,1,4,35,40,94.4358197
24日,日本,福岡,日本,那覇,12:00,60,9,1320000,30000,44,小規模運航,120,2100000,1,1,4,35,40,98.4625243
24日,日本,福岡,日本,那覇,12:30,60,9,1290000,30000,43,小規模運航,120,2100000,1,1,4,35,40,97.025983
24日,日本,福岡,日本,那覇,13:00,60,9,1470000,30000,49,小規模運航,120,2100000,1,1,4,35,40,98.5078809
24日,日本,福岡,日本,那覇,13:30,60,9,1350000,30000,45,小規模運航,120,2100000,1,1,4,35,40,97.3628001
24日,日本,福岡,日本,那覇,14:00,60,9,1500000,30000,50,小規模運航,120,2100000,1,1,4,35,40,71.9400413
24日,日本,福岡,日本,那覇,14:30,60,9,1410000,30000,47,小規模運航,120,2100000,1,1,4,35,40,81.2555246
24日,日本,福岡,日本,那覇,15:00,60,9,1380000,30000,46,小規模運航,120,2100000,1,1,4,35,40,91.614147
24日,日本,福岡,日本,那覇,15:30,60,9,1440000,30000,48,小規模運航,120,2100000,1,1,4,35,40,97.7144308
24日,日本,福岡,日本,那覇,16:00,60,9,1260000,30000,42,小規模運航,120,2100000,1,1,4,35,40,81.7707257
24日,日本,福岡,日本,那覇,16:30,60,9,1320000,30000,44,小規模運航,120,2100000,1,1,4,35,40,90.6003977
24日,日本,福岡,日本,那覇,17:00,60,9,1770000,30000,59,小規模運航,120,2100000,1,1,4,35,40,95.138067
24日,日本,福岡,日本,那覇,17:30,60,9,1710000,30000,57,小規模運航,120,2100000,1,1,4,35,40,95.6028852
24日,日本,福岡,日本,那覇,18:00,60,9,1650000,30000,55,小規模運航,120,2100000,1,1,4,35,40,87.6724971
24日,日本,福岡,日本,那覇,18:30,60,9,1680000,30000,56,小規模運航,120,2100000,1,1,4,35,40,92.6246389
24日,日本,福岡,日本,那覇,19:00,60,9,1770000,30000,59,小規模運航,120,2100000,1,1,4,35,40,94.2466802
24日,日本,福岡,日本,那覇,19:30,60,9,1620000,30000,54,小規模運航,120,2100000,1,1,4,35,40,89.5990014
24日,日本,福岡,日本,那覇,20:00,60,9,1410000,30000,47,小規模運航,120,2100000,1,1,4,35,40,89.1759706
24日,日本,福岡,日本,那覇,20:30,60,9,1350000,30000,45,小規模運航,120,2100000,1,1,4,35,40,92.2236857
24日,日本,福岡,日本,那覇,21:00,60,9,1500000,30000,50,小規模運航,120,2100000,1,1,4,35,40,94.7512451
24日,日本,福岡,日本,那覇,21:30,60,9,1410000,30000,47,小規模運航,120,2100000,1,1,4,35,40,93.5078524
24日,日本,福岡,日本,那覇,22:00,60,9,1230000,30000,41,小規模運航,120,2100000,1,1,4,35,40,94.4667255
24日,日本,福岡,日本,那覇,22:30,60,9,990000,30000,33,小規模運航,120,2100000,1,1,4,35,40,65.5977364
25日,日本,福岡,日本,那覇,07:00,60,9,1020000,30000,34,小規模運航,120,2100000,1,1,4,35,40,90.9591659
25日,日本,福岡,日本,那覇,07:30,60,9,1140000,30000,38,小規模運航,120,2100000,1,1,4,35,40,91.8501399
25日,日本,福岡,日本,那覇,08:00,60,9,1650000,30000,55,小規模運航,120,2100000,1,1,4,35,40,98.5409629
25日,日本,福岡,日本,那覇,08:30,60,9,1650000,30000,55,小規模運航,120,2100000,1,1,4,35,40,92.5761464
25日,日本,福岡,日本,那覇,09:00,60,9,1530000,30000,51,小規模運航,120,2100000,1,1,4,35,40,95.7623422
25日,日本,福岡,日本,那覇,09:30,60,9,1680000,30000,56,小規模運航,120,2100000,1,1,4,35,40,94.7922228
25日,日本,福岡,日本,那覇,10:00,60,9,1470000,30000,49,小規模運航,120,2100000,1,1,4,35,40,78.829537
25日,日本,福岡,日本,那覇,10:30,60,9,1380000,30000,46,小規模運航,120,2100000,1,1,4,35,40,97.0009685
25日,日本,福岡,日本,那覇,11:00,60,9,1500000,30000,50,小規模運航,120,2100000,1,1,4,35,40,94.2624875
25日,日本,福岡,日本,那覇,11:30,60,9,1500000,30000,50,小規模運航,120,2100000,1,1,4,35,40,72.7476521
25日,日本,福岡,日本,那覇,12:00,60,9,1290000,30000,43,小規模運航,120,2100000,1,1,4,35,40,83.5767666
25日,日本,福岡,日本,那覇,12:30,60,9,1260000,30000,42,小規模運航,120,2100000,1,1,4,35,40,93.9825556
25日,日本,福岡,日本,那覇,13:00,60,9,1470000,30000,49,小規模運航,120,2100000,1,1,4,35,40,98.5078809
25日,日本,福岡,日本,那覇,13:30,60,9,1410000,30000,47,小規模運航,120,2100000,1,1,4,35,40,97.6832692
25日,日本,福岡,日本,那覇,14:00,60,9,1320000,30000,44,小規模運航,120,2100000,1,1,4,35,40,96.2078804
25日,日本,福岡,日本,那覇,14:30,60,9,1500000,30000,50,小規模運航,120,2100000,1,1,4,35,40,95.967869
25日,日本,福岡,日本,那覇,15:00,60,9,1410000,30000,47,小規模運航,120,2100000,1,1,4,35,40,95.0526909
25日,日本,福岡,日本,那覇,15:30,60,9,1470000,30000,49,小規模運航,120,2100000,1,1,4,35,40,95.0623725
25日,日本,福岡,日本,那覇,16:00,60,9,1500000,30000,50,小規模運航,120,2100000,1,1,4,35,40,98.7251256
25日,日本,福岡,日本,那覇,16:30,60,9,1440000,30000,48,小規模運航,120,2100000,1,1,4,35,40,99.0084119
25日,日本,福岡,日本,那覇,17:00,60,9,1740000,30000,58,小規模運航,120,2100000,1,1,4,35,40,93.4235839
25日,日本,福岡,日本,那覇,17:30,60,9,1590000,30000,53,小規模運航,120,2100000,1,1,4,35,40,96.7083285
25日,日本,福岡,日本,那覇,18:00,60,9,1680000,30000,56,小規模運航,120,2100000,1,1,4,35,40,91.5593442
25日,日本,福岡,日本,那覇,18:30,60,9,1650000,30000,55,小規模運航,120,2100000,1,1,4,35,40,91.8445319
25日,日本,福岡,日本,那覇,19:00,60,9,1710000,30000,57,小規模運航,120,2100000,1,1,4,35,40,96.6982233
25日,日本,福岡,日本,那覇,19:30,60,9,1530000,30000,51,小規模運航,120,2100000,1,1,4,35,40,96.1643969
25日,日本,福岡,日本,那覇,20:00,60,9,1260000,30000,42,小規模運航,120,2100000,1,1,4,35,40,95.9057697
25日,日本,福岡,日本,那覇,20:30,60,9,1470000,30000,49,小規模運航,120,2100000,1,1,4,35,40,93.5627302
25日,日本,福岡,日本,那覇,21:00,60,9,1350000,30000,45,小規模運航,120,2100000,1,1,4,35,40,94.0080131
25日,日本,福岡,日本,那覇,21:30,60,9,1290000,30000,43,小規模運航,120,2100000,1,1,4,35,40,92.0703483
25日,日本,福岡,日本,那覇,22:00,60,9,1020000,30000,34,小規模運航,120,2100000,1,1,4,35,40,94.1055127
25日,日本,福岡,日本,那覇,22:30,60,9,1080000,30000,36,小規模運航,120,2100000,1,1,4,35,40,71.9464792
26日,日本,福岡,日本,那覇,07:00,60,9,1020000,30000,34,小規模運航,120,2100000,1,1,4,35,40,90.9591659
26日,日本,福岡,日本,那覇,07:30,60,9,990000,30000,33,小規模運航,120,2100000,1,1,4,35,40,91.7659359
26日,日本,福岡,日本,那覇,08:00,60,9,1800000,30000,60,小規模運航,120,2100000,1,1,4,35,40,96.8558312
26日,日本,福岡,日本,那覇,08:30,60,9,1770000,30000,59,小規模運航,120,2100000,1,1,4,35,40,83.5399538
26日,日本,福岡,日本,那覇,09:00,60,9,1770000,30000,59,小規模運航,120,2100000,1,1,4,35,40,82.2472873
26日,日本,福岡,日本,那覇,09:30,60,9,1770000,30000,59,小規模運航,120,2100000,1,1,4,35,40,96.1276269
26日,日本,福岡,日本,那覇,10:00,60,9,1290000,30000,43,小規模運航,120,2100000,1,1,4,35,40,82.0992346
26日,日本,福岡,日本,那覇,10:30,60,9,1440000,30000,48,小規模運航,120,2100000,1,1,4,35,40,84.8533079
26日,日本,福岡,日本,那覇,11:00,60,9,1320000,30000,44,小規模運航,120,2100000,1,1,4,35,40,97.5274934
26日,日本,福岡,日本,那覇,11:30,60,9,1410000,30000,47,小規模運航,120,2100000,1,1,4,35,40,94.4358197
26日,日本,福岡,日本,那覇,12:00,60,9,1410000,30000,47,小規模運航,120,2100000,1,1,4,35,40,95.0791153
26日,日本,福岡,日本,那覇,12:30,60,9,1440000,30000,48,小規模運航,120,2100000,1,1,4,35,40,98.4920878
26日,日本,福岡,日本,那覇,13:00,60,9,1290000,30000,43,小規模運航,120,2100000,1,1,4,35,40,92.5761197
26日,日本,福岡,日本,那覇,13:30,60,9,1470000,30000,49,小規模運航,120,2100000,1,1,4,35,40,94.9067622
26日,日本,福岡,日本,那覇,14:00,60,9,1470000,30000,49,小規模運航,120,2100000,1,1,4,35,40,97.1171854
26日,日本,福岡,日本,那覇,14:30,60,9,1470000,30000,49,小規模運航,120,2100000,1,1,4,35,40,95.2344773
26日,日本,福岡,日本,那覇,15:00,60,9,1500000,30000,50,小規模運航,120,2100000,1,1,4,35,40,98.0198828
26日,日本,福岡,日本,那覇,15:30,60,9,1380000,30000,46,小規模運航,120,2100000,1,1,4,35,40,81.2481436
26日,日本,福岡,日本,那覇,16:00,60,9,1470000,30000,49,小規模運航,120,2100000,1,1,4,35,40,96.5829249
26日,日本,福岡,日本,那覇,16:30,60,9,1410000,30000,47,小規模運航,120,2100000,1,1,4,35,40,96.8384394
26日,日本,福岡,日本,那覇,17:00,60,9,1770000,30000,59,小規模運航,120,2100000,1,1,4,35,40,95.138067
26日,日本,福岡,日本,那覇,17:30,60,9,1740000,30000,58,小規模運航,120,2100000,1,1,4,35,40,98.4182691
26日,日本,福岡,日本,那覇,18:00,60,9,1590000,30000,53,小規模運航,120,2100000,1,1,4,35,40,93.0857224
26日,日本,福岡,日本,那覇,18:30,60,9,1680000,30000,56,小規模運航,120,2100000,1,1,4,35,40,92.6246389
26日,日本,福岡,日本,那覇,19:00,60,9,1680000,30000,56,小規模運航,120,2100000,1,1,4,35,40,98.7854438
26日,日本,福岡,日本,那覇,19:30,60,9,1770000,30000,59,小規模運航,120,2100000,1,1,4,35,40,96.6698216
26日,日本,福岡,日本,那覇,20:00,60,9,1380000,30000,46,小規模運航,120,2100000,1,1,4,35,40,96.1676812
26日,日本,福岡,日本,那覇,20:30,60,9,1500000,30000,50,小規模運航,120,2100000,1,1,4,35,40,93.5935278
26日,日本,福岡,日本,那覇,21:00,60,9,1350000,30000,45,小規模運航,120,2100000,1,1,4,35,40,94.0080131
26日,日本,福岡,日本,那覇,21:30,60,9,1470000,30000,49,小規模運航,120,2100000,1,1,4,35,40,77.5846802
26日,日本,福岡,日本,那覇,22:00,60,9,1080000,30000,36,小規模運航,120,2100000,1,1,4,35,40,92.2826168
26日,日本,福岡,日本,那覇,22:30,60,9,1140000,30000,38,小規模運航,120,2100000,1,1,4,35,40,75.754579
27日,日本,福岡,日本,那覇,07:00,60,9,1080000,30000,36,小規模運航,120,2100000,1,1,4,35,40,87.5699263
27日,日本,福岡,日本,那覇,07:30,60,9,1080000,30000,36,小規模運航,120,2100000,1,1,4,35,40,97.1324542
27日,日本,福岡,日本,那覇,08:00,60,9,1770000,30000,59,小規模運航,120,2100000,1,1,4,35,40,84.9620406
27日,日本,福岡,日本,那覇,08:30,60,9,1800000,30000,60,小規模運航,120,2100000,1,1,4,35,40,86.2886942
27日,日本,福岡,日本,那覇,09:00,60,9,1770000,30000,59,小規模運航,120,2100000,1,1,4,35,40,82.2472873
27日,日本,福岡,日本,那覇,09:30,60,9,1620000,30000,54,小規模運航,120,2100000,1,1,4,35,40,98.3600164
27日,日本,福岡,日本,那覇,10:00,60,9,1350000,30000,45,小規模運航,120,2100000,1,1,4,35,40,77.9544701
27日,日本,福岡,日本,那覇,10:30,60,9,1440000,30000,48,小規模運航,120,2100000,1,1,4,35,40,84.8533079
27日,日本,福岡,日本,那覇,11:00,60,9,1350000,30000,45,小規模運航,120,2100000,1,1,4,35,40,95.2216734
27日,日本,福岡,日本,那覇,11:30,60,9,1260000,30000,42,小規模運航,120,2100000,1,1,4,35,40,89.4108896
27日,日本,福岡,日本,那覇,12:00,60,9,1410000,30000,47,小規模運航,120,2100000,1,1,4,35,40,95.0791153
27日,日本,福岡,日本,那覇,12:30,60,9,1320000,30000,44,小規模運航,120,2100000,1,1,4,35,40,96.8461314
27日,日本,福岡,日本,那覇,13:00,60,9,1470000,30000,49,小規模運航,120,2100000,1,1,4,35,40,98.5078809
27日,日本,福岡,日本,那覇,13:30,60,9,1380000,30000,46,小規模運航,120,2100000,1,1,4,35,40,97.756755
27日,日本,福岡,日本,那覇,14:00,60,9,1350000,30000,45,小規模運航,120,2100000,1,1,4,35,40,93.1493879
27日,日本,福岡,日本,那覇,14:30,60,9,1500000,30000,50,小規模運航,120,2100000,1,1,4,35,40,95.967869
27日,日本,福岡,日本,那覇,15:00,60,9,1470000,30000,49,小規模運航,120,2100000,1,1,4,35,40,78.8984531
27日,日本,福岡,日本,那覇,15:30,60,9,1500000,30000,50,小規模運航,120,2100000,1,1,4,35,40,91.0446439
27日,日本,福岡,日本,那覇,16:00,60,9,1500000,30000,50,小規模運航,120,2100000,1,1,4,35,40,98.7251256
27日,日本,福岡,日本,那覇,16:30,60,9,1380000,30000,46,小規模運航,120,2100000,1,1,4,35,40,95.9123178
27日,日本,福岡,日本,那覇,17:00,60,9,1530000,30000,51,小規模運航,120,2100000,1,1,4,35,40,90.9770509
27日,日本,福岡,日本,那覇,17:30,60,9,1770000,30000,59,小規模運航,120,2100000,1,1,4,35,40,79.5501678
27日,日本,福岡,日本,那覇,18:00,60,9,1680000,30000,56,小規模運航,120,2100000,1,1,4,35,40,91.5593442
27日,日本,福岡,日本,那覇,18:30,60,9,1650000,30000,55,小規模運航,120,2100000,1,1,4,35,40,91.8445319
27日,日本,福岡,日本,那覇,19:00,60,9,1620000,30000,54,小規模運航,120,2100000,1,1,4,35,40,95.4766641
27日,日本,福岡,日本,那覇,19:30,60,9,1710000,30000,57,小規模運航,120,2100000,1,1,4,35,40,97.0301423
27日,日本,福岡,日本,那覇,20:00,60,9,1320000,30000,44,小規模運航,120,2100000,1,1,4,35,40,93.8145796
27日,日本,福岡,日本,那覇,20:30,60,9,1410000,30000,47,小規模運航,120,2100000,1,1,4,35,40,96.2033318
27日,日本,福岡,日本,那覇,21:00,60,9,1410000,30000,47,小規模運航,120,2100000,1,1,4,35,40,89.4682671
27日,日本,福岡,日本,那覇,21:30,60,9,1500000,30000,50,小規模運航,120,2100000,1,1,4,35,40,92.200667
27日,日本,福岡,日本,那覇,22:00,60,9,1140000,30000,38,小規模運航,120,2100000,1,1,4,35,40,96.0867538
27日,日本,福岡,日本,那覇,22:30,60,9,1020000,30000,34,小規模運航,120,2100000,1,1,4,35,40,92.2231648
28日,日本,福岡,日本,那覇,07:00,60,9,1230000,30000,41,小規模運航,120,2100000,1,1,4,35,40,96.2435122
28日,日本,福岡,日本,那覇,07:30,60,9,1050000,30000,35,小規模運航,120,2100000,1,1,4,35,40,94.5348827
28日,日本,福岡,日本,那覇,08:00,60,9,1740000,30000,58,小規模運航,120,2100000,1,1,4,35,40,83.8031068
28日,日本,福岡,日本,那覇,08:30,60,9,1770000,30000,59,小規模運航,120,2100000,1,1,4,35,40,83.5399538
28日,日本,福岡,日本,那覇,09:00,60,9,1620000,30000,54,小規模運航,120,2100000,1,1,4,35,40,98.286686
28日,日本,福岡,日本,那覇,09:30,60,9,1800000,30000,60,小規模運航,120,2100000,1,1,4,35,40,94.2549814
28日,日本,福岡,日本,那覇,10:00,60,9,1410000,30000,47,小規模運航,120,2100000,1,1,4,35,40,92.1412057
28日,日本,福岡,日本,那覇,10:30,60,9,1350000,30000,45,小規模運航,120,2100000,1,1,4,35,40,89.749998
28日,日本,福岡,日本,那覇,11:00,60,9,1530000,30000,51,小規模運航,120,2100000,1,1,4,35,40,96.2525827
28日,日本,福岡,日本,那覇,11:30,60,9,1260000,30000,42,小規模運航,120,2100000,1,1,4,35,40,89.4108896
28日,日本,福岡,日本,那覇,12:00,60,9,1530000,30000,51,小規模運航,120,2100000,1,1,4,35,40,87.7092963
28日,日本,福岡,日本,那覇,12:30,60,9,1260000,30000,42,小規模運航,120,2100000,1,1,4,35,40,93.9825556
28日,日本,福岡,日本,那覇,13:00,60,9,1350000,30000,45,小規模運航,120,2100000,1,1,4,35,40,97.5696161
28日,日本,福岡,日本,那覇,13:30,60,9,1320000,30000,44,小規模運航,120,2100000,1,1,4,35,40,85.4624518
28日,日本,福岡,日本,那覇,14:00,60,9,1410000,30000,47,小規模運航,120,2100000,1,1,4,35,40,95.4416174
28日,日本,福岡,日本,那覇,14:30,60,9,1440000,30000,48,小規模運航,120,2100000,1,1,4,35,40,86.6061727
28日,日本,福岡,日本,那覇,15:00,60,9,1290000,30000,43,小規模運航,120,2100000,1,1,4,35,40,85.3049803
28日,日本,福岡,日本,那覇,15:30,60,9,1410000,30000,47,小規模運航,120,2100000,1,1,4,35,40,80.548111
28日,日本,福岡,日本,那覇,16:00,60,9,1410000,30000,47,小規模運航,120,2100000,1,1,4,35,40,92.9070675
28日,日本,福岡,日本,那覇,16:30,60,9,1410000,30000,47,小規模運航,120,2100000,1,1,4,35,40,96.8384394
28日,日本,福岡,日本,那覇,17:00,60,9,1530000,30000,51,小規模運航,120,2100000,1,1,4,35,40,90.9770509
28日,日本,福岡,日本,那覇,17:30,60,9,1740000,30000,58,小規模運航,120,2100000,1,1,4,35,40,98.4182691
28日,日本,福岡,日本,那覇,18:00,60,9,1710000,30000,57,小規模運航,120,2100000,1,1,4,35,40,90.844264
28日,日本,福岡,日本,那覇,18:30,60,9,1740000,30000,58,小規模運航,120,2100000,1,1,4,35,40,95.3321317
28日,日本,福岡,日本,那覇,19:00,60,9,1800000,30000,60,小規模運航,120,2100000,1,1,4,35,40,95.7407915
28日,日本,福岡,日本,那覇,19:30,60,9,1770000,30000,59,小規模運航,120,2100000,1,1,4,35,40,96.6698216
28日,日本,福岡,日本,那覇,20:00,60,9,1380000,30000,46,小規模運航,120,2100000,1,1,4,35,40,96.1676812
28日,日本,福岡,日本,那覇,20:30,60,9,1380000,30000,46,小規模運航,120,2100000,1,1,4,35,40,82.0131585
28日,日本,福岡,日本,那覇,21:00,60,9,1260000,30000,42,小規模運航,120,2100000,1,1,4,35,40,79.4182034
28日,日本,福岡,日本,那覇,21:30,60,9,1290000,30000,43,小規模運航,120,2100000,1,1,4,35,40,92.0703483
28日,日本,福岡,日本,那覇,22:00,60,9,1020000,30000,34,小規模運航,120,2100000,1,1,4,35,40,94.1055127
28日,日本,福岡,日本,那覇,22:30,60,9,1050000,30000,35,小規模運航,120,2100000,1,1,4,35,40,86.1430471
29日,日本,福岡,日本,那覇,07:00,60,9,1050000,30000,35,小規模運航,120,2100000,1,1,4,35,40,65.0730753
29日,日本,福岡,日本,那覇,07:30,60,9,1140000,30000,38,小規模運航,120,2100000,1,1,4,35,40,91.8501399
29日,日本,福岡,日本,那覇,08:00,60,9,1620000,30000,54,小規模運航,120,2100000,1,1,4,35,40,96.8938325
29日,日本,福岡,日本,那覇,08:30,60,9,1710000,30000,57,小規模運航,120,2100000,1,1,4,35,40,95.6232946
29日,日本,福岡,日本,那覇,09:00,60,9,1800000,30000,60,小規模運航,120,2100000,1,1,4,35,40,95.7468334
29日,日本,福岡,日本,那覇,09:30,60,9,1680000,30000,56,小規模運航,120,2100000,1,1,4,35,40,94.7922228
29日,日本,福岡,日本,那覇,10:00,60,9,1500000,30000,50,小規模運航,120,2100000,1,1,4,35,40,95.8255623
29日,日本,福岡,日本,那覇,10:30,60,9,1260000,30000,42,小規模運航,120,2100000,1,1,4,35,40,94.0726482
29日,日本,福岡,日本,那覇,11:00,60,9,1440000,30000,48,小規模運航,120,2100000,1,1,4,35,40,84.6077995
29日,日本,福岡,日本,那覇,11:30,60,9,1320000,30000,44,小規模運航,120,2100000,1,1,4,35,40,91.580134
29日,日本,福岡,日本,那覇,12:00,60,9,1500000,30000,50,小規模運航,120,2100000,1,1,4,35,40,90.0893823
29日,日本,福岡,日本,那覇,12:30,60,9,1290000,30000,43,小規模運航,120,2100000,1,1,4,35,40,97.025983
29日,日本,福岡,日本,那覇,13:00,60,9,1260000,30000,42,小規模運航,120,2100000,1,1,4,35,40,83.7465736
29日,日本,福岡,日本,那覇,13:30,60,9,1290000,30000,43,小規模運航,120,2100000,1,1,4,35,40,98.4745778
29日,日本,福岡,日本,那覇,14:00,60,9,1260000,30000,42,小規模運航,120,2100000,1,1,4,35,40,93.5072394
29日,日本,福岡,日本,那覇,14:30,60,9,1350000,30000,45,小規模運航,120,2100000,1,1,4,35,40,93.2079868
29日,日本,福岡,日本,那覇,15:00,60,9,1410000,30000,47,小規模運航,120,2100000,1,1,4,35,40,95.0526909
29日,日本,福岡,日本,那覇,15:30,60,9,1320000,30000,44,小規模運航,120,2100000,1,1,4,35,40,90.243921
29日,日本,福岡,日本,那覇,16:00,60,9,1500000,30000,50,小規模運航,120,2100000,1,1,4,35,40,98.7251256
29日,日本,福岡,日本,那覇,16:30,60,9,1350000,30000,45,小規模運航,120,2100000,1,1,4,35,40,96.2808788
29日,日本,福岡,日本,那覇,17:00,60,9,1590000,30000,53,小規模運航,120,2100000,1,1,4,35,40,82.4758562
29日,日本,福岡,日本,那覇,17:30,60,9,1560000,30000,52,小規模運航,120,2100000,1,1,4,35,40,87.7225682
29日,日本,福岡,日本,那覇,18:00,60,9,1530000,30000,51,小規模運航,120,2100000,1,1,4,35,40,96.6355586
29日,日本,福岡,日本,那覇,18:30,60,9,1530000,30000,51,小規模運航,120,2100000,1,1,4,35,40,84.1248979
29日,日本,福岡,日本,那覇,19:00,60,9,1590000,30000,53,小規模運航,120,2100000,1,1,4,35,40,89.3772546
29日,日本,福岡,日本,那覇,19:30,60,9,1770000,30000,59,小規模運航,120,2100000,1,1,4,35,40,96.6698216
29日,日本,福岡,日本,那覇,20:00,60,9,1290000,30000,43,小規模運航,120,2100000,1,1,4,35,40,84.4986421
29日,日本,福岡,日本,那覇,20:30,60,9,1470000,30000,49,小規模運航,120,2100000,1,1,4,35,40,93.5627302
29日,日本,福岡,日本,那覇,21:00,60,9,1530000,30000,51,小規模運航,120,2100000,1,1,4,35,40,97.3164395
29日,日本,福岡,日本,那覇,21:30,60,9,1500000,30000,50,小規模運航,120,2100000,1,1,4,35,40,92.200667
29日,日本,福岡,日本,那覇,22:00,60,9,1200000,30000,40,小規模運航,120,2100000,1,1,4,35,40,94.0881198
29日,日本,福岡,日本,那覇,22:30,60,9,1200000,30000,40,小規模運航,120,2100000,1,1,4,35,40,92.9553427
30日,日本,福岡,日本,那覇,07:00,60,9,1080000,30000,36,小規模運航,120,2100000,1,1,4,35,40,87.5699263
30日,日本,福岡,日本,那覇,07:30,60,9,1140000,30000,38,小規模運航,120,2100000,1,1,4,35,40,91.8501399
30日,日本,福岡,日本,那覇,08:00,60,9,1770000,30000,59,小規模運航,120,2100000,1,1,4,35,40,84.9620406
30日,日本,福岡,日本,那覇,08:30,60,9,1770000,30000,59,小規模運航,120,2100000,1,1,4,35,40,83.5399538
30日,日本,福岡,日本,那覇,09:00,60,9,1590000,30000,53,小規模運航,120,2100000,1,1,4,35,40,98.1425736
30日,日本,福岡,日本,那覇,09:30,60,9,1710000,30000,57,小規模運航,120,2100000,1,1,4,35,40,90.0630053
30日,日本,福岡,日本,那覇,10:00,60,9,1440000,30000,48,小規模運航,120,2100000,1,1,4,35,40,87.0161131
30日,日本,福岡,日本,那覇,10:30,60,9,1320000,30000,44,小規模運航,120,2100000,1,1,4,35,40,98.5356407
30日,日本,福岡,日本,那覇,11:00,60,9,1440000,30000,48,小規模運航,120,2100000,1,1,4,35,40,84.6077995
30日,日本,福岡,日本,那覇,11:30,60,9,1440000,30000,48,小規模運航,120,2100000,1,1,4,35,40,97.7397344
30日,日本,福岡,日本,那覇,12:00,60,9,1260000,30000,42,小規模運航,120,2100000,1,1,4,35,40,99.0260535
30日,日本,福岡,日本,那覇,12:30,60,9,1350000,30000,45,小規模運航,120,2100000,1,1,4,35,40,93.7993023
30日,日本,福岡,日本,那覇,13:00,60,9,1320000,30000,44,小規模運航,120,2100000,1,1,4,35,40,92.1675549
30日,日本,福岡,日本,那覇,13:30,60,9,1500000,30000,50,小規模運航,120,2100000,1,1,4,35,40,97.7259558
30日,日本,福岡,日本,那覇,14:00,60,9,1470000,30000,49,小規模運航,120,2100000,1,1,4,35,40,97.1171854
30日,日本,福岡,日本,那覇,14:30,60,9,1470000,30000,49,小規模運航,120,2100000,1,1,4,35,40,95.2344773
30日,日本,福岡,日本,那覇,15:00,60,9,1350000,30000,45,小規模運航,120,2100000,1,1,4,35,40,88.3194057
30日,日本,福岡,日本,那覇,15:30,60,9,1350000,30000,45,小規模運航,120,2100000,1,1,4,35,40,95.497703
30日,日本,福岡,日本,那覇,16:00,60,9,1350000,30000,45,小規模運航,120,2100000,1,1,4,35,40,96.5192917
30日,日本,福岡,日本,那覇,16:30,60,9,1410000,30000,47,小規模運航,120,2100000,1,1,4,35,40,96.8384394
30日,日本,福岡,日本,那覇,17:00,60,9,1740000,30000,58,小規模運航,120,2100000,1,1,4,35,40,93.4235839
30日,日本,福岡,日本,那覇,17:30,60,9,1650000,30000,55,小規模運航,120,2100000,1,1,4,35,40,86.7994591
30日,日本,福岡,日本,那覇,18:00,60,9,1680000,30000,56,小規模運航,120,2100000,1,1,4,35,40,91.5593442
30日,日本,福岡,日本,那覇,18:30,60,9,1740000,30000,58,小規模運航,120,2100000,1,1,4,35,40,95.3321317
30日,日本,福岡,日本,那覇,19:00,60,9,1560000,30000,52,小規模運航,120,2100000,1,1,4,35,40,98.7523745
30日,日本,福岡,日本,那覇,19:30,60,9,1620000,30000,54,小規模運航,120,2100000,1,1,4,35,40,89.5990014
30日,日本,福岡,日本,那覇,20:00,60,9,1440000,30000,48,小規模運航,120,2100000,1,1,4,35,40,83.0355941
30日,日本,福岡,日本,那覇,20:30,60,9,1290000,30000,43,小規模運航,120,2100000,1,1,4,35,40,94.7009213
30日,日本,福岡,日本,那覇,21:00,60,9,1500000,30000,50,小規模運航,120,2100000,1,1,4,35,40,94.7512451
30日,日本,福岡,日本,那覇,21:30,60,9,1380000,30000,46,小規模運航,120,2100000,1,1,4,35,40,78.9675444
30日,日本,福岡,日本,那覇,22:00,60,9,1050000,30000,35,小規模運航,120,2100000,1,1,4,35,40,72.5393414
30日,日本,福岡,日本,那覇,22:30,60,9,1050000,30000,35,小規模運航,120,2100000,1,1,4,35,40,86.1430471
31日,日本,福岡,日本,那覇,07:00,60,9,1200000,30000,40,小規模運航,120,2100000,1,1,4,35,40,51.3337687
31日,日本,福岡,日本,那覇,07:30,60,9,1200000,30000,40,小規模運航,120,2100000,1,1,4,35,40,93.7684801
31日,日本,福岡,日本,那覇,08:00,60,9,1770000,30000,59,小規模運航,120,2100000,1,1,4,35,40,84.9620406
31日,日本,福岡,日本,那覇,08:30,60,9,1680000,30000,56,小規模運航,120,2100000,1,1,4,35,40,94.7411859
31日,日本,福岡,日本,那覇,09:00,60,9,1740000,30000,58,小規模運航,120,2100000,1,1,4,35,40,96.528185
31日,日本,福岡,日本,那覇,09:30,60,9,1770000,30000,59,小規模運航,120,2100000,1,1,4,35,40,96.1276269
31日,日本,福岡,日本,那覇,10:00,60,9,1440000,30000,48,小規模運航,120,2100000,1,1,4,35,40,87.0161131
31日,日本,福岡,日本,那覇,10:30,60,9,1290000,30000,43,小規模運航,120,2100000,1,1,4,35,40,97.8547767
31日,日本,福岡,日本,那覇,11:00,60,9,1350000,30000,45,小規模運航,120,2100000,1,1,4,35,40,95.2216734
31日,日本,福岡,日本,那覇,11:30,60,9,1320000,30000,44,小規模運航,120,2100000,1,1,4,35,40,91.580134
31日,日本,福岡,日本,那覇,12:00,60,9,1500000,30000,50,小規模運航,120,2100000,1,1,4,35,40,90.0893823
31日,日本,福岡,日本,那覇,12:30,60,9,1500000,30000,50,小規模運航,120,2100000,1,1,4,35,40,94.7930542
31日,日本,福岡,日本,那覇,13:00,60,9,1350000,30000,45,小規模運航,120,2100000,1,1,4,35,40,97.5696161
31日,日本,福岡,日本,那覇,13:30,60,9,1410000,30000,47,小規模運航,120,2100000,1,1,4,35,40,97.6832692
31日,日本,福岡,日本,那覇,14:00,60,9,1410000,30000,47,小規模運航,120,2100000,1,1,4,35,40,95.4416174
31日,日本,福岡,日本,那覇,14:30,60,9,1470000,30000,49,小規模運航,120,2100000,1,1,4,35,40,95.2344773
31日,日本,福岡,日本,那覇,15:00,60,9,1290000,30000,43,小規模運航,120,2100000,1,1,4,35,40,85.3049803
31日,日本,福岡,日本,那覇,15:30,60,9,1440000,30000,48,小規模運航,120,2100000,1,1,4,35,40,97.7144308
31日,日本,福岡,日本,那覇,16:00,60,9,1440000,30000,48,小規模運航,120,2100000,1,1,4,35,40,92.2149275
31日,日本,福岡,日本,那覇,16:30,60,9,1320000,30000,44,小規模運航,120,2100000,1,1,4,35,40,90.6003977
31日,日本,福岡,日本,那覇,17:00,60,9,1530000,30000,51,小規模運航,120,2100000,1,1,4,35,40,90.9770509
31日,日本,福岡,日本,那覇,17:30,60,9,1770000,30000,59,小規模運航,120,2100000,1,1,4,35,40,79.5501678
31日,日本,福岡,日本,那覇,18:00,60,9,1560000,30000,52,小規模運航,120,2100000,1,1,4,35,40,96.1625884
31日,日本,福岡,日本,那覇,18:30,60,9,1620000,30000,54,小規模運航,120,2100000,1,1,4,35,40,96.0002743
31日,日本,福岡,日本,那覇,19:00,60,9,1770000,30000,59,小規模運航,120,2100000,1,1,4,35,40,94.2466802
31日,日本,福岡,日本,那覇,19:30,60,9,1770000,30000,59,小規模運航,120,2100000,1,1,4,35,40,96.6698216
31日,日本,福岡,日本,那覇,20:00,60,9,1410000,30000,47,小規模運航,120,2100000,1,1,4,35,40,89.1759706
31日,日本,福岡,日本,那覇,20:30,60,9,1380000,30000,46,小規模運航,120,2100000,1,1,4,35,40,82.0131585
31日,日本,福岡,日本,那覇,21:00,60,9,1260000,30000,42,小規模運航,120,2100000,1,1,4,35,40,79.4182034
31日,日本,福岡,日本,那覇,21:30,60,9,1500000,30000,50,小規模運航,120,2100000,1,1,4,35,40,92.200667
31日,日本,福岡,日本,那覇,22:00,60,9,990000,30000,33,小規模運航,120,2100000,1,1,4,35,40,95.0635029
31日,日本,福岡,日本,那覇,22:30,60,9,1140000,30000,38,小規模運航,120,2100000,1,1,4,35,40,75.754579
1日,日本,新千歳,日本,羽田,07:00,60,10,1080000,30000,36,小規模運航,120,2100000,1,1,4,35,40,89.3954126
1日,日本,新千歳,日本,羽田,07:30,60,10,1050000,30000,35,小規模運航,120,2100000,1,1,4,35,40,79.5276315
1日,日本,新千歳,日本,羽田,08:00,60,10,1620000,30000,54,小規模運航,120,2100000,1,1,4,35,40,87.8421101
1日,日本,新千歳,日本,羽田,08:30,60,10,1800000,30000,60,小規模運航,120,2100000,1,1,4,35,40,86.9881381
1日,日本,新千歳,日本,羽田,09:00,60,10,1800000,30000,60,小規模運航,120,2100000,1,1,4,35,40,85.3936294
1日,日本,新千歳,日本,羽田,09:30,60,10,1620000,30000,54,小規模運航,120,2100000,1,1,4,35,40,86.4909612
1日,日本,新千歳,日本,羽田,10:00,60,10,1290000,30000,43,小規模運航,120,2100000,1,1,4,35,40,94.8015526
1日,日本,新千歳,日本,羽田,10:30,60,10,1350000,30000,45,小規模運航,120,2100000,1,1,4,35,40,79.0111079
1日,日本,新千歳,日本,羽田,11:00,60,10,1410000,30000,47,小規模運航,120,2100000,1,1,4,35,40,85.9781364
1日,日本,新千歳,日本,羽田,11:30,60,10,1290000,30000,43,小規模運航,120,2100000,1,1,4,35,40,97.2557146
1日,日本,新千歳,日本,羽田,12:00,60,10,1410000,30000,47,小規模運航,120,2100000,1,1,4,35,40,92.7645644
1日,日本,新千歳,日本,羽田,12:30,60,10,1350000,30000,45,小規模運航,120,2100000,1,1,4,35,40,92.2274413
1日,日本,新千歳,日本,羽田,13:00,60,10,1440000,30000,48,小規模運航,120,2100000,1,1,4,35,40,97.7930531
1日,日本,新千歳,日本,羽田,13:30,60,10,1440000,30000,48,小規模運航,120,2100000,1,1,4,35,40,95.5109602
1日,日本,新千歳,日本,羽田,14:00,60,10,1410000,30000,47,小規模運航,120,2100000,1,1,4,35,40,98.3132927
1日,日本,新千歳,日本,羽田,14:30,60,10,1410000,30000,47,小規模運航,120,2100000,1,1,4,35,40,96.6741756
1日,日本,新千歳,日本,羽田,15:00,60,10,1320000,30000,44,小規模運航,120,2100000,1,1,4,35,40,91.1243822
1日,日本,新千歳,日本,羽田,15:30,60,10,1260000,30000,42,小規模運航,120,2100000,1,1,4,35,40,97.9306716
1日,日本,新千歳,日本,羽田,16:00,60,10,1500000,30000,50,小規模運航,120,2100000,1,1,4,35,40,98.0907279
1日,日本,新千歳,日本,羽田,16:30,60,10,1500000,30000,50,小規模運航,120,2100000,1,1,4,35,40,95.6954213
1日,日本,新千歳,日本,羽田,17:00,60,10,1740000,30000,58,小規模運航,120,2100000,1,1,4,35,40,87.7399771
1日,日本,新千歳,日本,羽田,17:30,60,10,1560000,30000,52,小規模運航,120,2100000,1,1,4,35,40,97.834981
1日,日本,新千歳,日本,羽田,18:00,60,10,1620000,30000,54,小規模運航,120,2100000,1,1,4,35,40,97.6684306
1日,日本,新千歳,日本,羽田,18:30,60,10,1560000,30000,52,小規模運航,120,2100000,1,1,4,35,40,97.1786011
1日,日本,新千歳,日本,羽田,19:00,60,10,1770000,30000,59,小規模運航,120,2100000,1,1,4,35,40,99.043789
1日,日本,新千歳,日本,羽田,19:30,60,10,1680000,30000,56,小規模運航,120,2100000,1,1,4,35,40,82.0589629
1日,日本,新千歳,日本,羽田,20:00,60,10,1470000,30000,49,小規模運航,120,2100000,1,1,4,35,40,96.9936966
1日,日本,新千歳,日本,羽田,20:30,60,10,1410000,30000,47,小規模運航,120,2100000,1,1,4,35,40,95.1748179
1日,日本,新千歳,日本,羽田,21:00,60,10,1380000,30000,46,小規模運航,120,2100000,1,1,4,35,40,97.435376
1日,日本,新千歳,日本,羽田,21:30,60,10,1470000,30000,49,小規模運航,120,2100000,1,1,4,35,40,94.4237869
1日,日本,新千歳,日本,羽田,22:00,60,10,1020000,30000,34,小規模運航,120,2100000,1,1,4,35,40,95.5202717
1日,日本,新千歳,日本,羽田,22:30,60,10,1080000,30000,36,小規模運航,120,2100000,1,1,4,35,40,84.265832
2日,日本,新千歳,日本,羽田,07:00,60,10,1140000,30000,38,小規模運航,120,2100000,1,1,4,35,40,88.4747251
2日,日本,新千歳,日本,羽田,07:30,60,10,990000,30000,33,小規模運航,120,2100000,1,1,4,35,40,90.3225367
2日,日本,新千歳,日本,羽田,08:00,60,10,1710000,30000,57,小規模運航,120,2100000,1,1,4,35,40,93.3301524
2日,日本,新千歳,日本,羽田,08:30,60,10,1590000,30000,53,小規模運航,120,2100000,1,1,4,35,40,96.3585122
2日,日本,新千歳,日本,羽田,09:00,60,10,1590000,30000,53,小規模運航,120,2100000,1,1,4,35,40,98.5759663
2日,日本,新千歳,日本,羽田,09:30,60,10,1710000,30000,57,小規模運航,120,2100000,1,1,4,35,40,97.9164644
2日,日本,新千歳,日本,羽田,10:00,60,10,1410000,30000,47,小規模運航,120,2100000,1,1,4,35,40,95.7230954
2日,日本,新千歳,日本,羽田,10:30,60,10,1290000,30000,43,小規模運航,120,2100000,1,1,4,35,40,77.2611638
2日,日本,新千歳,日本,羽田,11:00,60,10,1260000,30000,42,小規模運航,120,2100000,1,1,4,35,40,96.9310756
2日,日本,新千歳,日本,羽田,11:30,60,10,1530000,30000,51,小規模運航,120,2100000,1,1,4,35,40,96.9245722
2日,日本,新千歳,日本,羽田,12:00,60,10,1410000,30000,47,小規模運航,120,2100000,1,1,4,35,40,92.7645644
2日,日本,新千歳,日本,羽田,12:30,60,10,1440000,30000,48,小規模運航,120,2100000,1,1,4,35,40,97.5845493
2日,日本,新千歳,日本,羽田,13:00,60,10,1260000,30000,42,小規模運航,120,2100000,1,1,4,35,40,95.6316981
2日,日本,新千歳,日本,羽田,13:30,60,10,1470000,30000,49,小規模運航,120,2100000,1,1,4,35,40,98.1164207
2日,日本,新千歳,日本,羽田,14:00,60,10,1470000,30000,49,小規模運航,120,2100000,1,1,4,35,40,95.0923636
2日,日本,新千歳,日本,羽田,14:30,60,10,1470000,30000,49,小規模運航,120,2100000,1,1,4,35,40,68.4945568
2日,日本,新千歳,日本,羽田,15:00,60,10,1500000,30000,50,小規模運航,120,2100000,1,1,4,35,40,93.9093155
2日,日本,新千歳,日本,羽田,15:30,60,10,1290000,30000,43,小規模運航,120,2100000,1,1,4,35,40,74.1439112
2日,日本,新千歳,日本,羽田,16:00,60,10,1410000,30000,47,小規模運航,120,2100000,1,1,4,35,40,81.9302965
2日,日本,新千歳,日本,羽田,16:30,60,10,1530000,30000,51,小規模運航,120,2100000,1,1,4,35,40,98.0774949
2日,日本,新千歳,日本,羽田,17:00,60,10,1590000,30000,53,小規模運航,120,2100000,1,1,4,35,40,96.2364464
2日,日本,新千歳,日本,羽田,17:30,60,10,1680000,30000,56,小規模運航,120,2100000,1,1,4,35,40,91.9086476
2日,日本,新千歳,日本,羽田,18:00,60,10,1770000,30000,59,小規模運航,120,2100000,1,1,4,35,40,84.9411845
2日,日本,新千歳,日本,羽田,18:30,60,10,1770000,30000,59,小規模運航,120,2100000,1,1,4,35,40,94.921913
2日,日本,新千歳,日本,羽田,19:00,60,10,1530000,30000,51,小規模運航,120,2100000,1,1,4,35,40,93.9216624
2日,日本,新千歳,日本,羽田,19:30,60,10,1770000,30000,59,小規模運航,120,2100000,1,1,4,35,40,91.133992
2日,日本,新千歳,日本,羽田,20:00,60,10,1500000,30000,50,小規模運航,120,2100000,1,1,4,35,40,94.6516003
2日,日本,新千歳,日本,羽田,20:30,60,10,1500000,30000,50,小規模運航,120,2100000,1,1,4,35,40,92.9600608
2日,日本,新千歳,日本,羽田,21:00,60,10,1350000,30000,45,小規模運航,120,2100000,1,1,4,35,40,98.6564703
2日,日本,新千歳,日本,羽田,21:30,60,10,1350000,30000,45,小規模運航,120,2100000,1,1,4,35,40,98.4628602
2日,日本,新千歳,日本,羽田,22:00,60,10,1170000,30000,39,小規模運航,120,2100000,1,1,4,35,40,81.4978971
2日,日本,新千歳,日本,羽田,22:30,60,10,1170000,30000,39,小規模運航,120,2100000,1,1,4,35,40,91.960956
3日,日本,新千歳,日本,羽田,07:00,60,10,1200000,30000,40,小規模運航,120,2100000,1,1,4,35,40,96.1584536
3日,日本,新千歳,日本,羽田,07:30,60,10,960000,30000,32,小規模運航,120,2100000,1,1,4,35,40,77.539045
3日,日本,新千歳,日本,羽田,08:00,60,10,1560000,30000,52,小規模運航,120,2100000,1,1,4,35,40,95.2791718
3日,日本,新千歳,日本,羽田,08:30,60,10,1770000,30000,59,小規模運航,120,2100000,1,1,4,35,40,97.4301102
3日,日本,新千歳,日本,羽田,09:00,60,10,1590000,30000,53,小規模運航,120,2100000,1,1,4,35,40,98.5759663
3日,日本,新千歳,日本,羽田,09:30,60,10,1770000,30000,59,小規模運航,120,2100000,1,1,4,35,40,95.5949228
3日,日本,新千歳,日本,羽田,10:00,60,10,1320000,30000,44,小規模運航,120,2100000,1,1,4,35,40,97.5367263
3日,日本,新千歳,日本,羽田,10:30,60,10,1500000,30000,50,小規模運航,120,2100000,1,1,4,35,40,91.7100267
3日,日本,新千歳,日本,羽田,11:00,60,10,1530000,30000,51,小規模運航,120,2100000,1,1,4,35,40,95.9081267
3日,日本,新千歳,日本,羽田,11:30,60,10,1500000,30000,50,小規模運航,120,2100000,1,1,4,35,40,94.3261802
3日,日本,新千歳,日本,羽田,12:00,60,10,1260000,30000,42,小規模運航,120,2100000,1,1,4,35,40,96.7917466
3日,日本,新千歳,日本,羽田,12:30,60,10,1260000,30000,42,小規模運航,120,2100000,1,1,4,35,40,97.7244524
3日,日本,新千歳,日本,羽田,13:00,60,10,1440000,30000,48,小規模運航,120,2100000,1,1,4,35,40,97.7930531
3日,日本,新千歳,日本,羽田,13:30,60,10,1500000,30000,50,小規模運航,120,2100000,1,1,4,35,40,97.7162627
3日,日本,新千歳,日本,羽田,14:00,60,10,1440000,30000,48,小規模運航,120,2100000,1,1,4,35,40,97.2678231
3日,日本,新千歳,日本,羽田,14:30,60,10,1440000,30000,48,小規模運航,120,2100000,1,1,4,35,40,93.4707534
3日,日本,新千歳,日本,羽田,15:00,60,10,1290000,30000,43,小規模運航,120,2100000,1,1,4,35,40,80.7126774
3日,日本,新千歳,日本,羽田,15:30,60,10,1470000,30000,49,小規模運航,120,2100000,1,1,4,35,40,92.3654121
3日,日本,新千歳,日本,羽田,16:00,60,10,1410000,30000,47,小規模運航,120,2100000,1,1,4,35,40,81.9302965
3日,日本,新千歳,日本,羽田,16:30,60,10,1290000,30000,43,小規模運航,120,2100000,1,1,4,35,40,96.9797879
3日,日本,新千歳,日本,羽田,17:00,60,10,1800000,30000,60,小規模運航,120,2100000,1,1,4,35,40,96.3587183
3日,日本,新千歳,日本,羽田,17:30,60,10,1530000,30000,51,小規模運航,120,2100000,1,1,4,35,40,97.0804254
3日,日本,新千歳,日本,羽田,18:00,60,10,1770000,30000,59,小規模運航,120,2100000,1,1,4,35,40,84.9411845
3日,日本,新千歳,日本,羽田,18:30,60,10,1590000,30000,53,小規模運航,120,2100000,1,1,4,35,40,97.5486111
3日,日本,新千歳,日本,羽田,19:00,60,10,1770000,30000,59,小規模運航,120,2100000,1,1,4,35,40,99.043789
3日,日本,新千歳,日本,羽田,19:30,60,10,1710000,30000,57,小規模運航,120,2100000,1,1,4,35,40,86.2182322
3日,日本,新千歳,日本,羽田,20:00,60,10,1290000,30000,43,小規模運航,120,2100000,1,1,4,35,40,93.8887652
3日,日本,新千歳,日本,羽田,20:30,60,10,1470000,30000,49,小規模運航,120,2100000,1,1,4,35,40,93.9567077
3日,日本,新千歳,日本,羽田,21:00,60,10,1410000,30000,47,小規模運航,120,2100000,1,1,4,35,40,88.1033113
3日,日本,新千歳,日本,羽田,21:30,60,10,1260000,30000,42,小規模運航,120,2100000,1,1,4,35,40,88.3946715
3日,日本,新千歳,日本,羽田,22:00,60,10,1050000,30000,35,小規模運航,120,2100000,1,1,4,35,40,78.3120408
3日,日本,新千歳,日本,羽田,22:30,60,10,1140000,30000,38,小規模運航,120,2100000,1,1,4,35,40,65.7989707
4日,日本,新千歳,日本,羽田,07:00,60,10,1050000,30000,35,小規模運航,120,2100000,1,1,4,35,40,89.2460829
4日,日本,新千歳,日本,羽田,07:30,60,10,1080000,30000,36,小規模運航,120,2100000,1,1,4,35,40,87.4225795
4日,日本,新千歳,日本,羽田,08:00,60,10,1770000,30000,59,小規模運航,120,2100000,1,1,4,35,40,92.374286
4日,日本,新千歳,日本,羽田,08:30,60,10,1560000,30000,52,小規模運航,120,2100000,1,1,4,35,40,86.768679
4日,日本,新千歳,日本,羽田,09:00,60,10,1650000,30000,55,小規模運航,120,2100000,1,1,4,35,40,96.9338774
4日,日本,新千歳,日本,羽田,09:30,60,10,1620000,30000,54,小規模運航,120,2100000,1,1,4,35,40,86.4909612
4日,日本,新千歳,日本,羽田,10:00,60,10,1410000,30000,47,小規模運航,120,2100000,1,1,4,35,40,95.7230954
4日,日本,新千歳,日本,羽田,10:30,60,10,1500000,30000,50,小規模運航,120,2100000,1,1,4,35,40,91.7100267
4日,日本,新千歳,日本,羽田,11:00,60,10,1500000,30000,50,小規模運航,120,2100000,1,1,4,35,40,98.0770595
4日,日本,新千歳,日本,羽田,11:30,60,10,1320000,30000,44,小規模運航,120,2100000,1,1,4,35,40,97.0789846
4日,日本,新千歳,日本,羽田,12:00,60,10,1320000,30000,44,小規模運航,120,2100000,1,1,4,35,40,75.5247555
4日,日本,新千歳,日本,羽田,12:30,60,10,1410000,30000,47,小規模運航,120,2100000,1,1,4,35,40,96.5200925
4日,日本,新千歳,日本,羽田,13:00,60,10,1410000,30000,47,小規模運航,120,2100000,1,1,4,35,40,93.1203096
4日,日本,新千歳,日本,羽田,13:30,60,10,1470000,30000,49,小規模運航,120,2100000,1,1,4,35,40,98.1164207
4日,日本,新千歳,日本,羽田,14:00,60,10,1290000,30000,43,小規模運航,120,2100000,1,1,4,35,40,95.5066329
4日,日本,新千歳,日本,羽田,14:30,60,10,1410000,30000,47,小規模運航,120,2100000,1,1,4,35,40,96.6741756
4日,日本,新千歳,日本,羽田,15:00,60,10,1500000,30000,50,小規模運航,120,2100000,1,1,4,35,40,93.9093155
4日,日本,新千歳,日本,羽田,15:30,60,10,1290000,30000,43,小規模運航,120,2100000,1,1,4,35,40,74.1439112
4日,日本,新千歳,日本,羽田,16:00,60,10,1290000,30000,43,小規模運航,120,2100000,1,1,4,35,40,97.9040578
4日,日本,新千歳,日本,羽田,16:30,60,10,1500000,30000,50,小規模運航,120,2100000,1,1,4,35,40,95.6954213
4日,日本,新千歳,日本,羽田,17:00,60,10,1590000,30000,53,小規模運航,120,2100000,1,1,4,35,40,96.2364464
4日,日本,新千歳,日本,羽田,17:30,60,10,1620000,30000,54,小規模運航,120,2100000,1,1,4,35,40,98.9432358
4日,日本,新千歳,日本,羽田,18:00,60,10,1770000,30000,59,小規模運航,120,2100000,1,1,4,35,40,84.9411845
4日,日本,新千歳,日本,羽田,18:30,60,10,1800000,30000,60,小規模運航,120,2100000,1,1,4,35,40,97.7043562
4日,日本,新千歳,日本,羽田,19:00,60,10,1650000,30000,55,小規模運航,120,2100000,1,1,4,35,40,84.5490875
4日,日本,新千歳,日本,羽田,19:30,60,10,1590000,30000,53,小規模運航,120,2100000,1,1,4,35,40,97.7663082
4日,日本,新千歳,日本,羽田,20:00,60,10,1260000,30000,42,小規模運航,120,2100000,1,1,4,35,40,93.7150732
4日,日本,新千歳,日本,羽田,20:30,60,10,1320000,30000,44,小規模運航,120,2100000,1,1,4,35,40,73.6818864
4日,日本,新千歳,日本,羽田,21:00,60,10,1410000,30000,47,小規模運航,120,2100000,1,1,4,35,40,88.1033113
4日,日本,新千歳,日本,羽田,21:30,60,10,1260000,30000,42,小規模運航,120,2100000,1,1,4,35,40,88.3946715
4日,日本,新千歳,日本,羽田,22:00,60,10,1110000,30000,37,小規模運航,120,2100000,1,1,4,35,40,95.560883
4日,日本,新千歳,日本,羽田,22:30,60,10,1170000,30000,39,小規模運航,120,2100000,1,1,4,35,40,91.960956
5日,日本,新千歳,日本,羽田,07:00,60,10,1050000,30000,35,小規模運航,120,2100000,1,1,4,35,40,89.2460829
5日,日本,新千歳,日本,羽田,07:30,60,10,1140000,30000,38,小規模運航,120,2100000,1,1,4,35,40,75.2586533
5日,日本,新千歳,日本,羽田,08:00,60,10,1740000,30000,58,小規模運航,120,2100000,1,1,4,35,40,98.2383114
5日,日本,新千歳,日本,羽田,08:30,60,10,1530000,30000,51,小規模運航,120,2100000,1,1,4,35,40,80.7985957
5日,日本,新千歳,日本,羽田,09:00,60,10,1800000,30000,60,小規模運航,120,2100000,1,1,4,35,40,85.3936294
5日,日本,新千歳,日本,羽田,09:30,60,10,1590000,30000,53,小規模運航,120,2100000,1,1,4,35,40,89.8604492
5日,日本,新千歳,日本,羽田,10:00,60,10,1440000,30000,48,小規模運航,120,2100000,1,1,4,35,40,95.7384449
5日,日本,新千歳,日本,羽田,10:30,60,10,1500000,30000,50,小規模運航,120,2100000,1,1,4,35,40,91.7100267
5日,日本,新千歳,日本,羽田,11:00,60,10,1290000,30000,43,小規模運航,120,2100000,1,1,4,35,40,97.6629016
5日,日本,新千歳,日本,羽田,11:30,60,10,1290000,30000,43,小規模運航,120,2100000,1,1,4,35,40,97.2557146
5日,日本,新千歳,日本,羽田,12:00,60,10,1380000,30000,46,小規模運航,120,2100000,1,1,4,35,40,98.2560411
5日,日本,新千歳,日本,羽田,12:30,60,10,1530000,30000,51,小規模運航,120,2100000,1,1,4,35,40,88.2607427
5日,日本,新千歳,日本,羽田,13:00,60,10,1410000,30000,47,小規模運航,120,2100000,1,1,4,35,40,93.1203096
5日,日本,新千歳,日本,羽田,13:30,60,10,1530000,30000,51,小規模運航,120,2100000,1,1,4,35,40,94.9134879
5日,日本,新千歳,日本,羽田,14:00,60,10,1290000,30000,43,小規模運航,120,2100000,1,1,4,35,40,95.5066329
5日,日本,新千歳,日本,羽田,14:30,60,10,1350000,30000,45,小規模運航,120,2100000,1,1,4,35,40,97.8436566
5日,日本,新千歳,日本,羽田,15:00,60,10,1410000,30000,47,小規模運航,120,2100000,1,1,4,35,40,94.011385
5日,日本,新千歳,日本,羽田,15:30,60,10,1500000,30000,50,小規模運航,120,2100000,1,1,4,35,40,91.1895088
5日,日本,新千歳,日本,羽田,16:00,60,10,1260000,30000,42,小規模運航,120,2100000,1,1,4,35,40,84.1638543
5日,日本,新千歳,日本,羽田,16:30,60,10,1350000,30000,45,小規模運航,120,2100000,1,1,4,35,40,88.7025237
5日,日本,新千歳,日本,羽田,17:00,60,10,1590000,30000,53,小規模運航,120,2100000,1,1,4,35,40,96.2364464
5日,日本,新千歳,日本,羽田,17:30,60,10,1710000,30000,57,小規模運航,120,2100000,1,1,4,35,40,87.3420435
5日,日本,新千歳,日本,羽田,18:00,60,10,1560000,30000,52,小規模運航,120,2100000,1,1,4,35,40,97.6128603
5日,日本,新千歳,日本,羽田,18:30,60,10,1680000,30000,56,小規模運航,120,2100000,1,1,4,35,40,93.5068265
5日,日本,新千歳,日本,羽田,19:00,60,10,1710000,30000,57,小規模運航,120,2100000,1,1,4,35,40,98.0281096
5日,日本,新千歳,日本,羽田,19:30,60,10,1560000,30000,52,小規模運航,120,2100000,1,1,4,35,40,93.1348836
5日,日本,新千歳,日本,羽田,20:00,60,10,1350000,30000,45,小規模運航,120,2100000,1,1,4,35,40,86.1183997
5日,日本,新千歳,日本,羽田,20:30,60,10,1500000,30000,50,小規模運航,120,2100000,1,1,4,35,40,92.9600608
5日,日本,新千歳,日本,羽田,21:00,60,10,1320000,30000,44,小規模運航,120,2100000,1,1,4,35,40,98.3916431
5日,日本,新千歳,日本,羽田,21:30,60,10,1440000,30000,48,小規模運航,120,2100000,1,1,4,35,40,91.0008691
5日,日本,新千歳,日本,羽田,22:00,60,10,1230000,30000,41,小規模運航,120,2100000,1,1,4,35,40,97.8510432
5日,日本,新千歳,日本,羽田,22:30,60,10,1020000,30000,34,小規模運航,120,2100000,1,1,4,35,40,96.5276979
6日,日本,新千歳,日本,羽田,07:00,60,10,990000,30000,33,小規模運航,120,2100000,1,1,4,35,40,78.9875304
6日,日本,新千歳,日本,羽田,07:30,60,10,1050000,30000,35,小規模運航,120,2100000,1,1,4,35,40,79.5276315
6日,日本,新千歳,日本,羽田,08:00,60,10,1560000,30000,52,小規模運航,120,2100000,1,1,4,35,40,95.2791718
6日,日本,新千歳,日本,羽田,08:30,60,10,1530000,30000,51,小規模運航,120,2100000,1,1,4,35,40,80.7985957
6日,日本,新千歳,日本,羽田,09:00,60,10,1710000,30000,57,小規模運航,120,2100000,1,1,4,35,40,98.5144074
6日,日本,新千歳,日本,羽田,09:30,60,10,1620000,30000,54,小規模運航,120,2100000,1,1,4,35,40,86.4909612
6日,日本,新千歳,日本,羽田,10:00,60,10,1260000,30000,42,小規模運航,120,2100000,1,1,4,35,40,94.9522202
6日,日本,新千歳,日本,羽田,10:30,60,10,1440000,30000,48,小規模運航,120,2100000,1,1,4,35,40,97.1855331
6日,日本,新千歳,日本,羽田,11:00,60,10,1410000,30000,47,小規模運航,120,2100000,1,1,4,35,40,85.9781364
6日,日本,新千歳,日本,羽田,11:30,60,10,1410000,30000,47,小規模運航,120,2100000,1,1,4,35,40,88.309677
6日,日本,新千歳,日本,羽田,12:00,60,10,1260000,30000,42,小規模運航,120,2100000,1,1,4,35,40,96.7917466
6日,日本,新千歳,日本,羽田,12:30,60,10,1320000,30000,44,小規模運航,120,2100000,1,1,4,35,40,97.8872643
6日,日本,新千歳,日本,羽田,13:00,60,10,1290000,30000,43,小規模運航,120,2100000,1,1,4,35,40,96.7014722
6日,日本,新千歳,日本,羽田,13:30,60,10,1410000,30000,47,小規模運航,120,2100000,1,1,4,35,40,97.2202954
6日,日本,新千歳,日本,羽田,14:00,60,10,1380000,30000,46,小規模運航,120,2100000,1,1,4,35,40,97.5171187
6日,日本,新千歳,日本,羽田,14:30,60,10,1500000,30000,50,小規模運航,120,2100000,1,1,4,35,40,97.4874205
6日,日本,新千歳,日本,羽田,15:00,60,10,1500000,30000,50,小規模運航,120,2100000,1,1,4,35,40,93.9093155
6日,日本,新千歳,日本,羽田,15:30,60,10,1530000,30000,51,小規模運航,120,2100000,1,1,4,35,40,86.2077908
6日,日本,新千歳,日本,羽田,16:00,60,10,1380000,30000,46,小規模運航,120,2100000,1,1,4,35,40,88.0103313
6日,日本,新千歳,日本,羽田,16:30,60,10,1380000,30000,46,小規模運航,120,2100000,1,1,4,35,40,94.1148027
6日,日本,新千歳,日本,羽田,17:00,60,10,1710000,30000,57,小規模運航,120,2100000,1,1,4,35,40,84.3521123
6日,日本,新千歳,日本,羽田,17:30,60,10,1650000,30000,55,小規模運航,120,2100000,1,1,4,35,40,91.5900665
6日,日本,新千歳,日本,羽田,18:00,60,10,1800000,30000,60,小規模運航,120,2100000,1,1,4,35,40,99.0500596
6日,日本,新千歳,日本,羽田,18:30,60,10,1590000,30000,53,小規模運航,120,2100000,1,1,4,35,40,97.5486111
6日,日本,新千歳,日本,羽田,19:00,60,10,1770000,30000,59,小規模運航,120,2100000,1,1,4,35,40,99.043789
6日,日本,新千歳,日本,羽田,19:30,60,10,1560000,30000,52,小規模運航,120,2100000,1,1,4,35,40,93.1348836
6日,日本,新千歳,日本,羽田,20:00,60,10,1320000,30000,44,小規模運航,120,2100000,1,1,4,35,40,95.2505098
6日,日本,新千歳,日本,羽田,20:30,60,10,1410000,30000,47,小規模運航,120,2100000,1,1,4,35,40,95.1748179
6日,日本,新千歳,日本,羽田,21:00,60,10,1410000,30000,47,小規模運航,120,2100000,1,1,4,35,40,88.1033113
6日,日本,新千歳,日本,羽田,21:30,60,10,1410000,30000,47,小規模運航,120,2100000,1,1,4,35,40,97.1770062
6日,日本,新千歳,日本,羽田,22:00,60,10,1050000,30000,35,小規模運航,120,2100000,1,1,4,35,40,78.3120408
6日,日本,新千歳,日本,羽田,22:30,60,10,1140000,30000,38,小規模運航,120,2100000,1,1,4,35,40,65.7989707
7日,日本,新千歳,日本,羽田,07:00,60,10,1140000,30000,38,小規模運航,120,2100000,1,1,4,35,40,88.4747251
7日,日本,新千歳,日本,羽田,07:30,60,10,1050000,30000,35,小規模運航,120,2100000,1,1,4,35,40,79.5276315
7日,日本,新千歳,日本,羽田,08:00,60,10,1710000,30000,57,小規模運航,120,2100000,1,1,4,35,40,93.3301524
7日,日本,新千歳,日本,羽田,08:30,60,10,1710000,30000,57,小規模運航,120,2100000,1,1,4,35,40,98.8583315
7日,日本,新千歳,日本,羽田,09:00,60,10,1770000,30000,59,小規模運航,120,2100000,1,1,4,35,40,96.9635041
7日,日本,新千歳,日本,羽田,09:30,60,10,1590000,30000,53,小規模運航,120,2100000,1,1,4,35,40,89.8604492
7日,日本,新千歳,日本,羽田,10:00,60,10,1260000,30000,42,小規模運航,120,2100000,1,1,4,35,40,94.9522202
7日,日本,新千歳,日本,羽田,10:30,60,10,1440000,30000,48,小規模運航,120,2100000,1,1,4,35,40,97.1855331
7日,日本,新千歳,日本,羽田,11:00,60,10,1410000,30000,47,小規模運航,120,2100000,1,1,4,35,40,85.9781364
7日,日本,新千歳,日本,羽田,11:30,60,10,1410000,30000,47,小規模運航,120,2100000,1,1,4,35,40,88.309677
7日,日本,新千歳,日本,羽田,12:00,60,10,1260000,30000,42,小規模運航,120,2100000,1,1,4,35,40,96.7917466
7日,日本,新千歳,日本,羽田,12:30,60,10,1320000,30000,44,小規模運航,120,2100000,1,1,4,35,40,97.8872643
7日,日本,新千歳,日本,羽田,13:00,60,10,1440000,30000,48,小規模運航,120,2100000,1,1,4,35,40,97.7930531
7日,日本,新千歳,日本,羽田,13:30,60,10,1470000,30000,49,小規模運航,120,2100000,1,1,4,35,40,98.1164207
7日,日本,新千歳,日本,羽田,14:00,60,10,1290000,30000,43,小規模運航,120,2100000,1,1,4,35,40,95.5066329
7日,日本,新千歳,日本,羽田,14:30,60,10,1410000,30000,47,小規模運航,120,2100000,1,1,4,35,40,96.6741756
7日,日本,新千歳,日本,羽田,15:00,60,10,1350000,30000,45,小規模運航,120,2100000,1,1,4,35,40,88.7009125
7日,日本,新千歳,日本,羽田,15:30,60,10,1290000,30000,43,小規模運航,120,2100000,1,1,4,35,40,74.1439112
7日,日本,新千歳,日本,羽田,16:00,60,10,1470000,30000,49,小規模運航,120,2100000,1,1,4,35,40,91.2168172
7日,日本,新千歳,日本,羽田,16:30,60,10,1410000,30000,47,小規模運航,120,2100000,1,1,4,35,40,95.9612587
7日,日本,新千歳,日本,羽田,17:00,60,10,1710000,30000,57,小規模運航,120,2100000,1,1,4,35,40,84.3521123
7日,日本,新千歳,日本,羽田,17:30,60,10,1560000,30000,52,小規模運航,120,2100000,1,1,4,35,40,97.834981
7日,日本,新千歳,日本,羽田,18:00,60,10,1620000,30000,54,小規模運航,120,2100000,1,1,4,35,40,97.6684306
7日,日本,新千歳,日本,羽田,18:30,60,10,1590000,30000,53,小規模運航,120,2100000,1,1,4,35,40,97.5486111
7日,日本,新千歳,日本,羽田,19:00,60,10,1680000,30000,56,小規模運航,120,2100000,1,1,4,35,40,85.4676425
7日,日本,新千歳,日本,羽田,19:30,60,10,1590000,30000,53,小規模運航,120,2100000,1,1,4,35,40,97.7663082
7日,日本,新千歳,日本,羽田,20:00,60,10,1260000,30000,42,小規模運航,120,2100000,1,1,4,35,40,93.7150732
7日,日本,新千歳,日本,羽田,20:30,60,10,1440000,30000,48,小規模運航,120,2100000,1,1,4,35,40,98.6049295
7日,日本,新千歳,日本,羽田,21:00,60,10,1470000,30000,49,小規模運航,120,2100000,1,1,4,35,40,79.5104662
7日,日本,新千歳,日本,羽田,21:30,60,10,1440000,30000,48,小規模運航,120,2100000,1,1,4,35,40,91.0008691
7日,日本,新千歳,日本,羽田,22:00,60,10,1080000,30000,36,小規模運航,120,2100000,1,1,4,35,40,78.6034383
7日,日本,新千歳,日本,羽田,22:30,60,10,1200000,30000,40,小規模運航,120,2100000,1,1,4,35,40,96.0990345
8日,日本,新千歳,日本,羽田,07:00,60,10,1170000,30000,39,小規模運航,120,2100000,1,1,4,35,40,90.43036
8日,日本,新千歳,日本,羽田,07:30,60,10,960000,30000,32,小規模運航,120,2100000,1,1,4,35,40,77.539045
8日,日本,新千歳,日本,羽田,08:00,60,10,1770000,30000,59,小規模運航,120,2100000,1,1,4,35,40,92.374286
8日,日本,新千歳,日本,羽田,08:30,60,10,1650000,30000,55,小規模運航,120,2100000,1,1,4,35,40,96.2418597
8日,日本,新千歳,日本,羽田,09:00,60,10,1560000,30000,52,小規模運航,120,2100000,1,1,4,35,40,84.0863334
8日,日本,新千歳,日本,羽田,09:30,60,10,1560000,30000,52,小規模運航,120,2100000,1,1,4,35,40,90.4951389
8日,日本,新千歳,日本,羽田,10:00,60,10,1500000,30000,50,小規模運航,120,2100000,1,1,4,35,40,74.0599364
8日,日本,新千歳,日本,羽田,10:30,60,10,1320000,30000,44,小規模運航,120,2100000,1,1,4,35,40,91.7522933
8日,日本,新千歳,日本,羽田,11:00,60,10,1530000,30000,51,小規模運航,120,2100000,1,1,4,35,40,95.9081267
8日,日本,新千歳,日本,羽田,11:30,60,10,1410000,30000,47,小規模運航,120,2100000,1,1,4,35,40,88.309677
8日,日本,新千歳,日本,羽田,12:00,60,10,1380000,30000,46,小規模運航,120,2100000,1,1,4,35,40,98.2560411
8日,日本,新千歳,日本,羽田,12:30,60,10,1290000,30000,43,小規模運航,120,2100000,1,1,4,35,40,85.4681822
8日,日本,新千歳,日本,羽田,13:00,60,10,1470000,30000,49,小規模運航,120,2100000,1,1,4,35,40,96.1998737
8日,日本,新千歳,日本,羽田,13:30,60,10,1260000,30000,42,小規模運航,120,2100000,1,1,4,35,40,89.2196707
8日,日本,新千歳,日本,羽田,14:00,60,10,1320000,30000,44,小規模運航,120,2100000,1,1,4,35,40,96.8605879
8日,日本,新千歳,日本,羽田,14:30,60,10,1470000,30000,49,小規模運航,120,2100000,1,1,4,35,40,68.4945568
8日,日本,新千歳,日本,羽田,15:00,60,10,1320000,30000,44,小規模運航,120,2100000,1,1,4,35,40,91.1243822
8日,日本,新千歳,日本,羽田,15:30,60,10,1320000,30000,44,小規模運航,120,2100000,1,1,4,35,40,91.5661391
8日,日本,新千歳,日本,羽田,16:00,60,10,1350000,30000,45,小規模運航,120,2100000,1,1,4,35,40,98.0207442
8日,日本,新千歳,日本,羽田,16:30,60,10,1410000,30000,47,小規模運航,120,2100000,1,1,4,35,40,95.9612587
8日,日本,新千歳,日本,羽田,17:00,60,10,1740000,30000,58,小規模運航,120,2100000,1,1,4,35,40,87.7399771
8日,日本,新千歳,日本,羽田,17:30,60,10,1590000,30000,53,小規模運航,120,2100000,1,1,4,35,40,98.7584701
8日,日本,新千歳,日本,羽田,18:00,60,10,1740000,30000,58,小規模運航,120,2100000,1,1,4,35,40,94.672891
8日,日本,新千歳,日本,羽田,18:30,60,10,1770000,30000,59,小規模運航,120,2100000,1,1,4,35,40,94.921913
8日,日本,新千歳,日本,羽田,19:00,60,10,1740000,30000,58,小規模運航,120,2100000,1,1,4,35,40,98.5608285
8日,日本,新千歳,日本,羽田,19:30,60,10,1680000,30000,56,小規模運航,120,2100000,1,1,4,35,40,82.0589629
8日,日本,新千歳,日本,羽田,20:00,60,10,1320000,30000,44,小規模運航,120,2100000,1,1,4,35,40,95.2505098
8日,日本,新千歳,日本,羽田,20:30,60,10,1290000,30000,43,小規模運航,120,2100000,1,1,4,35,40,97.217319
8日,日本,新千歳,日本,羽田,21:00,60,10,1290000,30000,43,小規模運航,120,2100000,1,1,4,35,40,94.1409435
8日,日本,新千歳,日本,羽田,21:30,60,10,1470000,30000,49,小規模運航,120,2100000,1,1,4,35,40,94.4237869
8日,日本,新千歳,日本,羽田,22:00,60,10,1140000,30000,38,小規模運航,120,2100000,1,1,4,35,40,72.1498125
8日,日本,新千歳,日本,羽田,22:30,60,10,1230000,30000,41,小規模運航,120,2100000,1,1,4,35,40,93.6808227
9日,日本,新千歳,日本,羽田,07:00,60,10,1110000,30000,37,小規模運航,120,2100000,1,1,4,35,40,66.8491038
9日,日本,新千歳,日本,羽田,07:30,60,10,990000,30000,33,小規模運航,120,2100000,1,1,4,35,40,90.3225367
9日,日本,新千歳,日本,羽田,08:00,60,10,1650000,30000,55,小規模運航,120,2100000,1,1,4,35,40,94.8963497
9日,日本,新千歳,日本,羽田,08:30,60,10,1770000,30000,59,小規模運航,120,2100000,1,1,4,35,40,97.4301102
9日,日本,新千歳,日本,羽田,09:00,60,10,1680000,30000,56,小規模運航,120,2100000,1,1,4,35,40,85.2537622
9日,日本,新千歳,日本,羽田,09:30,60,10,1620000,30000,54,小規模運航,120,2100000,1,1,4,35,40,86.4909612
9日,日本,新千歳,日本,羽田,10:00,60,10,1320000,30000,44,小規模運航,120,2100000,1,1,4,35,40,97.5367263
9日,日本,新千歳,日本,羽田,10:30,60,10,1380000,30000,46,小規模運航,120,2100000,1,1,4,35,40,98.2636136
9日,日本,新千歳,日本,羽田,11:00,60,10,1470000,30000,49,小規模運航,120,2100000,1,1,4,35,40,88.7053254
9日,日本,新千歳,日本,羽田,11:30,60,10,1290000,30000,43,小規模運航,120,2100000,1,1,4,35,40,97.2557146
9日,日本,新千歳,日本,羽田,12:00,60,10,1410000,30000,47,小規模運航,120,2100000,1,1,4,35,40,92.7645644
9日,日本,新千歳,日本,羽田,12:30,60,10,1500000,30000,50,小規模運航,120,2100000,1,1,4,35,40,95.7127919
9日,日本,新千歳,日本,羽田,13:00,60,10,1410000,30000,47,小規模運航,120,2100000,1,1,4,35,40,93.1203096
9日,日本,新千歳,日本,羽田,13:30,60,10,1380000,30000,46,小規模運航,120,2100000,1,1,4,35,40,85.3845296
9日,日本,新千歳,日本,羽田,14:00,60,10,1440000,30000,48,小規模運航,120,2100000,1,1,4,35,40,97.2678231
9日,日本,新千歳,日本,羽田,14:30,60,10,1290000,30000,43,小規模運航,120,2100000,1,1,4,35,40,89.6142997
9日,日本,新千歳,日本,羽田,15:00,60,10,1410000,30000,47,小規模運航,120,2100000,1,1,4,35,40,94.011385
9日,日本,新千歳,日本,羽田,15:30,60,10,1290000,30000,43,小規模運航,120,2100000,1,1,4,35,40,74.1439112
9日,日本,新千歳,日本,羽田,16:00,60,10,1440000,30000,48,小規模運航,120,2100000,1,1,4,35,40,96.062223
9日,日本,新千歳,日本,羽田,16:30,60,10,1410000,30000,47,小規模運航,120,2100000,1,1,4,35,40,95.9612587
9日,日本,新千歳,日本,羽田,17:00,60,10,1620000,30000,54,小規模運航,120,2100000,1,1,4,35,40,96.2170359
9日,日本,新千歳,日本,羽田,17:30,60,10,1770000,30000,59,小規模運航,120,2100000,1,1,4,35,40,96.1330804
9日,日本,新千歳,日本,羽田,18:00,60,10,1770000,30000,59,小規模運航,120,2100000,1,1,4,35,40,84.9411845
9日,日本,新千歳,日本,羽田,18:30,60,10,1650000,30000,55,小規模運航,120,2100000,1,1,4,35,40,88.1561903
9日,日本,新千歳,日本,羽田,19:00,60,10,1770000,30000,59,小規模運航,120,2100000,1,1,4,35,40,99.043789
9日,日本,新千歳,日本,羽田,19:30,60,10,1620000,30000,54,小規模運航,120,2100000,1,1,4,35,40,80.2984463
9日,日本,新千歳,日本,羽田,20:00,60,10,1410000,30000,47,小規模運航,120,2100000,1,1,4,35,40,95.7392969
9日,日本,新千歳,日本,羽田,20:30,60,10,1260000,30000,42,小規模運航,120,2100000,1,1,4,35,40,82.8682232
9日,日本,新千歳,日本,羽田,21:00,60,10,1290000,30000,43,小規模運航,120,2100000,1,1,4,35,40,94.1409435
9日,日本,新千歳,日本,羽田,21:30,60,10,1380000,30000,46,小規模運航,120,2100000,1,1,4,35,40,75.6275603
9日,日本,新千歳,日本,羽田,22:00,60,10,1230000,30000,41,小規模運航,120,2100000,1,1,4,35,40,97.8510432
9日,日本,新千歳,日本,羽田,22:30,60,10,1140000,30000,38,小規模運航,120,2100000,1,1,4,35,40,65.7989707
10日,日本,新千歳,日本,羽田,07:00,60,10,1170000,30000,39,小規模運航,120,2100000,1,1,4,35,40,90.43036
10日,日本,新千歳,日本,羽田,07:30,60,10,1020000,30000,34,小規模運航,120,2100000,1,1,4,35,40,81.6390423
10日,日本,新千歳,日本,羽田,08:00,60,10,1530000,30000,51,小規模運航,120,2100000,1,1,4,35,40,88.593787
10日,日本,新千歳,日本,羽田,08:30,60,10,1680000,30000,56,小規模運航,120,2100000,1,1,4,35,40,97.3906932
10日,日本,新千歳,日本,羽田,09:00,60,10,1770000,30000,59,小規模運航,120,2100000,1,1,4,35,40,96.9635041
10日,日本,新千歳,日本,羽田,09:30,60,10,1770000,30000,59,小規模運航,120,2100000,1,1,4,35,40,95.5949228
10日,日本,新千歳,日本,羽田,10:00,60,10,1290000,30000,43,小規模運航,120,2100000,1,1,4,35,40,94.8015526
10日,日本,新千歳,日本,羽田,10:30,60,10,1530000,30000,51,小規模運航,120,2100000,1,1,4,35,40,94.4066729
10日,日本,新千歳,日本,羽田,11:00,60,10,1500000,30000,50,小規模運航,120,2100000,1,1,4,35,40,98.0770595
10日,日本,新千歳,日本,羽田,11:30,60,10,1440000,30000,48,小規模運航,120,2100000,1,1,4,35,40,82.7866342
10日,日本,新千歳,日本,羽田,12:00,60,10,1260000,30000,42,小規模運航,120,2100000,1,1,4,35,40,96.7917466
10日,日本,新千歳,日本,羽田,12:30,60,10,1290000,30000,43,小規模運航,120,2100000,1,1,4,35,40,85.4681822
10日,日本,新千歳,日本,羽田,13:00,60,10,1320000,30000,44,小規模運航,120,2100000,1,1,4,35,40,76.7574625
10日,日本,新千歳,日本,羽田,13:30,60,10,1260000,30000,42,小規模運航,120,2100000,1,1,4,35,40,89.2196707
10日,日本,新千歳,日本,羽田,14:00,60,10,1440000,30000,48,小規模運航,120,2100000,1,1,4,35,40,97.2678231
10日,日本,新千歳,日本,羽田,14:30,60,10,1290000,30000,43,小規模運航,120,2100000,1,1,4,35,40,89.6142997
10日,日本,新千歳,日本,羽田,15:00,60,10,1380000,30000,46,小規模運航,120,2100000,1,1,4,35,40,97.2499124
10日,日本,新千歳,日本,羽田,15:30,60,10,1260000,30000,42,小規模運航,120,2100000,1,1,4,35,40,97.9306716
10日,日本,新千歳,日本,羽田,16:00,60,10,1350000,30000,45,小規模運航,120,2100000,1,1,4,35,40,98.0207442
10日,日本,新千歳,日本,羽田,16:30,60,10,1290000,30000,43,小規模運航,120,2100000,1,1,4,35,40,96.9797879
10日,日本,新千歳,日本,羽田,17:00,60,10,1530000,30000,51,小規模運航,120,2100000,1,1,4,35,40,93.1425468
10日,日本,新千歳,日本,羽田,17:30,60,10,1740000,30000,58,小規模運航,120,2100000,1,1,4,35,40,98.3463256
10日,日本,新千歳,日本,羽田,18:00,60,10,1800000,30000,60,小規模運航,120,2100000,1,1,4,35,40,99.0500596
10日,日本,新千歳,日本,羽田,18:30,60,10,1650000,30000,55,小規模運航,120,2100000,1,1,4,35,40,88.1561903
10日,日本,新千歳,日本,羽田,19:00,60,10,1710000,30000,57,小規模運航,120,2100000,1,1,4,35,40,98.0281096
10日,日本,新千歳,日本,羽田,19:30,60,10,1710000,30000,57,小規模運航,120,2100000,1,1,4,35,40,86.2182322
10日,日本,新千歳,日本,羽田,20:00,60,10,1470000,30000,49,小規模運航,120,2100000,1,1,4,35,40,96.9936966
10日,日本,新千歳,日本,羽田,20:30,60,10,1260000,30000,42,小規模運航,120,2100000,1,1,4,35,40,82.8682232
10日,日本,新千歳,日本,羽田,21:00,60,10,1320000,30000,44,小規模運航,120,2100000,1,1,4,35,40,98.3916431
10日,日本,新千歳,日本,羽田,21:30,60,10,1260000,30000,42,小規模運航,120,2100000,1,1,4,35,40,88.3946715
10日,日本,新千歳,日本,羽田,22:00,60,10,1020000,30000,34,小規模運航,120,2100000,1,1,4,35,40,95.5202717
10日,日本,新千歳,日本,羽田,22:30,60,10,1230000,30000,41,小規模運航,120,2100000,1,1,4,35,40,93.6808227
11日,日本,新千歳,日本,羽田,07:00,60,10,1200000,30000,40,小規模運航,120,2100000,1,1,4,35,40,96.1584536
11日,日本,新千歳,日本,羽田,07:30,60,10,1050000,30000,35,小規模運航,120,2100000,1,1,4,35,40,79.5276315
11日,日本,新千歳,日本,羽田,08:00,60,10,1560000,30000,52,小規模運航,120,2100000,1,1,4,35,40,95.2791718
11日,日本,新千歳,日本,羽田,08:30,60,10,1560000,30000,52,小規模運航,120,2100000,1,1,4,35,40,86.768679
11日,日本,新千歳,日本,羽田,09:00,60,10,1770000,30000,59,小規模運航,120,2100000,1,1,4,35,40,96.9635041
11日,日本,新千歳,日本,羽田,09:30,60,10,1740000,30000,58,小規模運航,120,2100000,1,1,4,35,40,95.0960013
11日,日本,新千歳,日本,羽田,10:00,60,10,1440000,30000,48,小規模運航,120,2100000,1,1,4,35,40,95.7384449
11日,日本,新千歳,日本,羽田,10:30,60,10,1440000,30000,48,小規模運航,120,2100000,1,1,4,35,40,97.1855331
11日,日本,新千歳,日本,羽田,11:00,60,10,1410000,30000,47,小規模運航,120,2100000,1,1,4,35,40,85.9781364
11日,日本,新千歳,日本,羽田,11:30,60,10,1410000,30000,47,小規模運航,120,2100000,1,1,4,35,40,88.309677
11日,日本,新千歳,日本,羽田,12:00,60,10,1350000,30000,45,小規模運航,120,2100000,1,1,4,35,40,98.2048824
11日,日本,新千歳,日本,羽田,12:30,60,10,1440000,30000,48,小規模運航,120,2100000,1,1,4,35,40,97.5845493
11日,日本,新千歳,日本,羽田,13:00,60,10,1440000,30000,48,小規模運航,120,2100000,1,1,4,35,40,97.7930531
11日,日本,新千歳,日本,羽田,13:30,60,10,1440000,30000,48,小規模運航,120,2100000,1,1,4,35,40,95.5109602
11日,日本,新千歳,日本,羽田,14:00,60,10,1290000,30000,43,小規模運航,120,2100000,1,1,4,35,40,95.5066329
11日,日本,新千歳,日本,羽田,14:30,60,10,1470000,30000,49,小規模運航,120,2100000,1,1,4,35,40,68.4945568
11日,日本,新千歳,日本,羽田,15:00,60,10,1290000,30000,43,小規模運航,120,2100000,1,1,4,35,40,80.7126774
11日,日本,新千歳,日本,羽田,15:30,60,10,1290000,30000,43,小規模運航,120,2100000,1,1,4,35,40,74.1439112
11日,日本,新千歳,日本,羽田,16:00,60,10,1290000,30000,43,小規模運航,120,2100000,1,1,4,35,40,97.9040578
11日,日本,新千歳,日本,羽田,16:30,60,10,1470000,30000,49,小規模運航,120,2100000,1,1,4,35,40,98.0935395
11日,日本,新千歳,日本,羽田,17:00,60,10,1590000,30000,53,小規模運航,120,2100000,1,1,4,35,40,96.2364464
11日,日本,新千歳,日本,羽田,17:30,60,10,1770000,30000,59,小規模運航,120,2100000,1,1,4,35,40,96.1330804
11日,日本,新千歳,日本,羽田,18:00,60,10,1770000,30000,59,小規模運航,120,2100000,1,1,4,35,40,84.9411845
11日,日本,新千歳,日本,羽田,18:30,60,10,1650000,30000,55,小規模運航,120,2100000,1,1,4,35,40,88.1561903
11日,日本,新千歳,日本,羽田,19:00,60,10,1560000,30000,52,小規模運航,120,2100000,1,1,4,35,40,89.6021173
11日,日本,新千歳,日本,羽田,19:30,60,10,1560000,30000,52,小規模運航,120,2100000,1,1,4,35,40,93.1348836
11日,日本,新千歳,日本,羽田,20:00,60,10,1500000,30000,50,小規模運航,120,2100000,1,1,4,35,40,94.6516003
11日,日本,新千歳,日本,羽田,20:30,60,10,1260000,30000,42,小規模運航,120,2100000,1,1,4,35,40,82.8682232
11日,日本,新千歳,日本,羽田,21:00,60,10,1470000,30000,49,小規模運航,120,2100000,1,1,4,35,40,79.5104662
11日,日本,新千歳,日本,羽田,21:30,60,10,1410000,30000,47,小規模運航,120,2100000,1,1,4,35,40,97.1770062
11日,日本,新千歳,日本,羽田,22:00,60,10,1170000,30000,39,小規模運航,120,2100000,1,1,4,35,40,81.4978971
11日,日本,新千歳,日本,羽田,22:30,60,10,1170000,30000,39,小規模運航,120,2100000,1,1,4,35,40,91.960956
12日,日本,新千歳,日本,羽田,07:00,60,10,1020000,30000,34,小規模運航,120,2100000,1,1,4,35,40,63.6931312
12日,日本,新千歳,日本,羽田,07:30,60,10,1200000,30000,40,小規模運航,120,2100000,1,1,4,35,40,88.6683257
12日,日本,新千歳,日本,羽田,08:00,60,10,1680000,30000,56,小規模運航,120,2100000,1,1,4,35,40,92.0671918
12日,日本,新千歳,日本,羽田,08:30,60,10,1710000,30000,57,小規模運航,120,2100000,1,1,4,35,40,98.8583315
12日,日本,新千歳,日本,羽田,09:00,60,10,1530000,30000,51,小規模運航,120,2100000,1,1,4,35,40,95.9210324
12日,日本,新千歳,日本,羽田,09:30,60,10,1770000,30000,59,小規模運航,120,2100000,1,1,4,35,40,95.5949228
12日,日本,新千歳,日本,羽田,10:00,60,10,1320000,30000,44,小規模運航,120,2100000,1,1,4,35,40,97.5367263
12日,日本,新千歳,日本,羽田,10:30,60,10,1440000,30000,48,小規模運航,120,2100000,1,1,4,35,40,97.1855331
12日,日本,新千歳,日本,羽田,11:00,60,10,1350000,30000,45,小規模運航,120,2100000,1,1,4,35,40,92.6920606
12日,日本,新千歳,日本,羽田,11:30,60,10,1500000,30000,50,小規模運航,120,2100000,1,1,4,35,40,94.3261802
12日,日本,新千歳,日本,羽田,12:00,60,10,1320000,30000,44,小規模運航,120,2100000,1,1,4,35,40,75.5247555
12日,日本,新千歳,日本,羽田,12:30,60,10,1500000,30000,50,小規模運航,120,2100000,1,1,4,35,40,95.7127919
12日,日本,新千歳,日本,羽田,13:00,60,10,1320000,30000,44,小規模運航,120,2100000,1,1,4,35,40,76.7574625
12日,日本,新千歳,日本,羽田,13:30,60,10,1320000,30000,44,小規模運航,120,2100000,1,1,4,35,40,79.7882811
12日,日本,新千歳,日本,羽田,14:00,60,10,1290000,30000,43,小規模運航,120,2100000,1,1,4,35,40,95.5066329
12日,日本,新千歳,日本,羽田,14:30,60,10,1260000,30000,42,小規模運航,120,2100000,1,1,4,35,40,97.0585818
12日,日本,新千歳,日本,羽田,15:00,60,10,1260000,30000,42,小規模運航,120,2100000,1,1,4,35,40,95.8359231
12日,日本,新千歳,日本,羽田,15:30,60,10,1530000,30000,51,小規模運航,120,2100000,1,1,4,35,40,86.2077908
12日,日本,新千歳,日本,羽田,16:00,60,10,1410000,30000,47,小規模運航,120,2100000,1,1,4,35,40,81.9302965
12日,日本,新千歳,日本,羽田,16:30,60,10,1290000,30000,43,小規模運航,120,2100000,1,1,4,35,40,96.9797879
12日,日本,新千歳,日本,羽田,17:00,60,10,1680000,30000,56,小規模運航,120,2100000,1,1,4,35,40,95.624984
12日,日本,新千歳,日本,羽田,17:30,60,10,1710000,30000,57,小規模運航,120,2100000,1,1,4,35,40,87.3420435
12日,日本,新千歳,日本,羽田,18:00,60,10,1770000,30000,59,小規模運航,120,2100000,1,1,4,35,40,84.9411845
12日,日本,新千歳,日本,羽田,18:30,60,10,1530000,30000,51,小規模運航,120,2100000,1,1,4,35,40,91.8789052
12日,日本,新千歳,日本,羽田,19:00,60,10,1710000,30000,57,小規模運航,120,2100000,1,1,4,35,40,98.0281096
12日,日本,新千歳,日本,羽田,19:30,60,10,1710000,30000,57,小規模運航,120,2100000,1,1,4,35,40,86.2182322
12日,日本,新千歳,日本,羽田,20:00,60,10,1260000,30000,42,小規模運航,120,2100000,1,1,4,35,40,93.7150732
12日,日本,新千歳,日本,羽田,20:30,60,10,1410000,30000,47,小規模運航,120,2100000,1,1,4,35,40,95.1748179
12日,日本,新千歳,日本,羽田,21:00,60,10,1500000,30000,50,小規模運航,120,2100000,1,1,4,35,40,92.66005
12日,日本,新千歳,日本,羽田,21:30,60,10,1530000,30000,51,小規模運航,120,2100000,1,1,4,35,40,98.0943834
12日,日本,新千歳,日本,羽田,22:00,60,10,1020000,30000,34,小規模運航,120,2100000,1,1,4,35,40,95.5202717
12日,日本,新千歳,日本,羽田,22:30,60,10,1230000,30000,41,小規模運航,120,2100000,1,1,4,35,40,93.6808227
13日,日本,新千歳,日本,羽田,07:00,60,10,1200000,30000,40,小規模運航,120,2100000,1,1,4,35,40,96.1584536
13日,日本,新千歳,日本,羽田,07:30,60,10,1110000,30000,37,小規模運航,120,2100000,1,1,4,35,40,71.4659758
13日,日本,新千歳,日本,羽田,08:00,60,10,1770000,30000,59,小規模運航,120,2100000,1,1,4,35,40,92.374286
13日,日本,新千歳,日本,羽田,08:30,60,10,1710000,30000,57,小規模運航,120,2100000,1,1,4,35,40,98.8583315
13日,日本,新千歳,日本,羽田,09:00,60,10,1680000,30000,56,小規模運航,120,2100000,1,1,4,35,40,85.2537622
13日,日本,新千歳,日本,羽田,09:30,60,10,1560000,30000,52,小規模運航,120,2100000,1,1,4,35,40,90.4951389
13日,日本,新千歳,日本,羽田,10:00,60,10,1410000,30000,47,小規模運航,120,2100000,1,1,4,35,40,95.7230954
13日,日本,新千歳,日本,羽田,10:30,60,10,1410000,30000,47,小規模運航,120,2100000,1,1,4,35,40,96.8049256
13日,日本,新千歳,日本,羽田,11:00,60,10,1410000,30000,47,小規模運航,120,2100000,1,1,4,35,40,85.9781364
13日,日本,新千歳,日本,羽田,11:30,60,10,1470000,30000,49,小規模運航,120,2100000,1,1,4,35,40,94.246245
13日,日本,新千歳,日本,羽田,12:00,60,10,1290000,30000,43,小規模運航,120,2100000,1,1,4,35,40,98.2660124
13日,日本,新千歳,日本,羽田,12:30,60,10,1350000,30000,45,小規模運航,120,2100000,1,1,4,35,40,92.2274413
13日,日本,新千歳,日本,羽田,13:00,60,10,1410000,30000,47,小規模運航,120,2100000,1,1,4,35,40,93.1203096
13日,日本,新千歳,日本,羽田,13:30,60,10,1410000,30000,47,小規模運航,120,2100000,1,1,4,35,40,97.2202954
13日,日本,新千歳,日本,羽田,14:00,60,10,1530000,30000,51,小規模運航,120,2100000,1,1,4,35,40,90.9677208
13日,日本,新千歳,日本,羽田,14:30,60,10,1320000,30000,44,小規模運航,120,2100000,1,1,4,35,40,91.7089843
13日,日本,新千歳,日本,羽田,15:00,60,10,1320000,30000,44,小規模運航,120,2100000,1,1,4,35,40,91.1243822
13日,日本,新千歳,日本,羽田,15:30,60,10,1350000,30000,45,小規模運航,120,2100000,1,1,4,35,40,98.0842586
13日,日本,新千歳,日本,羽田,16:00,60,10,1500000,30000,50,小規模運航,120,2100000,1,1,4,35,40,98.0907279
13日,日本,新千歳,日本,羽田,16:30,60,10,1410000,30000,47,小規模運航,120,2100000,1,1,4,35,40,95.9612587
13日,日本,新千歳,日本,羽田,17:00,60,10,1590000,30000,53,小規模運航,120,2100000,1,1,4,35,40,96.2364464
13日,日本,新千歳,日本,羽田,17:30,60,10,1770000,30000,59,小規模運航,120,2100000,1,1,4,35,40,96.1330804
13日,日本,新千歳,日本,羽田,18:00,60,10,1770000,30000,59,小規模運航,120,2100000,1,1,4,35,40,84.9411845
13日,日本,新千歳,日本,羽田,18:30,60,10,1650000,30000,55,小規模運航,120,2100000,1,1,4,35,40,88.1561903
13日,日本,新千歳,日本,羽田,19:00,60,10,1650000,30000,55,小規模運航,120,2100000,1,1,4,35,40,84.5490875
13日,日本,新千歳,日本,羽田,19:30,60,10,1560000,30000,52,小規模運航,120,2100000,1,1,4,35,40,93.1348836
13日,日本,新千歳,日本,羽田,20:00,60,10,1410000,30000,47,小規模運航,120,2100000,1,1,4,35,40,95.7392969
13日,日本,新千歳,日本,羽田,20:30,60,10,1530000,30000,51,小規模運航,120,2100000,1,1,4,35,40,93.1580145
13日,日本,新千歳,日本,羽田,21:00,60,10,1530000,30000,51,小規模運航,120,2100000,1,1,4,35,40,91.6153134
13日,日本,新千歳,日本,羽田,21:30,60,10,1470000,30000,49,小規模運航,120,2100000,1,1,4,35,40,94.4237869
13日,日本,新千歳,日本,羽田,22:00,60,10,1200000,30000,40,小規模運航,120,2100000,1,1,4,35,40,82.4932959
13日,日本,新千歳,日本,羽田,22:30,60,10,1140000,30000,38,小規模運航,120,2100000,1,1,4,35,40,65.7989707
14日,日本,新千歳,日本,羽田,07:00,60,10,1140000,30000,38,小規模運航,120,2100000,1,1,4,35,40,88.4747251
14日,日本,新千歳,日本,羽田,07:30,60,10,1020000,30000,34,小規模運航,120,2100000,1,1,4,35,40,81.6390423
14日,日本,新千歳,日本,羽田,08:00,60,10,1620000,30000,54,小規模運航,120,2100000,1,1,4,35,40,87.8421101
14日,日本,新千歳,日本,羽田,08:30,60,10,1740000,30000,58,小規模運航,120,2100000,1,1,4,35,40,87.4259658
14日,日本,新千歳,日本,羽田,09:00,60,10,1770000,30000,59,小規模運航,120,2100000,1,1,4,35,40,96.9635041
14日,日本,新千歳,日本,羽田,09:30,60,10,1650000,30000,55,小規模運航,120,2100000,1,1,4,35,40,84.5654493
14日,日本,新千歳,日本,羽田,10:00,60,10,1410000,30000,47,小規模運航,120,2100000,1,1,4,35,40,95.7230954
14日,日本,新千歳,日本,羽田,10:30,60,10,1500000,30000,50,小規模運航,120,2100000,1,1,4,35,40,91.7100267
14日,日本,新千歳,日本,羽田,11:00,60,10,1350000,30000,45,小規模運航,120,2100000,1,1,4,35,40,92.6920606
14日,日本,新千歳,日本,羽田,11:30,60,10,1320000,30000,44,小規模運航,120,2100000,1,1,4,35,40,97.0789846
14日,日本,新千歳,日本,羽田,12:00,60,10,1470000,30000,49,小規模運航,120,2100000,1,1,4,35,40,97.4377319
14日,日本,新千歳,日本,羽田,12:30,60,10,1260000,30000,42,小規模運航,120,2100000,1,1,4,35,40,97.7244524
14日,日本,新千歳,日本,羽田,13:00,60,10,1470000,30000,49,小規模運航,120,2100000,1,1,4,35,40,96.1998737
14日,日本,新千歳,日本,羽田,13:30,60,10,1350000,30000,45,小規模運航,120,2100000,1,1,4,35,40,83.3697585
14日,日本,新千歳,日本,羽田,14:00,60,10,1440000,30000,48,小規模運航,120,2100000,1,1,4,35,40,97.2678231
14日,日本,新千歳,日本,羽田,14:30,60,10,1410000,30000,47,小規模運航,120,2100000,1,1,4,35,40,96.6741756
14日,日本,新千歳,日本,羽田,15:00,60,10,1470000,30000,49,小規模運航,120,2100000,1,1,4,35,40,90.4041223
14日,日本,新千歳,日本,羽田,15:30,60,10,1470000,30000,49,小規模運航,120,2100000,1,1,4,35,40,92.3654121
14日,日本,新千歳,日本,羽田,16:00,60,10,1410000,30000,47,小規模運航,120,2100000,1,1,4,35,40,81.9302965
14日,日本,新千歳,日本,羽田,16:30,60,10,1440000,30000,48,小規模運航,120,2100000,1,1,4,35,40,93.5653223
14日,日本,新千歳,日本,羽田,17:00,60,10,1800000,30000,60,小規模運航,120,2100000,1,1,4,35,40,96.3587183
14日,日本,新千歳,日本,羽田,17:30,60,10,1620000,30000,54,小規模運航,120,2100000,1,1,4,35,40,98.9432358
14日,日本,新千歳,日本,羽田,18:00,60,10,1770000,30000,59,小規模運航,120,2100000,1,1,4,35,40,84.9411845
14日,日本,新千歳,日本,羽田,18:30,60,10,1710000,30000,57,小規模運航,120,2100000,1,1,4,35,40,96.8313918
14日,日本,新千歳,日本,羽田,19:00,60,10,1770000,30000,59,小規模運航,120,2100000,1,1,4,35,40,99.043789
14日,日本,新千歳,日本,羽田,19:30,60,10,1530000,30000,51,小規模運航,120,2100000,1,1,4,35,40,97.5568068
14日,日本,新千歳,日本,羽田,20:00,60,10,1410000,30000,47,小規模運航,120,2100000,1,1,4,35,40,95.7392969
14日,日本,新千歳,日本,羽田,20:30,60,10,1470000,30000,49,小規模運航,120,2100000,1,1,4,35,40,93.9567077
14日,日本,新千歳,日本,羽田,21:00,60,10,1500000,30000,50,小規模運航,120,2100000,1,1,4,35,40,92.66005
14日,日本,新千歳,日本,羽田,21:30,60,10,1380000,30000,46,小規模運航,120,2100000,1,1,4,35,40,75.6275603
14日,日本,新千歳,日本,羽田,22:00,60,10,1140000,30000,38,小規模運航,120,2100000,1,1,4,35,40,72.1498125
14日,日本,新千歳,日本,羽田,22:30,60,10,1170000,30000,39,小規模運航,120,2100000,1,1,4,35,40,91.960956
15日,日本,新千歳,日本,羽田,07:00,60,10,1110000,30000,37,小規模運航,120,2100000,1,1,4,35,40,66.8491038
15日,日本,新千歳,日本,羽田,07:30,60,10,1020000,30000,34,小規模運航,120,2100000,1,1,4,35,40,81.6390423
15日,日本,新千歳,日本,羽田,08:00,60,10,1680000,30000,56,小規模運航,120,2100000,1,1,4,35,40,92.0671918
15日,日本,新千歳,日本,羽田,08:30,60,10,1770000,30000,59,小規模運航,120,2100000,1,1,4,35,40,97.4301102
15日,日本,新千歳,日本,羽田,09:00,60,10,1530000,30000,51,小規模運航,120,2100000,1,1,4,35,40,95.9210324
15日,日本,新千歳,日本,羽田,09:30,60,10,1620000,30000,54,小規模運航,120,2100000,1,1,4,35,40,86.4909612
15日,日本,新千歳,日本,羽田,10:00,60,10,1410000,30000,47,小規模運航,120,2100000,1,1,4,35,40,95.7230954
15日,日本,新千歳,日本,羽田,10:30,60,10,1500000,30000,50,小規模運航,120,2100000,1,1,4,35,40,91.7100267
15日,日本,新千歳,日本,羽田,11:00,60,10,1410000,30000,47,小規模運航,120,2100000,1,1,4,35,40,85.9781364
15日,日本,新千歳,日本,羽田,11:30,60,10,1410000,30000,47,小規模運航,120,2100000,1,1,4,35,40,88.309677
15日,日本,新千歳,日本,羽田,12:00,60,10,1470000,30000,49,小規模運航,120,2100000,1,1,4,35,40,97.4377319
15日,日本,新千歳,日本,羽田,12:30,60,10,1440000,30000,48,小規模運航,120,2100000,1,1,4,35,40,97.5845493
15日,日本,新千歳,日本,羽田,13:00,60,10,1410000,30000,47,小規模運航,120,2100000,1,1,4,35,40,93.1203096
15日,日本,新千歳,日本,羽田,13:30,60,10,1500000,30000,50,小規模運航,120,2100000,1,1,4,35,40,97.7162627
15日,日本,新千歳,日本,羽田,14:00,60,10,1320000,30000,44,小規模運航,120,2100000,1,1,4,35,40,96.8605879
15日,日本,新千歳,日本,羽田,14:30,60,10,1440000,30000,48,小規模運航,120,2100000,1,1,4,35,40,93.4707534
15日,日本,新千歳,日本,羽田,15:00,60,10,1470000,30000,49,小規模運航,120,2100000,1,1,4,35,40,90.4041223
15日,日本,新千歳,日本,羽田,15:30,60,10,1470000,30000,49,小規模運航,120,2100000,1,1,4,35,40,92.3654121
15日,日本,新千歳,日本,羽田,16:00,60,10,1500000,30000,50,小規模運航,120,2100000,1,1,4,35,40,98.0907279
15日,日本,新千歳,日本,羽田,16:30,60,10,1440000,30000,48,小規模運航,120,2100000,1,1,4,35,40,93.5653223
15日,日本,新千歳,日本,羽田,17:00,60,10,1770000,30000,59,小規模運航,120,2100000,1,1,4,35,40,97.5294466
15日,日本,新千歳,日本,羽田,17:30,60,10,1710000,30000,57,小規模運航,120,2100000,1,1,4,35,40,87.3420435
15日,日本,新千歳,日本,羽田,18:00,60,10,1650000,30000,55,小規模運航,120,2100000,1,1,4,35,40,95.9815619
15日,日本,新千歳,日本,羽田,18:30,60,10,1710000,30000,57,小規模運航,120,2100000,1,1,4,35,40,96.8313918
15日,日本,新千歳,日本,羽田,19:00,60,10,1710000,30000,57,小規模運航,120,2100000,1,1,4,35,40,98.0281096
15日,日本,新千歳,日本,羽田,19:30,60,10,1770000,30000,59,小規模運航,120,2100000,1,1,4,35,40,91.133992
15日,日本,新千歳,日本,羽田,20:00,60,10,1320000,30000,44,小規模運航,120,2100000,1,1,4,35,40,95.2505098
15日,日本,新千歳,日本,羽田,20:30,60,10,1410000,30000,47,小規模運航,120,2100000,1,1,4,35,40,95.1748179
15日,日本,新千歳,日本,羽田,21:00,60,10,1260000,30000,42,小規模運航,120,2100000,1,1,4,35,40,93.7485701
15日,日本,新千歳,日本,羽田,21:30,60,10,1470000,30000,49,小規模運航,120,2100000,1,1,4,35,40,94.4237869
15日,日本,新千歳,日本,羽田,22:00,60,10,1110000,30000,37,小規模運航,120,2100000,1,1,4,35,40,95.560883
15日,日本,新千歳,日本,羽田,22:30,60,10,1230000,30000,41,小規模運航,120,2100000,1,1,4,35,40,93.6808227
16日,日本,新千歳,日本,羽田,07:00,60,10,1110000,30000,37,小規模運航,120,2100000,1,1,4,35,40,66.8491038
16日,日本,新千歳,日本,羽田,07:30,60,10,1140000,30000,38,小規模運航,120,2100000,1,1,4,35,40,75.2586533
16日,日本,新千歳,日本,羽田,08:00,60,10,1740000,30000,58,小規模運航,120,2100000,1,1,4,35,40,98.2383114
16日,日本,新千歳,日本,羽田,08:30,60,10,1800000,30000,60,小規模運航,120,2100000,1,1,4,35,40,86.9881381
16日,日本,新千歳,日本,羽田,09:00,60,10,1740000,30000,58,小規模運航,120,2100000,1,1,4,35,40,98.9009649
16日,日本,新千歳,日本,羽田,09:30,60,10,1740000,30000,58,小規模運航,120,2100000,1,1,4,35,40,95.0960013
16日,日本,新千歳,日本,羽田,10:00,60,10,1350000,30000,45,小規模運航,120,2100000,1,1,4,35,40,89.7555467
16日,日本,新千歳,日本,羽田,10:30,60,10,1290000,30000,43,小規模運航,120,2100000,1,1,4,35,40,77.2611638
16日,日本,新千歳,日本,羽田,11:00,60,10,1380000,30000,46,小規模運航,120,2100000,1,1,4,35,40,97.1917754
16日,日本,新千歳,日本,羽田,11:30,60,10,1440000,30000,48,小規模運航,120,2100000,1,1,4,35,40,82.7866342
16日,日本,新千歳,日本,羽田,12:00,60,10,1470000,30000,49,小規模運航,120,2100000,1,1,4,35,40,97.4377319
16日,日本,新千歳,日本,羽田,12:30,60,10,1410000,30000,47,小規模運航,120,2100000,1,1,4,35,40,96.5200925
16日,日本,新千歳,日本,羽田,13:00,60,10,1290000,30000,43,小規模運航,120,2100000,1,1,4,35,40,96.7014722
16日,日本,新千歳,日本,羽田,13:30,60,10,1260000,30000,42,小規模運航,120,2100000,1,1,4,35,40,89.2196707
16日,日本,新千歳,日本,羽田,14:00,60,10,1440000,30000,48,小規模運航,120,2100000,1,1,4,35,40,97.2678231
16日,日本,新千歳,日本,羽田,14:30,60,10,1380000,30000,46,小規模運航,120,2100000,1,1,4,35,40,85.6894921
16日,日本,新千歳,日本,羽田,15:00,60,10,1350000,30000,45,小規模運航,120,2100000,1,1,4,35,40,88.7009125
16日,日本,新千歳,日本,羽田,15:30,60,10,1440000,30000,48,小規模運航,120,2100000,1,1,4,35,40,97.5504253
16日,日本,新千歳,日本,羽田,16:00,60,10,1500000,30000,50,小規模運航,120,2100000,1,1,4,35,40,98.0907279
16日,日本,新千歳,日本,羽田,16:30,60,10,1500000,30000,50,小規模運航,120,2100000,1,1,4,35,40,95.6954213
16日,日本,新千歳,日本,羽田,17:00,60,10,1680000,30000,56,小規模運航,120,2100000,1,1,4,35,40,95.624984
16日,日本,新千歳,日本,羽田,17:30,60,10,1770000,30000,59,小規模運航,120,2100000,1,1,4,35,40,96.1330804
16日,日本,新千歳,日本,羽田,18:00,60,10,1710000,30000,57,小規模運航,120,2100000,1,1,4,35,40,88.0058085
16日,日本,新千歳,日本,羽田,18:30,60,10,1770000,30000,59,小規模運航,120,2100000,1,1,4,35,40,94.921913
16日,日本,新千歳,日本,羽田,19:00,60,10,1680000,30000,56,小規模運航,120,2100000,1,1,4,35,40,85.4676425
16日,日本,新千歳,日本,羽田,19:30,60,10,1590000,30000,53,小規模運航,120,2100000,1,1,4,35,40,97.7663082
16日,日本,新千歳,日本,羽田,20:00,60,10,1410000,30000,47,小規模運航,120,2100000,1,1,4,35,40,95.7392969
16日,日本,新千歳,日本,羽田,20:30,60,10,1410000,30000,47,小規模運航,120,2100000,1,1,4,35,40,95.1748179
16日,日本,新千歳,日本,羽田,21:00,60,10,1410000,30000,47,小規模運航,120,2100000,1,1,4,35,40,88.1033113
16日,日本,新千歳,日本,羽田,21:30,60,10,1440000,30000,48,小規模運航,120,2100000,1,1,4,35,40,91.0008691
16日,日本,新千歳,日本,羽田,22:00,60,10,990000,30000,33,小規模運航,120,2100000,1,1,4,35,40,67.222518
16日,日本,新千歳,日本,羽田,22:30,60,10,1230000,30000,41,小規模運航,120,2100000,1,1,4,35,40,93.6808227
17日,日本,新千歳,日本,羽田,07:00,60,10,1050000,30000,35,小規模運航,120,2100000,1,1,4,35,40,89.2460829
17日,日本,新千歳,日本,羽田,07:30,60,10,1200000,30000,40,小規模運航,120,2100000,1,1,4,35,40,88.6683257
17日,日本,新千歳,日本,羽田,08:00,60,10,1560000,30000,52,小規模運航,120,2100000,1,1,4,35,40,95.2791718
17日,日本,新千歳,日本,羽田,08:30,60,10,1710000,30000,57,小規模運航,120,2100000,1,1,4,35,40,98.8583315
17日,日本,新千歳,日本,羽田,09:00,60,10,1710000,30000,57,小規模運航,120,2100000,1,1,4,35,40,98.5144074
17日,日本,新千歳,日本,羽田,09:30,60,10,1620000,30000,54,小規模運航,120,2100000,1,1,4,35,40,86.4909612
17日,日本,新千歳,日本,羽田,10:00,60,10,1530000,30000,51,小規模運航,120,2100000,1,1,4,35,40,97.3561445
17日,日本,新千歳,日本,羽田,10:30,60,10,1320000,30000,44,小規模運航,120,2100000,1,1,4,35,40,91.7522933
17日,日本,新千歳,日本,羽田,11:00,60,10,1260000,30000,42,小規模運航,120,2100000,1,1,4,35,40,96.9310756
17日,日本,新千歳,日本,羽田,11:30,60,10,1410000,30000,47,小規模運航,120,2100000,1,1,4,35,40,88.309677
17日,日本,新千歳,日本,羽田,12:00,60,10,1410000,30000,47,小規模運航,120,2100000,1,1,4,35,40,92.7645644
17日,日本,新千歳,日本,羽田,12:30,60,10,1320000,30000,44,小規模運航,120,2100000,1,1,4,35,40,97.8872643
17日,日本,新千歳,日本,羽田,13:00,60,10,1470000,30000,49,小規模運航,120,2100000,1,1,4,35,40,96.1998737
17日,日本,新千歳,日本,羽田,13:30,60,10,1410000,30000,47,小規模運航,120,2100000,1,1,4,35,40,97.2202954
17日,日本,新千歳,日本,羽田,14:00,60,10,1320000,30000,44,小規模運航,120,2100000,1,1,4,35,40,96.8605879
17日,日本,新千歳,日本,羽田,14:30,60,10,1530000,30000,51,小規模運航,120,2100000,1,1,4,35,40,75.4479542
17日,日本,新千歳,日本,羽田,15:00,60,10,1320000,30000,44,小規模運航,120,2100000,1,1,4,35,40,91.1243822
17日,日本,新千歳,日本,羽田,15:30,60,10,1260000,30000,42,小規模運航,120,2100000,1,1,4,35,40,97.9306716
17日,日本,新千歳,日本,羽田,16:00,60,10,1290000,30000,43,小規模運航,120,2100000,1,1,4,35,40,97.9040578
17日,日本,新千歳,日本,羽田,16:30,60,10,1320000,30000,44,小規模運航,120,2100000,1,1,4,35,40,95.971361
17日,日本,新千歳,日本,羽田,17:00,60,10,1770000,30000,59,小規模運航,120,2100000,1,1,4,35,40,97.5294466
17日,日本,新千歳,日本,羽田,17:30,60,10,1530000,30000,51,小規模運航,120,2100000,1,1,4,35,40,97.0804254
17日,日本,新千歳,日本,羽田,18:00,60,10,1560000,30000,52,小規模運航,120,2100000,1,1,4,35,40,97.6128603
17日,日本,新千歳,日本,羽田,18:30,60,10,1770000,30000,59,小規模運航,120,2100000,1,1,4,35,40,94.921913
17日,日本,新千歳,日本,羽田,19:00,60,10,1620000,30000,54,小規模運航,120,2100000,1,1,4,35,40,89.9607637
17日,日本,新千歳,日本,羽田,19:30,60,10,1710000,30000,57,小規模運航,120,2100000,1,1,4,35,40,86.2182322
17日,日本,新千歳,日本,羽田,20:00,60,10,1470000,30000,49,小規模運航,120,2100000,1,1,4,35,40,96.9936966
17日,日本,新千歳,日本,羽田,20:30,60,10,1470000,30000,49,小規模運航,120,2100000,1,1,4,35,40,93.9567077
17日,日本,新千歳,日本,羽田,21:00,60,10,1260000,30000,42,小規模運航,120,2100000,1,1,4,35,40,93.7485701
17日,日本,新千歳,日本,羽田,21:30,60,10,1500000,30000,50,小規模運航,120,2100000,1,1,4,35,40,92.3748796
17日,日本,新千歳,日本,羽田,22:00,60,10,1020000,30000,34,小規模運航,120,2100000,1,1,4,35,40,95.5202717
17日,日本,新千歳,日本,羽田,22:30,60,10,1200000,30000,40,小規模運航,120,2100000,1,1,4,35,40,96.0990345
18日,日本,新千歳,日本,羽田,07:00,60,10,1110000,30000,37,小規模運航,120,2100000,1,1,4,35,40,66.8491038
18日,日本,新千歳,日本,羽田,07:30,60,10,990000,30000,33,小規模運航,120,2100000,1,1,4,35,40,90.3225367
18日,日本,新千歳,日本,羽田,08:00,60,10,1650000,30000,55,小規模運航,120,2100000,1,1,4,35,40,94.8963497
18日,日本,新千歳,日本,羽田,08:30,60,10,1650000,30000,55,小規模運航,120,2100000,1,1,4,35,40,96.2418597
18日,日本,新千歳,日本,羽田,09:00,60,10,1590000,30000,53,小規模運航,120,2100000,1,1,4,35,40,98.5759663
18日,日本,新千歳,日本,羽田,09:30,60,10,1770000,30000,59,小規模運航,120,2100000,1,1,4,35,40,95.5949228
18日,日本,新千歳,日本,羽田,10:00,60,10,1410000,30000,47,小規模運航,120,2100000,1,1,4,35,40,95.7230954
18日,日本,新千歳,日本,羽田,10:30,60,10,1410000,30000,47,小規模運航,120,2100000,1,1,4,35,40,96.8049256
18日,日本,新千歳,日本,羽田,11:00,60,10,1320000,30000,44,小規模運航,120,2100000,1,1,4,35,40,94.6685324
18日,日本,新千歳,日本,羽田,11:30,60,10,1470000,30000,49,小規模運航,120,2100000,1,1,4,35,40,94.246245
18日,日本,新千歳,日本,羽田,12:00,60,10,1380000,30000,46,小規模運航,120,2100000,1,1,4,35,40,98.2560411
18日,日本,新千歳,日本,羽田,12:30,60,10,1530000,30000,51,小規模運航,120,2100000,1,1,4,35,40,88.2607427
18日,日本,新千歳,日本,羽田,13:00,60,10,1380000,30000,46,小規模運航,120,2100000,1,1,4,35,40,87.722527
18日,日本,新千歳,日本,羽田,13:30,60,10,1290000,30000,43,小規模運航,120,2100000,1,1,4,35,40,84.1396064
18日,日本,新千歳,日本,羽田,14:00,60,10,1410000,30000,47,小規模運航,120,2100000,1,1,4,35,40,98.3132927
18日,日本,新千歳,日本,羽田,14:30,60,10,1320000,30000,44,小規模運航,120,2100000,1,1,4,35,40,91.7089843
18日,日本,新千歳,日本,羽田,15:00,60,10,1350000,30000,45,小規模運航,120,2100000,1,1,4,35,40,88.7009125
18日,日本,新千歳,日本,羽田,15:30,60,10,1320000,30000,44,小規模運航,120,2100000,1,1,4,35,40,91.5661391
18日,日本,新千歳,日本,羽田,16:00,60,10,1440000,30000,48,小規模運航,120,2100000,1,1,4,35,40,96.062223
18日,日本,新千歳,日本,羽田,16:30,60,10,1530000,30000,51,小規模運航,120,2100000,1,1,4,35,40,98.0774949
18日,日本,新千歳,日本,羽田,17:00,60,10,1530000,30000,51,小規模運航,120,2100000,1,1,4,35,40,93.1425468
18日,日本,新千歳,日本,羽田,17:30,60,10,1680000,30000,56,小規模運航,120,2100000,1,1,4,35,40,91.9086476
18日,日本,新千歳,日本,羽田,18:00,60,10,1740000,30000,58,小規模運航,120,2100000,1,1,4,35,40,94.672891
18日,日本,新千歳,日本,羽田,18:30,60,10,1590000,30000,53,小規模運航,120,2100000,1,1,4,35,40,97.5486111
18日,日本,新千歳,日本,羽田,19:00,60,10,1530000,30000,51,小規模運航,120,2100000,1,1,4,35,40,93.9216624
18日,日本,新千歳,日本,羽田,19:30,60,10,1770000,30000,59,小規模運航,120,2100000,1,1,4,35,40,91.133992
18日,日本,新千歳,日本,羽田,20:00,60,10,1440000,30000,48,小規模運航,120,2100000,1,1,4,35,40,91.4627007
18日,日本,新千歳,日本,羽田,20:30,60,10,1470000,30000,49,小規模運航,120,2100000,1,1,4,35,40,93.9567077
18日,日本,新千歳,日本,羽田,21:00,60,10,1350000,30000,45,小規模運航,120,2100000,1,1,4,35,40,98.6564703
18日,日本,新千歳,日本,羽田,21:30,60,10,1500000,30000,50,小規模運航,120,2100000,1,1,4,35,40,92.3748796
18日,日本,新千歳,日本,羽田,22:00,60,10,1230000,30000,41,小規模運航,120,2100000,1,1,4,35,40,97.8510432
18日,日本,新千歳,日本,羽田,22:30,60,10,1110000,30000,37,小規模運航,120,2100000,1,1,4,35,40,91.2093984
19日,日本,新千歳,日本,羽田,07:00,60,10,1050000,30000,35,小規模運航,120,2100000,1,1,4,35,40,89.2460829
19日,日本,新千歳,日本,羽田,07:30,60,10,990000,30000,33,小規模運航,120,2100000,1,1,4,35,40,90.3225367
19日,日本,新千歳,日本,羽田,08:00,60,10,1650000,30000,55,小規模運航,120,2100000,1,1,4,35,40,94.8963497
19日,日本,新千歳,日本,羽田,08:30,60,10,1590000,30000,53,小規模運航,120,2100000,1,1,4,35,40,96.3585122
19日,日本,新千歳,日本,羽田,09:00,60,10,1770000,30000,59,小規模運航,120,2100000,1,1,4,35,40,96.9635041
19日,日本,新千歳,日本,羽田,09:30,60,10,1680000,30000,56,小規模運航,120,2100000,1,1,4,35,40,92.403798
19日,日本,新千歳,日本,羽田,10:00,60,10,1440000,30000,48,小規模運航,120,2100000,1,1,4,35,40,95.7384449
19日,日本,新千歳,日本,羽田,10:30,60,10,1320000,30000,44,小規模運航,120,2100000,1,1,4,35,40,91.7522933
19日,日本,新千歳,日本,羽田,11:00,60,10,1500000,30000,50,小規模運航,120,2100000,1,1,4,35,40,98.0770595
19日,日本,新千歳,日本,羽田,11:30,60,10,1410000,30000,47,小規模運航,120,2100000,1,1,4,35,40,88.309677
19日,日本,新千歳,日本,羽田,12:00,60,10,1530000,30000,51,小規模運航,120,2100000,1,1,4,35,40,95.0345665
19日,日本,新千歳,日本,羽田,12:30,60,10,1410000,30000,47,小規模運航,120,2100000,1,1,4,35,40,96.5200925
19日,日本,新千歳,日本,羽田,13:00,60,10,1410000,30000,47,小規模運航,120,2100000,1,1,4,35,40,93.1203096
19日,日本,新千歳,日本,羽田,13:30,60,10,1320000,30000,44,小規模運航,120,2100000,1,1,4,35,40,79.7882811
19日,日本,新千歳,日本,羽田,14:00,60,10,1350000,30000,45,小規模運航,120,2100000,1,1,4,35,40,92.5755034
19日,日本,新千歳,日本,羽田,14:30,60,10,1380000,30000,46,小規模運航,120,2100000,1,1,4,35,40,85.6894921
19日,日本,新千歳,日本,羽田,15:00,60,10,1350000,30000,45,小規模運航,120,2100000,1,1,4,35,40,88.7009125
19日,日本,新千歳,日本,羽田,15:30,60,10,1350000,30000,45,小規模運航,120,2100000,1,1,4,35,40,98.0842586
19日,日本,新千歳,日本,羽田,16:00,60,10,1290000,30000,43,小規模運航,120,2100000,1,1,4,35,40,97.9040578
19日,日本,新千歳,日本,羽田,16:30,60,10,1380000,30000,46,小規模運航,120,2100000,1,1,4,35,40,94.1148027
19日,日本,新千歳,日本,羽田,17:00,60,10,1620000,30000,54,小規模運航,120,2100000,1,1,4,35,40,96.2170359
19日,日本,新千歳,日本,羽田,17:30,60,10,1680000,30000,56,小規模運航,120,2100000,1,1,4,35,40,91.9086476
19日,日本,新千歳,日本,羽田,18:00,60,10,1650000,30000,55,小規模運航,120,2100000,1,1,4,35,40,95.9815619
19日,日本,新千歳,日本,羽田,18:30,60,10,1710000,30000,57,小規模運航,120,2100000,1,1,4,35,40,96.8313918
19日,日本,新千歳,日本,羽田,19:00,60,10,1770000,30000,59,小規模運航,120,2100000,1,1,4,35,40,99.043789
19日,日本,新千歳,日本,羽田,19:30,60,10,1560000,30000,52,小規模運航,120,2100000,1,1,4,35,40,93.1348836
19日,日本,新千歳,日本,羽田,20:00,60,10,1380000,30000,46,小規模運航,120,2100000,1,1,4,35,40,98.0101091
19日,日本,新千歳,日本,羽田,20:30,60,10,1500000,30000,50,小規模運航,120,2100000,1,1,4,35,40,92.9600608
19日,日本,新千歳,日本,羽田,21:00,60,10,1320000,30000,44,小規模運航,120,2100000,1,1,4,35,40,98.3916431
19日,日本,新千歳,日本,羽田,21:30,60,10,1530000,30000,51,小規模運航,120,2100000,1,1,4,35,40,98.0943834
19日,日本,新千歳,日本,羽田,22:00,60,10,1200000,30000,40,小規模運航,120,2100000,1,1,4,35,40,82.4932959
19日,日本,新千歳,日本,羽田,22:30,60,10,1020000,30000,34,小規模運航,120,2100000,1,1,4,35,40,96.5276979
20日,日本,新千歳,日本,羽田,07:00,60,10,1050000,30000,35,小規模運航,120,2100000,1,1,4,35,40,89.2460829
20日,日本,新千歳,日本,羽田,07:30,60,10,1230000,30000,41,小規模運航,120,2100000,1,1,4,35,40,91.2620873
20日,日本,新千歳,日本,羽田,08:00,60,10,1590000,30000,53,小規模運航,120,2100000,1,1,4,35,40,94.7229965
20日,日本,新千歳,日本,羽田,08:30,60,10,1710000,30000,57,小規模運航,120,2100000,1,1,4,35,40,98.8583315
20日,日本,新千歳,日本,羽田,09:00,60,10,1710000,30000,57,小規模運航,120,2100000,1,1,4,35,40,98.5144074
20日,日本,新千歳,日本,羽田,09:30,60,10,1680000,30000,56,小規模運航,120,2100000,1,1,4,35,40,92.403798
20日,日本,新千歳,日本,羽田,10:00,60,10,1410000,30000,47,小規模運航,120,2100000,1,1,4,35,40,95.7230954
20日,日本,新千歳,日本,羽田,10:30,60,10,1500000,30000,50,小規模運航,120,2100000,1,1,4,35,40,91.7100267
20日,日本,新千歳,日本,羽田,11:00,60,10,1260000,30000,42,小規模運航,120,2100000,1,1,4,35,40,96.9310756
20日,日本,新千歳,日本,羽田,11:30,60,10,1500000,30000,50,小規模運航,120,2100000,1,1,4,35,40,94.3261802
20日,日本,新千歳,日本,羽田,12:00,60,10,1320000,30000,44,小規模運航,120,2100000,1,1,4,35,40,75.5247555
20日,日本,新千歳,日本,羽田,12:30,60,10,1500000,30000,50,小規模運航,120,2100000,1,1,4,35,40,95.7127919
20日,日本,新千歳,日本,羽田,13:00,60,10,1410000,30000,47,小規模運航,120,2100000,1,1,4,35,40,93.1203096
20日,日本,新千歳,日本,羽田,13:30,60,10,1500000,30000,50,小規模運航,120,2100000,1,1,4,35,40,97.7162627
20日,日本,新千歳,日本,羽田,14:00,60,10,1290000,30000,43,小規模運航,120,2100000,1,1,4,35,40,95.5066329
20日,日本,新千歳,日本,羽田,14:30,60,10,1290000,30000,43,小規模運航,120,2100000,1,1,4,35,40,89.6142997
20日,日本,新千歳,日本,羽田,15:00,60,10,1320000,30000,44,小規模運航,120,2100000,1,1,4,35,40,91.1243822
20日,日本,新千歳,日本,羽田,15:30,60,10,1320000,30000,44,小規模運航,120,2100000,1,1,4,35,40,91.5661391
20日,日本,新千歳,日本,羽田,16:00,60,10,1350000,30000,45,小規模運航,120,2100000,1,1,4,35,40,98.0207442
20日,日本,新千歳,日本,羽田,16:30,60,10,1320000,30000,44,小規模運航,120,2100000,1,1,4,35,40,95.971361
20日,日本,新千歳,日本,羽田,17:00,60,10,1770000,30000,59,小規模運航,120,2100000,1,1,4,35,40,97.5294466
20日,日本,新千歳,日本,羽田,17:30,60,10,1710000,30000,57,小規模運航,120,2100000,1,1,4,35,40,87.3420435
20日,日本,新千歳,日本,羽田,18:00,60,10,1560000,30000,52,小規模運航,120,2100000,1,1,4,35,40,97.6128603
20日,日本,新千歳,日本,羽田,18:30,60,10,1710000,30000,57,小規模運航,120,2100000,1,1,4,35,40,96.8313918
20日,日本,新千歳,日本,羽田,19:00,60,10,1800000,30000,60,小規模運航,120,2100000,1,1,4,35,40,98.5741302
20日,日本,新千歳,日本,羽田,19:30,60,10,1710000,30000,57,小規模運航,120,2100000,1,1,4,35,40,86.2182322
20日,日本,新千歳,日本,羽田,20:00,60,10,1470000,30000,49,小規模運航,120,2100000,1,1,4,35,40,96.9936966
20日,日本,新千歳,日本,羽田,20:30,60,10,1410000,30000,47,小規模運航,120,2100000,1,1,4,35,40,95.1748179
20日,日本,新千歳,日本,羽田,21:00,60,10,1500000,30000,50,小規模運航,120,2100000,1,1,4,35,40,92.66005
20日,日本,新千歳,日本,羽田,21:30,60,10,1290000,30000,43,小規模運航,120,2100000,1,1,4,35,40,91.6679356
20日,日本,新千歳,日本,羽田,22:00,60,10,1230000,30000,41,小規模運航,120,2100000,1,1,4,35,40,97.8510432
20日,日本,新千歳,日本,羽田,22:30,60,10,1050000,30000,35,小規模運航,120,2100000,1,1,4,35,40,64.4027041
21日,日本,新千歳,日本,羽田,07:00,60,10,1200000,30000,40,小規模運航,120,2100000,1,1,4,35,40,96.1584536
21日,日本,新千歳,日本,羽田,07:30,60,10,1170000,30000,39,小規模運航,120,2100000,1,1,4,35,40,92.2410042
21日,日本,新千歳,日本,羽田,08:00,60,10,1710000,30000,57,小規模運航,120,2100000,1,1,4,35,40,93.3301524
21日,日本,新千歳,日本,羽田,08:30,60,10,1740000,30000,58,小規模運航,120,2100000,1,1,4,35,40,87.4259658
21日,日本,新千歳,日本,羽田,09:00,60,10,1680000,30000,56,小規模運航,120,2100000,1,1,4,35,40,85.2537622
21日,日本,新千歳,日本,羽田,09:30,60,10,1680000,30000,56,小規模運航,120,2100000,1,1,4,35,40,92.403798
21日,日本,新千歳,日本,羽田,10:00,60,10,1290000,30000,43,小規模運航,120,2100000,1,1,4,35,40,94.8015526
21日,日本,新千歳,日本,羽田,10:30,60,10,1350000,30000,45,小規模運航,120,2100000,1,1,4,35,40,79.0111079
21日,日本,新千歳,日本,羽田,11:00,60,10,1380000,30000,46,小規模運航,120,2100000,1,1,4,35,40,97.1917754
21日,日本,新千歳,日本,羽田,11:30,60,10,1320000,30000,44,小規模運航,120,2100000,1,1,4,35,40,97.0789846
21日,日本,新千歳,日本,羽田,12:00,60,10,1290000,30000,43,小規模運航,120,2100000,1,1,4,35,40,98.2660124
21日,日本,新千歳,日本,羽田,12:30,60,10,1290000,30000,43,小規模運航,120,2100000,1,1,4,35,40,85.4681822
21日,日本,新千歳,日本,羽田,13:00,60,10,1440000,30000,48,小規模運航,120,2100000,1,1,4,35,40,97.7930531
21日,日本,新千歳,日本,羽田,13:30,60,10,1500000,30000,50,小規模運航,120,2100000,1,1,4,35,40,97.7162627
21日,日本,新千歳,日本,羽田,14:00,60,10,1380000,30000,46,小規模運航,120,2100000,1,1,4,35,40,97.5171187
21日,日本,新千歳,日本,羽田,14:30,60,10,1410000,30000,47,小規模運航,120,2100000,1,1,4,35,40,96.6741756
21日,日本,新千歳,日本,羽田,15:00,60,10,1500000,30000,50,小規模運航,120,2100000,1,1,4,35,40,93.9093155
21日,日本,新千歳,日本,羽田,15:30,60,10,1380000,30000,46,小規模運航,120,2100000,1,1,4,35,40,98.1602288
21日,日本,新千歳,日本,羽田,16:00,60,10,1260000,30000,42,小規模運航,120,2100000,1,1,4,35,40,84.1638543
21日,日本,新千歳,日本,羽田,16:30,60,10,1440000,30000,48,小規模運航,120,2100000,1,1,4,35,40,93.5653223
21日,日本,新千歳,日本,羽田,17:00,60,10,1740000,30000,58,小規模運航,120,2100000,1,1,4,35,40,87.7399771
21日,日本,新千歳,日本,羽田,17:30,60,10,1620000,30000,54,小規模運航,120,2100000,1,1,4,35,40,98.9432358
21日,日本,新千歳,日本,羽田,18:00,60,10,1800000,30000,60,小規模運航,120,2100000,1,1,4,35,40,99.0500596
21日,日本,新千歳,日本,羽田,18:30,60,10,1710000,30000,57,小規模運航,120,2100000,1,1,4,35,40,96.8313918
21日,日本,新千歳,日本,羽田,19:00,60,10,1740000,30000,58,小規模運航,120,2100000,1,1,4,35,40,98.5608285
21日,日本,新千歳,日本,羽田,19:30,60,10,1560000,30000,52,小規模運航,120,2100000,1,1,4,35,40,93.1348836
21日,日本,新千歳,日本,羽田,20:00,60,10,1320000,30000,44,小規模運航,120,2100000,1,1,4,35,40,95.2505098
21日,日本,新千歳,日本,羽田,20:30,60,10,1320000,30000,44,小規模運航,120,2100000,1,1,4,35,40,73.6818864
21日,日本,新千歳,日本,羽田,21:00,60,10,1350000,30000,45,小規模運航,120,2100000,1,1,4,35,40,98.6564703
21日,日本,新千歳,日本,羽田,21:30,60,10,1320000,30000,44,小規模運航,120,2100000,1,1,4,35,40,96.9595531
21日,日本,新千歳,日本,羽田,22:00,60,10,1170000,30000,39,小規模運航,120,2100000,1,1,4,35,40,81.4978971
21日,日本,新千歳,日本,羽田,22:30,60,10,990000,30000,33,小規模運航,120,2100000,1,1,4,35,40,71.0236933
22日,日本,新千歳,日本,羽田,07:00,60,10,1170000,30000,39,小規模運航,120,2100000,1,1,4,35,40,90.43036
22日,日本,新千歳,日本,羽田,07:30,60,10,1170000,30000,39,小規模運航,120,2100000,1,1,4,35,40,92.2410042
22日,日本,新千歳,日本,羽田,08:00,60,10,1650000,30000,55,小規模運航,120,2100000,1,1,4,35,40,94.8963497
22日,日本,新千歳,日本,羽田,08:30,60,10,1710000,30000,57,小規模運航,120,2100000,1,1,4,35,40,98.8583315
22日,日本,新千歳,日本,羽田,09:00,60,10,1560000,30000,52,小規模運航,120,2100000,1,1,4,35,40,84.0863334
22日,日本,新千歳,日本,羽田,09:30,60,10,1590000,30000,53,小規模運航,120,2100000,1,1,4,35,40,89.8604492
22日,日本,新千歳,日本,羽田,10:00,60,10,1440000,30000,48,小規模運航,120,2100000,1,1,4,35,40,95.7384449
22日,日本,新千歳,日本,羽田,10:30,60,10,1320000,30000,44,小規模運航,120,2100000,1,1,4,35,40,91.7522933
22日,日本,新千歳,日本,羽田,11:00,60,10,1440000,30000,48,小規模運航,120,2100000,1,1,4,35,40,98.9240483
22日,日本,新千歳,日本,羽田,11:30,60,10,1410000,30000,47,小規模運航,120,2100000,1,1,4,35,40,88.309677
22日,日本,新千歳,日本,羽田,12:00,60,10,1350000,30000,45,小規模運航,120,2100000,1,1,4,35,40,98.2048824
22日,日本,新千歳,日本,羽田,12:30,60,10,1410000,30000,47,小規模運航,120,2100000,1,1,4,35,40,96.5200925
22日,日本,新千歳,日本,羽田,13:00,60,10,1290000,30000,43,小規模運航,120,2100000,1,1,4,35,40,96.7014722
22日,日本,新千歳,日本,羽田,13:30,60,10,1410000,30000,47,小規模運航,120,2100000,1,1,4,35,40,97.2202954
22日,日本,新千歳,日本,羽田,14:00,60,10,1320000,30000,44,小規模運航,120,2100000,1,1,4,35,40,96.8605879
22日,日本,新千歳,日本,羽田,14:30,60,10,1440000,30000,48,小規模運航,120,2100000,1,1,4,35,40,93.4707534
22日,日本,新千歳,日本,羽田,15:00,60,10,1500000,30000,50,小規模運航,120,2100000,1,1,4,35,40,93.9093155
22日,日本,新千歳,日本,羽田,15:30,60,10,1350000,30000,45,小規模運航,120,2100000,1,1,4,35,40,98.0842586
22日,日本,新千歳,日本,羽田,16:00,60,10,1440000,30000,48,小規模運航,120,2100000,1,1,4,35,40,96.062223
22日,日本,新千歳,日本,羽田,16:30,60,10,1380000,30000,46,小規模運航,120,2100000,1,1,4,35,40,94.1148027
22日,日本,新千歳,日本,羽田,17:00,60,10,1590000,30000,53,小規模運航,120,2100000,1,1,4,35,40,96.2364464
22日,日本,新千歳,日本,羽田,17:30,60,10,1770000,30000,59,小規模運航,120,2100000,1,1,4,35,40,96.1330804
22日,日本,新千歳,日本,羽田,18:00,60,10,1770000,30000,59,小規模運航,120,2100000,1,1,4,35,40,84.9411845
22日,日本,新千歳,日本,羽田,18:30,60,10,1620000,30000,54,小規模運航,120,2100000,1,1,4,35,40,97.6098793
22日,日本,新千歳,日本,羽田,19:00,60,10,1560000,30000,52,小規模運航,120,2100000,1,1,4,35,40,89.6021173
22日,日本,新千歳,日本,羽田,19:30,60,10,1770000,30000,59,小規模運航,120,2100000,1,1,4,35,40,91.133992
22日,日本,新千歳,日本,羽田,20:00,60,10,1440000,30000,48,小規模運航,120,2100000,1,1,4,35,40,91.4627007
22日,日本,新千歳,日本,羽田,20:30,60,10,1380000,30000,46,小規模運航,120,2100000,1,1,4,35,40,91.2994274
22日,日本,新千歳,日本,羽田,21:00,60,10,1260000,30000,42,小規模運航,120,2100000,1,1,4,35,40,93.7485701
22日,日本,新千歳,日本,羽田,21:30,60,10,1380000,30000,46,小規模運航,120,2100000,1,1,4,35,40,75.6275603
22日,日本,新千歳,日本,羽田,22:00,60,10,1080000,30000,36,小規模運航,120,2100000,1,1,4,35,40,78.6034383
22日,日本,新千歳,日本,羽田,22:30,60,10,990000,30000,33,小規模運航,120,2100000,1,1,4,35,40,71.0236933
23日,日本,新千歳,日本,羽田,07:00,60,10,1020000,30000,34,小規模運航,120,2100000,1,1,4,35,40,63.6931312
23日,日本,新千歳,日本,羽田,07:30,60,10,1020000,30000,34,小規模運航,120,2100000,1,1,4,35,40,81.6390423
23日,日本,新千歳,日本,羽田,08:00,60,10,1740000,30000,58,小規模運航,120,2100000,1,1,4,35,40,98.2383114
23日,日本,新千歳,日本,羽田,08:30,60,10,1650000,30000,55,小規模運航,120,2100000,1,1,4,35,40,96.2418597
23日,日本,新千歳,日本,羽田,09:00,60,10,1560000,30000,52,小規模運航,120,2100000,1,1,4,35,40,84.0863334
23日,日本,新千歳,日本,羽田,09:30,60,10,1710000,30000,57,小規模運航,120,2100000,1,1,4,35,40,97.9164644
23日,日本,新千歳,日本,羽田,10:00,60,10,1410000,30000,47,小規模運航,120,2100000,1,1,4,35,40,95.7230954
23日,日本,新千歳,日本,羽田,10:30,60,10,1410000,30000,47,小規模運航,120,2100000,1,1,4,35,40,96.8049256
23日,日本,新千歳,日本,羽田,11:00,60,10,1380000,30000,46,小規模運航,120,2100000,1,1,4,35,40,97.1917754
23日,日本,新千歳,日本,羽田,11:30,60,10,1260000,30000,42,小規模運航,120,2100000,1,1,4,35,40,97.1105708
23日,日本,新千歳,日本,羽田,12:00,60,10,1320000,30000,44,小規模運航,120,2100000,1,1,4,35,40,75.5247555
23日,日本,新千歳,日本,羽田,12:30,60,10,1380000,30000,46,小規模運航,120,2100000,1,1,4,35,40,83.185229
23日,日本,新千歳,日本,羽田,13:00,60,10,1380000,30000,46,小規模運航,120,2100000,1,1,4,35,40,87.722527
23日,日本,新千歳,日本,羽田,13:30,60,10,1380000,30000,46,小規模運航,120,2100000,1,1,4,35,40,85.3845296
23日,日本,新千歳,日本,羽田,14:00,60,10,1290000,30000,43,小規模運航,120,2100000,1,1,4,35,40,95.5066329
23日,日本,新千歳,日本,羽田,14:30,60,10,1380000,30000,46,小規模運航,120,2100000,1,1,4,35,40,85.6894921
23日,日本,新千歳,日本,羽田,15:00,60,10,1290000,30000,43,小規模運航,120,2100000,1,1,4,35,40,80.7126774
23日,日本,新千歳,日本,羽田,15:30,60,10,1410000,30000,47,小規模運航,120,2100000,1,1,4,35,40,94.3555357
23日,日本,新千歳,日本,羽田,16:00,60,10,1320000,30000,44,小規模運航,120,2100000,1,1,4,35,40,94.1488379
23日,日本,新千歳,日本,羽田,16:30,60,10,1500000,30000,50,小規模運航,120,2100000,1,1,4,35,40,95.6954213
23日,日本,新千歳,日本,羽田,17:00,60,10,1620000,30000,54,小規模運航,120,2100000,1,1,4,35,40,96.2170359
23日,日本,新千歳,日本,羽田,17:30,60,10,1650000,30000,55,小規模運航,120,2100000,1,1,4,35,40,91.5900665
23日,日本,新千歳,日本,羽田,18:00,60,10,1740000,30000,58,小規模運航,120,2100000,1,1,4,35,40,94.672891
23日,日本,新千歳,日本,羽田,18:30,60,10,1770000,30000,59,小規模運航,120,2100000,1,1,4,35,40,94.921913
23日,日本,新千歳,日本,羽田,19:00,60,10,1650000,30000,55,小規模運航,120,2100000,1,1,4,35,40,84.5490875
23日,日本,新千歳,日本,羽田,19:30,60,10,1710000,30000,57,小規模運航,120,2100000,1,1,4,35,40,86.2182322
23日,日本,新千歳,日本,羽田,20:00,60,10,1410000,30000,47,小規模運航,120,2100000,1,1,4,35,40,95.7392969
23日,日本,新千歳,日本,羽田,20:30,60,10,1320000,30000,44,小規模運航,120,2100000,1,1,4,35,40,73.6818864
23日,日本,新千歳,日本,羽田,21:00,60,10,1380000,30000,46,小規模運航,120,2100000,1,1,4,35,40,97.435376
23日,日本,新千歳,日本,羽田,21:30,60,10,1500000,30000,50,小規模運航,120,2100000,1,1,4,35,40,92.3748796
23日,日本,新千歳,日本,羽田,22:00,60,10,1020000,30000,34,小規模運航,120,2100000,1,1,4,35,40,95.5202717
23日,日本,新千歳,日本,羽田,22:30,60,10,1110000,30000,37,小規模運航,120,2100000,1,1,4,35,40,91.2093984
24日,日本,新千歳,日本,羽田,07:00,60,10,1110000,30000,37,小規模運航,120,2100000,1,1,4,35,40,66.8491038
24日,日本,新千歳,日本,羽田,07:30,60,10,1050000,30000,35,小規模運航,120,2100000,1,1,4,35,40,79.5276315
24日,日本,新千歳,日本,羽田,08:00,60,10,1770000,30000,59,小規模運航,120,2100000,1,1,4,35,40,92.374286
24日,日本,新千歳,日本,羽田,08:30,60,10,1530000,30000,51,小規模運航,120,2100000,1,1,4,35,40,80.7985957
24日,日本,新千歳,日本,羽田,09:00,60,10,1590000,30000,53,小規模運航,120,2100000,1,1,4,35,40,98.5759663
24日,日本,新千歳,日本,羽田,09:30,60,10,1680000,30000,56,小規模運航,120,2100000,1,1,4,35,40,92.403798
24日,日本,新千歳,日本,羽田,10:00,60,10,1500000,30000,50,小規模運航,120,2100000,1,1,4,35,40,74.0599364
24日,日本,新千歳,日本,羽田,10:30,60,10,1410000,30000,47,小規模運航,120,2100000,1,1,4,35,40,96.8049256
24日,日本,新千歳,日本,羽田,11:00,60,10,1260000,30000,42,小規模運航,120,2100000,1,1,4,35,40,96.9310756
24日,日本,新千歳,日本,羽田,11:30,60,10,1350000,30000,45,小規模運航,120,2100000,1,1,4,35,40,96.8564986
24日,日本,新千歳,日本,羽田,12:00,60,10,1290000,30000,43,小規模運航,120,2100000,1,1,4,35,40,98.2660124
24日,日本,新千歳,日本,羽田,12:30,60,10,1530000,30000,51,小規模運航,120,2100000,1,1,4,35,40,88.2607427
24日,日本,新千歳,日本,羽田,13:00,60,10,1320000,30000,44,小規模運航,120,2100000,1,1,4,35,40,76.7574625
24日,日本,新千歳,日本,羽田,13:30,60,10,1320000,30000,44,小規模運航,120,2100000,1,1,4,35,40,79.7882811
24日,日本,新千歳,日本,羽田,14:00,60,10,1410000,30000,47,小規模運航,120,2100000,1,1,4,35,40,98.3132927
24日,日本,新千歳,日本,羽田,14:30,60,10,1350000,30000,45,小規模運航,120,2100000,1,1,4,35,40,97.8436566
24日,日本,新千歳,日本,羽田,15:00,60,10,1440000,30000,48,小規模運航,120,2100000,1,1,4,35,40,79.4814421
24日,日本,新千歳,日本,羽田,15:30,60,10,1470000,30000,49,小規模運航,120,2100000,1,1,4,35,40,92.3654121
24日,日本,新千歳,日本,羽田,16:00,60,10,1290000,30000,43,小規模運航,120,2100000,1,1,4,35,40,97.9040578
24日,日本,新千歳,日本,羽田,16:30,60,10,1290000,30000,43,小規模運航,120,2100000,1,1,4,35,40,96.9797879
24日,日本,新千歳,日本,羽田,17:00,60,10,1710000,30000,57,小規模運航,120,2100000,1,1,4,35,40,84.3521123
24日,日本,新千歳,日本,羽田,17:30,60,10,1740000,30000,58,小規模運航,120,2100000,1,1,4,35,40,98.3463256
24日,日本,新千歳,日本,羽田,18:00,60,10,1740000,30000,58,小規模運航,120,2100000,1,1,4,35,40,94.672891
24日,日本,新千歳,日本,羽田,18:30,60,10,1740000,30000,58,小規模運航,120,2100000,1,1,4,35,40,95.6774927
24日,日本,新千歳,日本,羽田,19:00,60,10,1650000,30000,55,小規模運航,120,2100000,1,1,4,35,40,84.5490875
24日,日本,新千歳,日本,羽田,19:30,60,10,1590000,30000,53,小規模運航,120,2100000,1,1,4,35,40,97.7663082
24日,日本,新千歳,日本,羽田,20:00,60,10,1380000,30000,46,小規模運航,120,2100000,1,1,4,35,40,98.0101091
24日,日本,新千歳,日本,羽田,20:30,60,10,1350000,30000,45,小規模運航,120,2100000,1,1,4,35,40,80.6009267
24日,日本,新千歳,日本,羽田,21:00,60,10,1500000,30000,50,小規模運航,120,2100000,1,1,4,35,40,92.66005
24日,日本,新千歳,日本,羽田,21:30,60,10,1290000,30000,43,小規模運航,120,2100000,1,1,4,35,40,91.6679356
24日,日本,新千歳,日本,羽田,22:00,60,10,1140000,30000,38,小規模運航,120,2100000,1,1,4,35,40,72.1498125
24日,日本,新千歳,日本,羽田,22:30,60,10,1020000,30000,34,小規模運航,120,2100000,1,1,4,35,40,96.5276979
25日,日本,新千歳,日本,羽田,07:00,60,10,1200000,30000,40,小規模運航,120,2100000,1,1,4,35,40,96.1584536
25日,日本,新千歳,日本,羽田,07:30,60,10,990000,30000,33,小規模運航,120,2100000,1,1,4,35,40,90.3225367
25日,日本,新千歳,日本,羽田,08:00,60,10,1770000,30000,59,小規模運航,120,2100000,1,1,4,35,40,92.374286
25日,日本,新千歳,日本,羽田,08:30,60,10,1740000,30000,58,小規模運航,120,2100000,1,1,4,35,40,87.4259658
25日,日本,新千歳,日本,羽田,09:00,60,10,1680000,30000,56,小規模運航,120,2100000,1,1,4,35,40,85.2537622
25日,日本,新千歳,日本,羽田,09:30,60,10,1590000,30000,53,小規模運航,120,2100000,1,1,4,35,40,89.8604492
25日,日本,新千歳,日本,羽田,10:00,60,10,1410000,30000,47,小規模運航,120,2100000,1,1,4,35,40,95.7230954
25日,日本,新千歳,日本,羽田,10:30,60,10,1500000,30000,50,小規模運航,120,2100000,1,1,4,35,40,91.7100267
25日,日本,新千歳,日本,羽田,11:00,60,10,1470000,30000,49,小規模運航,120,2100000,1,1,4,35,40,88.7053254
25日,日本,新千歳,日本,羽田,11:30,60,10,1410000,30000,47,小規模運航,120,2100000,1,1,4,35,40,88.309677
25日,日本,新千歳,日本,羽田,12:00,60,10,1350000,30000,45,小規模運航,120,2100000,1,1,4,35,40,98.2048824
25日,日本,新千歳,日本,羽田,12:30,60,10,1410000,30000,47,小規模運航,120,2100000,1,1,4,35,40,96.5200925
25日,日本,新千歳,日本,羽田,13:00,60,10,1500000,30000,50,小規模運航,120,2100000,1,1,4,35,40,97.5715801
25日,日本,新千歳,日本,羽田,13:30,60,10,1260000,30000,42,小規模運航,120,2100000,1,1,4,35,40,89.2196707
25日,日本,新千歳,日本,羽田,14:00,60,10,1410000,30000,47,小規模運航,120,2100000,1,1,4,35,40,98.3132927
25日,日本,新千歳,日本,羽田,14:30,60,10,1440000,30000,48,小規模運航,120,2100000,1,1,4,35,40,93.4707534
25日,日本,新千歳,日本,羽田,15:00,60,10,1410000,30000,47,小規模運航,120,2100000,1,1,4,35,40,94.011385
25日,日本,新千歳,日本,羽田,15:30,60,10,1410000,30000,47,小規模運航,120,2100000,1,1,4,35,40,94.3555357
25日,日本,新千歳,日本,羽田,16:00,60,10,1410000,30000,47,小規模運航,120,2100000,1,1,4,35,40,81.9302965
25日,日本,新千歳,日本,羽田,16:30,60,10,1440000,30000,48,小規模運航,120,2100000,1,1,4,35,40,93.5653223
25日,日本,新千歳,日本,羽田,17:00,60,10,1710000,30000,57,小規模運航,120,2100000,1,1,4,35,40,84.3521123
25日,日本,新千歳,日本,羽田,17:30,60,10,1770000,30000,59,小規模運航,120,2100000,1,1,4,35,40,96.1330804
25日,日本,新千歳,日本,羽田,18:00,60,10,1770000,30000,59,小規模運航,120,2100000,1,1,4,35,40,84.9411845
25日,日本,新千歳,日本,羽田,18:30,60,10,1800000,30000,60,小規模運航,120,2100000,1,1,4,35,40,97.7043562
25日,日本,新千歳,日本,羽田,19:00,60,10,1560000,30000,52,小規模運航,120,2100000,1,1,4,35,40,89.6021173
25日,日本,新千歳,日本,羽田,19:30,60,10,1680000,30000,56,小規模運航,120,2100000,1,1,4,35,40,82.0589629
25日,日本,新千歳,日本,羽田,20:00,60,10,1530000,30000,51,小規模運航,120,2100000,1,1,4,35,40,83.3846223
25日,日本,新千歳,日本,羽田,20:30,60,10,1410000,30000,47,小規模運航,120,2100000,1,1,4,35,40,95.1748179
25日,日本,新千歳,日本,羽田,21:00,60,10,1320000,30000,44,小規模運航,120,2100000,1,1,4,35,40,98.3916431
25日,日本,新千歳,日本,羽田,21:30,60,10,1350000,30000,45,小規模運航,120,2100000,1,1,4,35,40,98.4628602
25日,日本,新千歳,日本,羽田,22:00,60,10,1080000,30000,36,小規模運航,120,2100000,1,1,4,35,40,78.6034383
25日,日本,新千歳,日本,羽田,22:30,60,10,1050000,30000,35,小規模運航,120,2100000,1,1,4,35,40,64.4027041
26日,日本,新千歳,日本,羽田,07:00,60,10,1050000,30000,35,小規模運航,120,2100000,1,1,4,35,40,89.2460829
26日,日本,新千歳,日本,羽田,07:30,60,10,990000,30000,33,小規模運航,120,2100000,1,1,4,35,40,90.3225367
26日,日本,新千歳,日本,羽田,08:00,60,10,1560000,30000,52,小規模運航,120,2100000,1,1,4,35,40,95.2791718
26日,日本,新千歳,日本,羽田,08:30,60,10,1650000,30000,55,小規模運航,120,2100000,1,1,4,35,40,96.2418597
26日,日本,新千歳,日本,羽田,09:00,60,10,1530000,30000,51,小規模運航,120,2100000,1,1,4,35,40,95.9210324
26日,日本,新千歳,日本,羽田,09:30,60,10,1800000,30000,60,小規模運航,120,2100000,1,1,4,35,40,87.0266522
26日,日本,新千歳,日本,羽田,10:00,60,10,1290000,30000,43,小規模運航,120,2100000,1,1,4,35,40,94.8015526
26日,日本,新千歳,日本,羽田,10:30,60,10,1410000,30000,47,小規模運航,120,2100000,1,1,4,35,40,96.8049256
26日,日本,新千歳,日本,羽田,11:00,60,10,1530000,30000,51,小規模運航,120,2100000,1,1,4,35,40,95.9081267
26日,日本,新千歳,日本,羽田,11:30,60,10,1470000,30000,49,小規模運航,120,2100000,1,1,4,35,40,94.246245
26日,日本,新千歳,日本,羽田,12:00,60,10,1470000,30000,49,小規模運航,120,2100000,1,1,4,35,40,97.4377319
26日,日本,新千歳,日本,羽田,12:30,60,10,1470000,30000,49,小規模運航,120,2100000,1,1,4,35,40,82.9697663
26日,日本,新千歳,日本,羽田,13:00,60,10,1290000,30000,43,小規模運航,120,2100000,1,1,4,35,40,96.7014722
26日,日本,新千歳,日本,羽田,13:30,60,10,1290000,30000,43,小規模運航,120,2100000,1,1,4,35,40,84.1396064
26日,日本,新千歳,日本,羽田,14:00,60,10,1500000,30000,50,小規模運航,120,2100000,1,1,4,35,40,95.5343744
26日,日本,新千歳,日本,羽田,14:30,60,10,1470000,30000,49,小規模運航,120,2100000,1,1,4,35,40,68.4945568
26日,日本,新千歳,日本,羽田,15:00,60,10,1350000,30000,45,小規模運航,120,2100000,1,1,4,35,40,88.7009125
26日,日本,新千歳,日本,羽田,15:30,60,10,1320000,30000,44,小規模運航,120,2100000,1,1,4,35,40,91.5661391
26日,日本,新千歳,日本,羽田,16:00,60,10,1380000,30000,46,小規模運航,120,2100000,1,1,4,35,40,88.0103313
26日,日本,新千歳,日本,羽田,16:30,60,10,1470000,30000,49,小規模運航,120,2100000,1,1,4,35,40,98.0935395
26日,日本,新千歳,日本,羽田,17:00,60,10,1650000,30000,55,小規模運航,120,2100000,1,1,4,35,40,92.1939296
26日,日本,新千歳,日本,羽田,17:30,60,10,1800000,30000,60,小規模運航,120,2100000,1,1,4,35,40,98.5751991
26日,日本,新千歳,日本,羽田,18:00,60,10,1680000,30000,56,小規模運航,120,2100000,1,1,4,35,40,94.0230484
26日,日本,新千歳,日本,羽田,18:30,60,10,1650000,30000,55,小規模運航,120,2100000,1,1,4,35,40,88.1561903
26日,日本,新千歳,日本,羽田,19:00,60,10,1710000,30000,57,小規模運航,120,2100000,1,1,4,35,40,98.0281096
26日,日本,新千歳,日本,羽田,19:30,60,10,1560000,30000,52,小規模運航,120,2100000,1,1,4,35,40,93.1348836
26日,日本,新千歳,日本,羽田,20:00,60,10,1410000,30000,47,小規模運航,120,2100000,1,1,4,35,40,95.7392969
26日,日本,新千歳,日本,羽田,20:30,60,10,1500000,30000,50,小規模運航,120,2100000,1,1,4,35,40,92.9600608
26日,日本,新千歳,日本,羽田,21:00,60,10,1530000,30000,51,小規模運航,120,2100000,1,1,4,35,40,91.6153134
26日,日本,新千歳,日本,羽田,21:30,60,10,1470000,30000,49,小規模運航,120,2100000,1,1,4,35,40,94.4237869
26日,日本,新千歳,日本,羽田,22:00,60,10,1050000,30000,35,小規模運航,120,2100000,1,1,4,35,40,78.3120408
26日,日本,新千歳,日本,羽田,22:30,60,10,1110000,30000,37,小規模運航,120,2100000,1,1,4,35,40,91.2093984
27日,日本,新千歳,日本,羽田,07:00,60,10,1110000,30000,37,小規模運航,120,2100000,1,1,4,35,40,66.8491038
27日,日本,新千歳,日本,羽田,07:30,60,10,1110000,30000,37,小規模運航,120,2100000,1,1,4,35,40,71.4659758
27日,日本,新千歳,日本,羽田,08:00,60,10,1590000,30000,53,小規模運航,120,2100000,1,1,4,35,40,94.7229965
27日,日本,新千歳,日本,羽田,08:30,60,10,1590000,30000,53,小規模運航,120,2100000,1,1,4,35,40,96.3585122
27日,日本,新千歳,日本,羽田,09:00,60,10,1560000,30000,52,小規模運航,120,2100000,1,1,4,35,40,84.0863334
27日,日本,新千歳,日本,羽田,09:30,60,10,1770000,30000,59,小規模運航,120,2100000,1,1,4,35,40,95.5949228
27日,日本,新千歳,日本,羽田,10:00,60,10,1410000,30000,47,小規模運航,120,2100000,1,1,4,35,40,95.7230954
27日,日本,新千歳,日本,羽田,10:30,60,10,1380000,30000,46,小規模運航,120,2100000,1,1,4,35,40,98.2636136
27日,日本,新千歳,日本,羽田,11:00,60,10,1320000,30000,44,小規模運航,120,2100000,1,1,4,35,40,94.6685324
27日,日本,新千歳,日本,羽田,11:30,60,10,1500000,30000,50,小規模運航,120,2100000,1,1,4,35,40,94.3261802
27日,日本,新千歳,日本,羽田,12:00,60,10,1440000,30000,48,小規模運航,120,2100000,1,1,4,35,40,90.4365087
27日,日本,新千歳,日本,羽田,12:30,60,10,1470000,30000,49,小規模運航,120,2100000,1,1,4,35,40,82.9697663
27日,日本,新千歳,日本,羽田,13:00,60,10,1350000,30000,45,小規模運航,120,2100000,1,1,4,35,40,93.7066287
27日,日本,新千歳,日本,羽田,13:30,60,10,1500000,30000,50,小規模運航,120,2100000,1,1,4,35,40,97.7162627
27日,日本,新千歳,日本,羽田,14:00,60,10,1380000,30000,46,小規模運航,120,2100000,1,1,4,35,40,97.5171187
27日,日本,新千歳,日本,羽田,14:30,60,10,1530000,30000,51,小規模運航,120,2100000,1,1,4,35,40,75.4479542
27日,日本,新千歳,日本,羽田,15:00,60,10,1500000,30000,50,小規模運航,120,2100000,1,1,4,35,40,93.9093155
27日,日本,新千歳,日本,羽田,15:30,60,10,1350000,30000,45,小規模運航,120,2100000,1,1,4,35,40,98.0842586
27日,日本,新千歳,日本,羽田,16:00,60,10,1410000,30000,47,小規模運航,120,2100000,1,1,4,35,40,81.9302965
27日,日本,新千歳,日本,羽田,16:30,60,10,1470000,30000,49,小規模運航,120,2100000,1,1,4,35,40,98.0935395
27日,日本,新千歳,日本,羽田,17:00,60,10,1560000,30000,52,小規模運航,120,2100000,1,1,4,35,40,88.1665344
27日,日本,新千歳,日本,羽田,17:30,60,10,1530000,30000,51,小規模運航,120,2100000,1,1,4,35,40,97.0804254
27日,日本,新千歳,日本,羽田,18:00,60,10,1620000,30000,54,小規模運航,120,2100000,1,1,4,35,40,97.6684306
27日,日本,新千歳,日本,羽田,18:30,60,10,1770000,30000,59,小規模運航,120,2100000,1,1,4,35,40,94.921913
27日,日本,新千歳,日本,羽田,19:00,60,10,1590000,30000,53,小規模運航,120,2100000,1,1,4,35,40,85.1438066
27日,日本,新千歳,日本,羽田,19:30,60,10,1770000,30000,59,小規模運航,120,2100000,1,1,4,35,40,91.133992
27日,日本,新千歳,日本,羽田,20:00,60,10,1320000,30000,44,小規模運航,120,2100000,1,1,4,35,40,95.2505098
27日,日本,新千歳,日本,羽田,20:30,60,10,1290000,30000,43,小規模運航,120,2100000,1,1,4,35,40,97.217319
27日,日本,新千歳,日本,羽田,21:00,60,10,1440000,30000,48,小規模運航,120,2100000,1,1,4,35,40,84.9509897
27日,日本,新千歳,日本,羽田,21:30,60,10,1320000,30000,44,小規模運航,120,2100000,1,1,4,35,40,96.9595531
27日,日本,新千歳,日本,羽田,22:00,60,10,990000,30000,33,小規模運航,120,2100000,1,1,4,35,40,67.222518
27日,日本,新千歳,日本,羽田,22:30,60,10,1080000,30000,36,小規模運航,120,2100000,1,1,4,35,40,84.265832
28日,日本,新千歳,日本,羽田,07:00,60,10,1050000,30000,35,小規模運航,120,2100000,1,1,4,35,40,89.2460829
28日,日本,新千歳,日本,羽田,07:30,60,10,1230000,30000,41,小規模運航,120,2100000,1,1,4,35,40,91.2620873
28日,日本,新千歳,日本,羽田,08:00,60,10,1680000,30000,56,小規模運航,120,2100000,1,1,4,35,40,92.0671918
28日,日本,新千歳,日本,羽田,08:30,60,10,1710000,30000,57,小規模運航,120,2100000,1,1,4,35,40,98.8583315
28日,日本,新千歳,日本,羽田,09:00,60,10,1590000,30000,53,小規模運航,120,2100000,1,1,4,35,40,98.5759663
28日,日本,新千歳,日本,羽田,09:30,60,10,1800000,30000,60,小規模運航,120,2100000,1,1,4,35,40,87.0266522
28日,日本,新千歳,日本,羽田,10:00,60,10,1290000,30000,43,小規模運航,120,2100000,1,1,4,35,40,94.8015526
28日,日本,新千歳,日本,羽田,10:30,60,10,1410000,30000,47,小規模運航,120,2100000,1,1,4,35,40,96.8049256
28日,日本,新千歳,日本,羽田,11:00,60,10,1470000,30000,49,小規模運航,120,2100000,1,1,4,35,40,88.7053254
28日,日本,新千歳,日本,羽田,11:30,60,10,1410000,30000,47,小規模運航,120,2100000,1,1,4,35,40,88.309677
28日,日本,新千歳,日本,羽田,12:00,60,10,1500000,30000,50,小規模運航,120,2100000,1,1,4,35,40,93.7377689
28日,日本,新千歳,日本,羽田,12:30,60,10,1410000,30000,47,小規模運航,120,2100000,1,1,4,35,40,96.5200925
28日,日本,新千歳,日本,羽田,13:00,60,10,1410000,30000,47,小規模運航,120,2100000,1,1,4,35,40,93.1203096
28日,日本,新千歳,日本,羽田,13:30,60,10,1470000,30000,49,小規模運航,120,2100000,1,1,4,35,40,98.1164207
28日,日本,新千歳,日本,羽田,14:00,60,10,1290000,30000,43,小規模運航,120,2100000,1,1,4,35,40,95.5066329
28日,日本,新千歳,日本,羽田,14:30,60,10,1470000,30000,49,小規模運航,120,2100000,1,1,4,35,40,68.4945568
28日,日本,新千歳,日本,羽田,15:00,60,10,1260000,30000,42,小規模運航,120,2100000,1,1,4,35,40,95.8359231
28日,日本,新千歳,日本,羽田,15:30,60,10,1380000,30000,46,小規模運航,120,2100000,1,1,4,35,40,98.1602288
28日,日本,新千歳,日本,羽田,16:00,60,10,1500000,30000,50,小規模運航,120,2100000,1,1,4,35,40,98.0907279
28日,日本,新千歳,日本,羽田,16:30,60,10,1440000,30000,48,小規模運航,120,2100000,1,1,4,35,40,93.5653223
28日,日本,新千歳,日本,羽田,17:00,60,10,1590000,30000,53,小規模運航,120,2100000,1,1,4,35,40,96.2364464
28日,日本,新千歳,日本,羽田,17:30,60,10,1800000,30000,60,小規模運航,120,2100000,1,1,4,35,40,98.5751991
28日,日本,新千歳,日本,羽田,18:00,60,10,1590000,30000,53,小規模運航,120,2100000,1,1,4,35,40,84.7252116
28日,日本,新千歳,日本,羽田,18:30,60,10,1620000,30000,54,小規模運航,120,2100000,1,1,4,35,40,97.6098793
28日,日本,新千歳,日本,羽田,19:00,60,10,1680000,30000,56,小規模運航,120,2100000,1,1,4,35,40,85.4676425
28日,日本,新千歳,日本,羽田,19:30,60,10,1590000,30000,53,小規模運航,120,2100000,1,1,4,35,40,97.7663082
28日,日本,新千歳,日本,羽田,20:00,60,10,1290000,30000,43,小規模運航,120,2100000,1,1,4,35,40,93.8887652
28日,日本,新千歳,日本,羽田,20:30,60,10,1380000,30000,46,小規模運航,120,2100000,1,1,4,35,40,91.2994274
28日,日本,新千歳,日本,羽田,21:00,60,10,1410000,30000,47,小規模運航,120,2100000,1,1,4,35,40,88.1033113
28日,日本,新千歳,日本,羽田,21:30,60,10,1350000,30000,45,小規模運航,120,2100000,1,1,4,35,40,98.4628602
28日,日本,新千歳,日本,羽田,22:00,60,10,1230000,30000,41,小規模運航,120,2100000,1,1,4,35,40,97.8510432
28日,日本,新千歳,日本,羽田,22:30,60,10,1140000,30000,38,小規模運航,120,2100000,1,1,4,35,40,65.7989707
29日,日本,新千歳,日本,羽田,07:00,60,10,990000,30000,33,小規模運航,120,2100000,1,1,4,35,40,78.9875304
29日,日本,新千歳,日本,羽田,07:30,60,10,1230000,30000,41,小規模運航,120,2100000,1,1,4,35,40,91.2620873
29日,日本,新千歳,日本,羽田,08:00,60,10,1770000,30000,59,小規模運航,120,2100000,1,1,4,35,40,92.374286
29日,日本,新千歳,日本,羽田,08:30,60,10,1680000,30000,56,小規模運航,120,2100000,1,1,4,35,40,97.3906932
29日,日本,新千歳,日本,羽田,09:00,60,10,1650000,30000,55,小規模運航,120,2100000,1,1,4,35,40,96.9338774
29日,日本,新千歳,日本,羽田,09:30,60,10,1620000,30000,54,小規模運航,120,2100000,1,1,4,35,40,86.4909612
29日,日本,新千歳,日本,羽田,10:00,60,10,1290000,30000,43,小規模運航,120,2100000,1,1,4,35,40,94.8015526
29日,日本,新千歳,日本,羽田,10:30,60,10,1410000,30000,47,小規模運航,120,2100000,1,1,4,35,40,96.8049256
29日,日本,新千歳,日本,羽田,11:00,60,10,1320000,30000,44,小規模運航,120,2100000,1,1,4,35,40,94.6685324
29日,日本,新千歳,日本,羽田,11:30,60,10,1470000,30000,49,小規模運航,120,2100000,1,1,4,35,40,94.246245
29日,日本,新千歳,日本,羽田,12:00,60,10,1260000,30000,42,小規模運航,120,2100000,1,1,4,35,40,96.7917466
29日,日本,新千歳,日本,羽田,12:30,60,10,1440000,30000,48,小規模運航,120,2100000,1,1,4,35,40,97.5845493
29日,日本,新千歳,日本,羽田,13:00,60,10,1350000,30000,45,小規模運航,120,2100000,1,1,4,35,40,93.7066287
29日,日本,新千歳,日本,羽田,13:30,60,10,1380000,30000,46,小規模運航,120,2100000,1,1,4,35,40,85.3845296
29日,日本,新千歳,日本,羽田,14:00,60,10,1380000,30000,46,小規模運航,120,2100000,1,1,4,35,40,97.5171187
29日,日本,新千歳,日本,羽田,14:30,60,10,1440000,30000,48,小規模運航,120,2100000,1,1,4,35,40,93.4707534
29日,日本,新千歳,日本,羽田,15:00,60,10,1380000,30000,46,小規模運航,120,2100000,1,1,4,35,40,97.2499124
29日,日本,新千歳,日本,羽田,15:30,60,10,1470000,30000,49,小規模運航,120,2100000,1,1,4,35,40,92.3654121
29日,日本,新千歳,日本,羽田,16:00,60,10,1350000,30000,45,小規模運航,120,2100000,1,1,4,35,40,98.0207442
29日,日本,新千歳,日本,羽田,16:30,60,10,1320000,30000,44,小規模運航,120,2100000,1,1,4,35,40,95.971361
29日,日本,新千歳,日本,羽田,17:00,60,10,1590000,30000,53,小規模運航,120,2100000,1,1,4,35,40,96.2364464
29日,日本,新千歳,日本,羽田,17:30,60,10,1590000,30000,53,小規模運航,120,2100000,1,1,4,35,40,98.7584701
29日,日本,新千歳,日本,羽田,18:00,60,10,1740000,30000,58,小規模運航,120,2100000,1,1,4,35,40,94.672891
29日,日本,新千歳,日本,羽田,18:30,60,10,1770000,30000,59,小規模運航,120,2100000,1,1,4,35,40,94.921913
29日,日本,新千歳,日本,羽田,19:00,60,10,1770000,30000,59,小規模運航,120,2100000,1,1,4,35,40,99.043789
29日,日本,新千歳,日本,羽田,19:30,60,10,1590000,30000,53,小規模運航,120,2100000,1,1,4,35,40,97.7663082
29日,日本,新千歳,日本,羽田,20:00,60,10,1350000,30000,45,小規模運航,120,2100000,1,1,4,35,40,86.1183997
29日,日本,新千歳,日本,羽田,20:30,60,10,1260000,30000,42,小規模運航,120,2100000,1,1,4,35,40,82.8682232
29日,日本,新千歳,日本,羽田,21:00,60,10,1440000,30000,48,小規模運航,120,2100000,1,1,4,35,40,84.9509897
29日,日本,新千歳,日本,羽田,21:30,60,10,1470000,30000,49,小規模運航,120,2100000,1,1,4,35,40,94.4237869
29日,日本,新千歳,日本,羽田,22:00,60,10,1020000,30000,34,小規模運航,120,2100000,1,1,4,35,40,95.5202717
29日,日本,新千歳,日本,羽田,22:30,60,10,1200000,30000,40,小規模運航,120,2100000,1,1,4,35,40,96.0990345
30日,日本,新千歳,日本,羽田,07:00,60,10,1140000,30000,38,小規模運航,120,2100000,1,1,4,35,40,88.4747251
30日,日本,新千歳,日本,羽田,07:30,60,10,1110000,30000,37,小規模運航,120,2100000,1,1,4,35,40,71.4659758
30日,日本,新千歳,日本,羽田,08:00,60,10,1530000,30000,51,小規模運航,120,2100000,1,1,4,35,40,88.593787
30日,日本,新千歳,日本,羽田,08:30,60,10,1800000,30000,60,小規模運航,120,2100000,1,1,4,35,40,86.9881381
30日,日本,新千歳,日本,羽田,09:00,60,10,1680000,30000,56,小規模運航,120,2100000,1,1,4,35,40,85.2537622
30日,日本,新千歳,日本,羽田,09:30,60,10,1800000,30000,60,小規模運航,120,2100000,1,1,4,35,40,87.0266522
30日,日本,新千歳,日本,羽田,10:00,60,10,1320000,30000,44,小規模運航,120,2100000,1,1,4,35,40,97.5367263
30日,日本,新千歳,日本,羽田,10:30,60,10,1440000,30000,48,小規模運航,120,2100000,1,1,4,35,40,97.1855331
30日,日本,新千歳,日本,羽田,11:00,60,10,1410000,30000,47,小規模運航,120,2100000,1,1,4,35,40,85.9781364
30日,日本,新千歳,日本,羽田,11:30,60,10,1290000,30000,43,小規模運航,120,2100000,1,1,4,35,40,97.2557146
30日,日本,新千歳,日本,羽田,12:00,60,10,1470000,30000,49,小規模運航,120,2100000,1,1,4,35,40,97.4377319
30日,日本,新千歳,日本,羽田,12:30,60,10,1530000,30000,51,小規模運航,120,2100000,1,1,4,35,40,88.2607427
30日,日本,新千歳,日本,羽田,13:00,60,10,1530000,30000,51,小規模運航,120,2100000,1,1,4,35,40,89.2028275
30日,日本,新千歳,日本,羽田,13:30,60,10,1260000,30000,42,小規模運航,120,2100000,1,1,4,35,40,89.2196707
30日,日本,新千歳,日本,羽田,14:00,60,10,1290000,30000,43,小規模運航,120,2100000,1,1,4,35,40,95.5066329
30日,日本,新千歳,日本,羽田,14:30,60,10,1350000,30000,45,小規模運航,120,2100000,1,1,4,35,40,97.8436566
30日,日本,新千歳,日本,羽田,15:00,60,10,1500000,30000,50,小規模運航,120,2100000,1,1,4,35,40,93.9093155
30日,日本,新千歳,日本,羽田,15:30,60,10,1470000,30000,49,小規模運航,120,2100000,1,1,4,35,40,92.3654121
30日,日本,新千歳,日本,羽田,16:00,60,10,1350000,30000,45,小規模運航,120,2100000,1,1,4,35,40,98.0207442
30日,日本,新千歳,日本,羽田,16:30,60,10,1350000,30000,45,小規模運航,120,2100000,1,1,4,35,40,88.7025237
30日,日本,新千歳,日本,羽田,17:00,60,10,1590000,30000,53,小規模運航,120,2100000,1,1,4,35,40,96.2364464
30日,日本,新千歳,日本,羽田,17:30,60,10,1530000,30000,51,小規模運航,120,2100000,1,1,4,35,40,97.0804254
30日,日本,新千歳,日本,羽田,18:00,60,10,1740000,30000,58,小規模運航,120,2100000,1,1,4,35,40,94.672891
30日,日本,新千歳,日本,羽田,18:30,60,10,1620000,30000,54,小規模運航,120,2100000,1,1,4,35,40,97.6098793
30日,日本,新千歳,日本,羽田,19:00,60,10,1620000,30000,54,小規模運航,120,2100000,1,1,4,35,40,89.9607637
30日,日本,新千歳,日本,羽田,19:30,60,10,1710000,30000,57,小規模運航,120,2100000,1,1,4,35,40,86.2182322
30日,日本,新千歳,日本,羽田,20:00,60,10,1470000,30000,49,小規模運航,120,2100000,1,1,4,35,40,96.9936966
30日,日本,新千歳,日本,羽田,20:30,60,10,1500000,30000,50,小規模運航,120,2100000,1,1,4,35,40,92.9600608
30日,日本,新千歳,日本,羽田,21:00,60,10,1380000,30000,46,小規模運航,120,2100000,1,1,4,35,40,97.435376
30日,日本,新千歳,日本,羽田,21:30,60,10,1320000,30000,44,小規模運航,120,2100000,1,1,4,35,40,96.9595531
30日,日本,新千歳,日本,羽田,22:00,60,10,1080000,30000,36,小規模運航,120,2100000,1,1,4,35,40,78.6034383
30日,日本,新千歳,日本,羽田,22:30,60,10,1080000,30000,36,小規模運航,120,2100000,1,1,4,35,40,84.265832
31日,日本,新千歳,日本,羽田,07:00,60,10,1140000,30000,38,小規模運航,120,2100000,1,1,4,35,40,88.4747251
31日,日本,新千歳,日本,羽田,07:30,60,10,1020000,30000,34,小規模運航,120,2100000,1,1,4,35,40,81.6390423
31日,日本,新千歳,日本,羽田,08:00,60,10,1560000,30000,52,小規模運航,120,2100000,1,1,4,35,40,95.2791718
31日,日本,新千歳,日本,羽田,08:30,60,10,1620000,30000,54,小規模運航,120,2100000,1,1,4,35,40,91.1289131
31日,日本,新千歳,日本,羽田,09:00,60,10,1740000,30000,58,小規模運航,120,2100000,1,1,4,35,40,98.9009649
31日,日本,新千歳,日本,羽田,09:30,60,10,1560000,30000,52,小規模運航,120,2100000,1,1,4,35,40,90.4951389
31日,日本,新千歳,日本,羽田,10:00,60,10,1410000,30000,47,小規模運航,120,2100000,1,1,4,35,40,95.7230954
31日,日本,新千歳,日本,羽田,10:30,60,10,1260000,30000,42,小規模運航,120,2100000,1,1,4,35,40,97.6476619
31日,日本,新千歳,日本,羽田,11:00,60,10,1350000,30000,45,小規模運航,120,2100000,1,1,4,35,40,92.6920606
31日,日本,新千歳,日本,羽田,11:30,60,10,1320000,30000,44,小規模運航,120,2100000,1,1,4,35,40,97.0789846
31日,日本,新千歳,日本,羽田,12:00,60,10,1410000,30000,47,小規模運航,120,2100000,1,1,4,35,40,92.7645644
31日,日本,新千歳,日本,羽田,12:30,60,10,1470000,30000,49,小規模運航,120,2100000,1,1,4,35,40,82.9697663
31日,日本,新千歳,日本,羽田,13:00,60,10,1260000,30000,42,小規模運航,120,2100000,1,1,4,35,40,95.6316981
31日,日本,新千歳,日本,羽田,13:30,60,10,1410000,30000,47,小規模運航,120,2100000,1,1,4,35,40,97.2202954
31日,日本,新千歳,日本,羽田,14:00,60,10,1350000,30000,45,小規模運航,120,2100000,1,1,4,35,40,92.5755034
31日,日本,新千歳,日本,羽田,14:30,60,10,1260000,30000,42,小規模運航,120,2100000,1,1,4,35,40,97.0585818
31日,日本,新千歳,日本,羽田,15:00,60,10,1260000,30000,42,小規模運航,120,2100000,1,1,4,35,40,95.8359231
31日,日本,新千歳,日本,羽田,15:30,60,10,1350000,30000,45,小規模運航,120,2100000,1,1,4,35,40,98.0842586
31日,日本,新千歳,日本,羽田,16:00,60,10,1410000,30000,47,小規模運航,120,2100000,1,1,4,35,40,81.9302965
31日,日本,新千歳,日本,羽田,16:30,60,10,1530000,30000,51,小規模運航,120,2100000,1,1,4,35,40,98.0774949
31日,日本,新千歳,日本,羽田,17:00,60,10,1560000,30000,52,小規模運航,120,2100000,1,1,4,35,40,88.1665344
31日,日本,新千歳,日本,羽田,17:30,60,10,1530000,30000,51,小規模運航,120,2100000,1,1,4,35,40,97.0804254
31日,日本,新千歳,日本,羽田,18:00,60,10,1650000,30000,55,小規模運航,120,2100000,1,1,4,35,40,95.9815619
31日,日本,新千歳,日本,羽田,18:30,60,10,1710000,30000,57,小規模運航,120,2100000,1,1,4,35,40,96.8313918
31日,日本,新千歳,日本,羽田,19:00,60,10,1590000,30000,53,小規模運航,120,2100000,1,1,4,35,40,85.1438066
31日,日本,新千歳,日本,羽田,19:30,60,10,1680000,30000,56,小規模運航,120,2100000,1,1,4,35,40,82.0589629
31日,日本,新千歳,日本,羽田,20:00,60,10,1500000,30000,50,小規模運航,120,2100000,1,1,4,35,40,94.6516003
31日,日本,新千歳,日本,羽田,20:30,60,10,1500000,30000,50,小規模運航,120,2100000,1,1,4,35,40,92.9600608
31日,日本,新千歳,日本,羽田,21:00,60,10,1500000,30000,50,小規模運航,120,2100000,1,1,4,35,40,92.66005
31日,日本,新千歳,日本,羽田,21:30,60,10,1350000,30000,45,小規模運航,120,2100000,1,1,4,35,40,98.4628602
31日,日本,新千歳,日本,羽田,22:00,60,10,1170000,30000,39,小規模運航,120,2100000,1,1,4,35,40,81.4978971
31日,日本,新千歳,日本,羽田,22:30,60,10,1170000,30000,39,小規模運航,120,2100000,1,1,4,35,40,91.960956
1日,日本,新千歳,日本,中部,07:00,60,7,1200000,30000,40,小規模運航,120,2100000,1,1,4,35,40,90.9932713
1日,日本,新千歳,日本,中部,07:30,60,7,990000,30000,33,小規模運航,120,2100000,1,1,4,35,40,91.8204545
1日,日本,新千歳,日本,中部,08:00,60,7,1740000,30000,58,小規模運航,120,2100000,1,1,4,35,40,94.9466346
1日,日本,新千歳,日本,中部,08:30,60,7,1530000,30000,51,小規模運航,120,2100000,1,1,4,35,40,96.6942641
1日,日本,新千歳,日本,中部,09:00,60,7,1560000,30000,52,小規模運航,120,2100000,1,1,4,35,40,89.6437487
1日,日本,新千歳,日本,中部,09:30,60,7,1560000,30000,52,小規模運航,120,2100000,1,1,4,35,40,98.0661506
1日,日本,新千歳,日本,中部,10:00,60,7,1500000,30000,50,小規模運航,120,2100000,1,1,4,35,40,76.1219626
1日,日本,新千歳,日本,中部,10:30,60,7,1320000,30000,44,小規模運航,120,2100000,1,1,4,35,40,90.9808871
1日,日本,新千歳,日本,中部,11:00,60,7,1530000,30000,51,小規模運航,120,2100000,1,1,4,35,40,74.5225524
1日,日本,新千歳,日本,中部,11:30,60,7,1350000,30000,45,小規模運航,120,2100000,1,1,4,35,40,94.8738959
1日,日本,新千歳,日本,中部,12:00,60,7,1260000,30000,42,小規模運航,120,2100000,1,1,4,35,40,98.4516622
1日,日本,新千歳,日本,中部,12:30,60,7,1470000,30000,49,小規模運航,120,2100000,1,1,4,35,40,95.5547575
1日,日本,新千歳,日本,中部,13:00,60,7,1350000,30000,45,小規模運航,120,2100000,1,1,4,35,40,98.3488064
1日,日本,新千歳,日本,中部,13:30,60,7,1470000,30000,49,小規模運航,120,2100000,1,1,4,35,40,88.5627677
1日,日本,新千歳,日本,中部,14:00,60,7,1320000,30000,44,小規模運航,120,2100000,1,1,4,35,40,80.6870046
1日,日本,新千歳,日本,中部,14:30,60,7,1290000,30000,43,小規模運航,120,2100000,1,1,4,35,40,93.1867593
1日,日本,新千歳,日本,中部,15:00,60,7,1410000,30000,47,小規模運航,120,2100000,1,1,4,35,40,98.4299874
1日,日本,新千歳,日本,中部,15:30,60,7,1350000,30000,45,小規模運航,120,2100000,1,1,4,35,40,98.8045763
1日,日本,新千歳,日本,中部,16:00,60,7,1410000,30000,47,小規模運航,120,2100000,1,1,4,35,40,93.1627359
1日,日本,新千歳,日本,中部,16:30,60,7,1320000,30000,44,小規模運航,120,2100000,1,1,4,35,40,98.642077
1日,日本,新千歳,日本,中部,17:00,60,7,1620000,30000,54,小規模運航,120,2100000,1,1,4,35,40,96.6157287
1日,日本,新千歳,日本,中部,17:30,60,7,1770000,30000,59,小規模運航,120,2100000,1,1,4,35,40,96.7969732
1日,日本,新千歳,日本,中部,18:00,60,7,1740000,30000,58,小規模運航,120,2100000,1,1,4,35,40,95.8614285
1日,日本,新千歳,日本,中部,18:30,60,7,1650000,30000,55,小規模運航,120,2100000,1,1,4,35,40,86.7522021
1日,日本,新千歳,日本,中部,19:00,60,7,1560000,30000,52,小規模運航,120,2100000,1,1,4,35,40,93.9552937
1日,日本,新千歳,日本,中部,19:30,60,7,1650000,30000,55,小規模運航,120,2100000,1,1,4,35,40,95.7810101
1日,日本,新千歳,日本,中部,20:00,60,7,1530000,30000,51,小規模運航,120,2100000,1,1,4,35,40,97.7929408
1日,日本,新千歳,日本,中部,20:30,60,7,1440000,30000,48,小規模運航,120,2100000,1,1,4,35,40,97.1016584
1日,日本,新千歳,日本,中部,21:00,60,7,1260000,30000,42,小規模運航,120,2100000,1,1,4,35,40,95.6637505
1日,日本,新千歳,日本,中部,21:30,60,7,1500000,30000,50,小規模運航,120,2100000,1,1,4,35,40,97.4381304
1日,日本,新千歳,日本,中部,22:00,60,7,1020000,30000,34,小規模運航,120,2100000,1,1,4,35,40,81.6273925
1日,日本,新千歳,日本,中部,22:30,60,7,1170000,30000,39,小規模運航,120,2100000,1,1,4,35,40,97.2045623
2日,日本,新千歳,日本,中部,07:00,60,7,990000,30000,33,小規模運航,120,2100000,1,1,4,35,40,77.760582
2日,日本,新千歳,日本,中部,07:30,60,7,1020000,30000,34,小規模運航,120,2100000,1,1,4,35,40,88.5888284
2日,日本,新千歳,日本,中部,08:00,60,7,1590000,30000,53,小規模運航,120,2100000,1,1,4,35,40,75.0918451
2日,日本,新千歳,日本,中部,08:30,60,7,1590000,30000,53,小規模運航,120,2100000,1,1,4,35,40,92.9146085
2日,日本,新千歳,日本,中部,09:00,60,7,1530000,30000,51,小規模運航,120,2100000,1,1,4,35,40,84.3955737
2日,日本,新千歳,日本,中部,09:30,60,7,1800000,30000,60,小規模運航,120,2100000,1,1,4,35,40,92.102385
2日,日本,新千歳,日本,中部,10:00,60,7,1500000,30000,50,小規模運航,120,2100000,1,1,4,35,40,76.1219626
2日,日本,新千歳,日本,中部,10:30,60,7,1530000,30000,51,小規模運航,120,2100000,1,1,4,35,40,93.160183
2日,日本,新千歳,日本,中部,11:00,60,7,1260000,30000,42,小規模運航,120,2100000,1,1,4,35,40,98.2917426
2日,日本,新千歳,日本,中部,11:30,60,7,1320000,30000,44,小規模運航,120,2100000,1,1,4,35,40,98.036566
2日,日本,新千歳,日本,中部,12:00,60,7,1500000,30000,50,小規模運航,120,2100000,1,1,4,35,40,97.2490813
2日,日本,新千歳,日本,中部,12:30,60,7,1320000,30000,44,小規模運航,120,2100000,1,1,4,35,40,92.9599469
2日,日本,新千歳,日本,中部,13:00,60,7,1350000,30000,45,小規模運航,120,2100000,1,1,4,35,40,98.3488064
2日,日本,新千歳,日本,中部,13:30,60,7,1350000,30000,45,小規模運航,120,2100000,1,1,4,35,40,84.2673645
2日,日本,新千歳,日本,中部,14:00,60,7,1440000,30000,48,小規模運航,120,2100000,1,1,4,35,40,83.1620838
2日,日本,新千歳,日本,中部,14:30,60,7,1500000,30000,50,小規模運航,120,2100000,1,1,4,35,40,86.000342
2日,日本,新千歳,日本,中部,15:00,60,7,1470000,30000,49,小規模運航,120,2100000,1,1,4,35,40,97.8106703
2日,日本,新千歳,日本,中部,15:30,60,7,1410000,30000,47,小規模運航,120,2100000,1,1,4,35,40,95.2987485
2日,日本,新千歳,日本,中部,16:00,60,7,1260000,30000,42,小規模運航,120,2100000,1,1,4,35,40,96.0697598
2日,日本,新千歳,日本,中部,16:30,60,7,1470000,30000,49,小規模運航,120,2100000,1,1,4,35,40,93.0403424
2日,日本,新千歳,日本,中部,17:00,60,7,1710000,30000,57,小規模運航,120,2100000,1,1,4,35,40,84.4319921
2日,日本,新千歳,日本,中部,17:30,60,7,1650000,30000,55,小規模運航,120,2100000,1,1,4,35,40,67.9159236
2日,日本,新千歳,日本,中部,18:00,60,7,1590000,30000,53,小規模運航,120,2100000,1,1,4,35,40,98.782588
2日,日本,新千歳,日本,中部,18:30,60,7,1680000,30000,56,小規模運航,120,2100000,1,1,4,35,40,93.5742104
2日,日本,新千歳,日本,中部,19:00,60,7,1680000,30000,56,小規模運航,120,2100000,1,1,4,35,40,98.5720173
2日,日本,新千歳,日本,中部,19:30,60,7,1710000,30000,57,小規模運航,120,2100000,1,1,4,35,40,95.5862173
2日,日本,新千歳,日本,中部,20:00,60,7,1440000,30000,48,小規模運航,120,2100000,1,1,4,35,40,90.5294069
2日,日本,新千歳,日本,中部,20:30,60,7,1410000,30000,47,小規模運航,120,2100000,1,1,4,35,40,96.2512254
2日,日本,新千歳,日本,中部,21:00,60,7,1260000,30000,42,小規模運航,120,2100000,1,1,4,35,40,95.6637505
2日,日本,新千歳,日本,中部,21:30,60,7,1320000,30000,44,小規模運航,120,2100000,1,1,4,35,40,77.1314115
2日,日本,新千歳,日本,中部,22:00,60,7,1050000,30000,35,小規模運航,120,2100000,1,1,4,35,40,67.673991
2日,日本,新千歳,日本,中部,22:30,60,7,1110000,30000,37,小規模運航,120,2100000,1,1,4,35,40,93.4201656
3日,日本,新千歳,日本,中部,07:00,60,7,1140000,30000,38,小規模運航,120,2100000,1,1,4,35,40,95.4376132
3日,日本,新千歳,日本,中部,07:30,60,7,1080000,30000,36,小規模運航,120,2100000,1,1,4,35,40,78.131229
3日,日本,新千歳,日本,中部,08:00,60,7,1650000,30000,55,小規模運航,120,2100000,1,1,4,35,40,91.0156534
3日,日本,新千歳,日本,中部,08:30,60,7,1740000,30000,58,小規模運航,120,2100000,1,1,4,35,40,98.6815825
3日,日本,新千歳,日本,中部,09:00,60,7,1560000,30000,52,小規模運航,120,2100000,1,1,4,35,40,89.6437487
3日,日本,新千歳,日本,中部,09:30,60,7,1740000,30000,58,小規模運航,120,2100000,1,1,4,35,40,94.7689422
3日,日本,新千歳,日本,中部,10:00,60,7,1350000,30000,45,小規模運航,120,2100000,1,1,4,35,40,92.5359388
3日,日本,新千歳,日本,中部,10:30,60,7,1350000,30000,45,小規模運航,120,2100000,1,1,4,35,40,98.4809524
3日,日本,新千歳,日本,中部,11:00,60,7,1380000,30000,46,小規模運航,120,2100000,1,1,4,35,40,83.6488618
3日,日本,新千歳,日本,中部,11:30,60,7,1320000,30000,44,小規模運航,120,2100000,1,1,4,35,40,98.036566
3日,日本,新千歳,日本,中部,12:00,60,7,1380000,30000,46,小規模運航,120,2100000,1,1,4,35,40,92.4367983
3日,日本,新千歳,日本,中部,12:30,60,7,1470000,30000,49,小規模運航,120,2100000,1,1,4,35,40,95.5547575
3日,日本,新千歳,日本,中部,13:00,60,7,1500000,30000,50,小規模運航,120,2100000,1,1,4,35,40,97.6723845
3日,日本,新千歳,日本,中部,13:30,60,7,1290000,30000,43,小規模運航,120,2100000,1,1,4,35,40,92.162437
3日,日本,新千歳,日本,中部,14:00,60,7,1500000,30000,50,小規模運航,120,2100000,1,1,4,35,40,97.3055039
3日,日本,新千歳,日本,中部,14:30,60,7,1470000,30000,49,小規模運航,120,2100000,1,1,4,35,40,94.2224174
3日,日本,新千歳,日本,中部,15:00,60,7,1500000,30000,50,小規模運航,120,2100000,1,1,4,35,40,94.3966525
3日,日本,新千歳,日本,中部,15:30,60,7,1260000,30000,42,小規模運航,120,2100000,1,1,4,35,40,92.8062381
3日,日本,新千歳,日本,中部,16:00,60,7,1470000,30000,49,小規模運航,120,2100000,1,1,4,35,40,83.8798886
3日,日本,新千歳,日本,中部,16:30,60,7,1410000,30000,47,小規模運航,120,2100000,1,1,4,35,40,79.1100375
3日,日本,新千歳,日本,中部,17:00,60,7,1710000,30000,57,小規模運航,120,2100000,1,1,4,35,40,84.4319921
3日,日本,新千歳,日本,中部,17:30,60,7,1620000,30000,54,小規模運航,120,2100000,1,1,4,35,40,96.0024282
3日,日本,新千歳,日本,中部,18:00,60,7,1740000,30000,58,小規模運航,120,2100000,1,1,4,35,40,95.8614285
3日,日本,新千歳,日本,中部,18:30,60,7,1740000,30000,58,小規模運航,120,2100000,1,1,4,35,40,98.185333
3日,日本,新千歳,日本,中部,19:00,60,7,1590000,30000,53,小規模運航,120,2100000,1,1,4,35,40,87.1576433
3日,日本,新千歳,日本,中部,19:30,60,7,1620000,30000,54,小規模運航,120,2100000,1,1,4,35,40,95.7332651
3日,日本,新千歳,日本,中部,20:00,60,7,1320000,30000,44,小規模運航,120,2100000,1,1,4,35,40,95.6146857
3日,日本,新千歳,日本,中部,20:30,60,7,1470000,30000,49,小規模運航,120,2100000,1,1,4,35,40,94.4081623
3日,日本,新千歳,日本,中部,21:00,60,7,1290000,30000,43,小規模運航,120,2100000,1,1,4,35,40,84.4122404
3日,日本,新千歳,日本,中部,21:30,60,7,1290000,30000,43,小規模運航,120,2100000,1,1,4,35,40,91.3713195
3日,日本,新千歳,日本,中部,22:00,60,7,1050000,30000,35,小規模運航,120,2100000,1,1,4,35,40,67.673991
3日,日本,新千歳,日本,中部,22:30,60,7,1140000,30000,38,小規模運航,120,2100000,1,1,4,35,40,93.2774658
4日,日本,新千歳,日本,中部,07:00,60,7,990000,30000,33,小規模運航,120,2100000,1,1,4,35,40,77.760582
4日,日本,新千歳,日本,中部,07:30,60,7,990000,30000,33,小規模運航,120,2100000,1,1,4,35,40,91.8204545
4日,日本,新千歳,日本,中部,08:00,60,7,1770000,30000,59,小規模運航,120,2100000,1,1,4,35,40,96.6970722
4日,日本,新千歳,日本,中部,08:30,60,7,1770000,30000,59,小規模運航,120,2100000,1,1,4,35,40,98.9746686
4日,日本,新千歳,日本,中部,09:00,60,7,1740000,30000,58,小規模運航,120,2100000,1,1,4,35,40,98.4389157
4日,日本,新千歳,日本,中部,09:30,60,7,1650000,30000,55,小規模運航,120,2100000,1,1,4,35,40,96.3883307
4日,日本,新千歳,日本,中部,10:00,60,7,1260000,30000,42,小規模運航,120,2100000,1,1,4,35,40,98.4534014
4日,日本,新千歳,日本,中部,10:30,60,7,1410000,30000,47,小規模運航,120,2100000,1,1,4,35,40,91.6269173
4日,日本,新千歳,日本,中部,11:00,60,7,1320000,30000,44,小規模運航,120,2100000,1,1,4,35,40,96.50036
4日,日本,新千歳,日本,中部,11:30,60,7,1530000,30000,51,小規模運航,120,2100000,1,1,4,35,40,87.7751174
4日,日本,新千歳,日本,中部,12:00,60,7,1290000,30000,43,小規模運航,120,2100000,1,1,4,35,40,96.0750493
4日,日本,新千歳,日本,中部,12:30,60,7,1440000,30000,48,小規模運航,120,2100000,1,1,4,35,40,97.936541
4日,日本,新千歳,日本,中部,13:00,60,7,1290000,30000,43,小規模運航,120,2100000,1,1,4,35,40,84.1979965
4日,日本,新千歳,日本,中部,13:30,60,7,1320000,30000,44,小規模運航,120,2100000,1,1,4,35,40,95.756233
4日,日本,新千歳,日本,中部,14:00,60,7,1410000,30000,47,小規模運航,120,2100000,1,1,4,35,40,94.0746688
4日,日本,新千歳,日本,中部,14:30,60,7,1320000,30000,44,小規模運航,120,2100000,1,1,4,35,40,90.1180266
4日,日本,新千歳,日本,中部,15:00,60,7,1500000,30000,50,小規模運航,120,2100000,1,1,4,35,40,94.3966525
4日,日本,新千歳,日本,中部,15:30,60,7,1320000,30000,44,小規模運航,120,2100000,1,1,4,35,40,98.0276623
4日,日本,新千歳,日本,中部,16:00,60,7,1440000,30000,48,小規模運航,120,2100000,1,1,4,35,40,97.6003273
4日,日本,新千歳,日本,中部,16:30,60,7,1410000,30000,47,小規模運航,120,2100000,1,1,4,35,40,79.1100375
4日,日本,新千歳,日本,中部,17:00,60,7,1770000,30000,59,小規模運航,120,2100000,1,1,4,35,40,94.6346582
4日,日本,新千歳,日本,中部,17:30,60,7,1740000,30000,58,小規模運航,120,2100000,1,1,4,35,40,83.1484859
4日,日本,新千歳,日本,中部,18:00,60,7,1680000,30000,56,小規模運航,120,2100000,1,1,4,35,40,86.2476136
4日,日本,新千歳,日本,中部,18:30,60,7,1800000,30000,60,小規模運航,120,2100000,1,1,4,35,40,94.9106947
4日,日本,新千歳,日本,中部,19:00,60,7,1620000,30000,54,小規模運航,120,2100000,1,1,4,35,40,96.6729569
4日,日本,新千歳,日本,中部,19:30,60,7,1620000,30000,54,小規模運航,120,2100000,1,1,4,35,40,95.7332651
4日,日本,新千歳,日本,中部,20:00,60,7,1290000,30000,43,小規模運航,120,2100000,1,1,4,35,40,85.0275232
4日,日本,新千歳,日本,中部,20:30,60,7,1320000,30000,44,小規模運航,120,2100000,1,1,4,35,40,94.2662062
4日,日本,新千歳,日本,中部,21:00,60,7,1500000,30000,50,小規模運航,120,2100000,1,1,4,35,40,93.2953148
4日,日本,新千歳,日本,中部,21:30,60,7,1410000,30000,47,小規模運航,120,2100000,1,1,4,35,40,83.0280743
4日,日本,新千歳,日本,中部,22:00,60,7,1200000,30000,40,小規模運航,120,2100000,1,1,4,35,40,86.0780658
4日,日本,新千歳,日本,中部,22:30,60,7,1050000,30000,35,小規模運航,120,2100000,1,1,4,35,40,93.9993146
5日,日本,新千歳,日本,中部,07:00,60,7,1230000,30000,41,小規模運航,120,2100000,1,1,4,35,40,69.1977195
5日,日本,新千歳,日本,中部,07:30,60,7,1170000,30000,39,小規模運航,120,2100000,1,1,4,35,40,90.130671
5日,日本,新千歳,日本,中部,08:00,60,7,1590000,30000,53,小規模運航,120,2100000,1,1,4,35,40,75.0918451
5日,日本,新千歳,日本,中部,08:30,60,7,1560000,30000,52,小規模運航,120,2100000,1,1,4,35,40,96.1016709
5日,日本,新千歳,日本,中部,09:00,60,7,1710000,30000,57,小規模運航,120,2100000,1,1,4,35,40,96.6028294
5日,日本,新千歳,日本,中部,09:30,60,7,1770000,30000,59,小規模運航,120,2100000,1,1,4,35,40,98.6333497
5日,日本,新千歳,日本,中部,10:00,60,7,1380000,30000,46,小規模運航,120,2100000,1,1,4,35,40,90.8655666
5日,日本,新千歳,日本,中部,10:30,60,7,1380000,30000,46,小規模運航,120,2100000,1,1,4,35,40,90.3022016
5日,日本,新千歳,日本,中部,11:00,60,7,1470000,30000,49,小規模運航,120,2100000,1,1,4,35,40,95.2852761
5日,日本,新千歳,日本,中部,11:30,60,7,1410000,30000,47,小規模運航,120,2100000,1,1,4,35,40,93.8805532
5日,日本,新千歳,日本,中部,12:00,60,7,1470000,30000,49,小規模運航,120,2100000,1,1,4,35,40,99.0244679
5日,日本,新千歳,日本,中部,12:30,60,7,1290000,30000,43,小規模運航,120,2100000,1,1,4,35,40,84.052689
5日,日本,新千歳,日本,中部,13:00,60,7,1470000,30000,49,小規模運航,120,2100000,1,1,4,35,40,94.3827674
5日,日本,新千歳,日本,中部,13:30,60,7,1470000,30000,49,小規模運航,120,2100000,1,1,4,35,40,88.5627677
5日,日本,新千歳,日本,中部,14:00,60,7,1290000,30000,43,小規模運航,120,2100000,1,1,4,35,40,88.0345087
5日,日本,新千歳,日本,中部,14:30,60,7,1440000,30000,48,小規模運航,120,2100000,1,1,4,35,40,95.3149006
5日,日本,新千歳,日本,中部,15:00,60,7,1260000,30000,42,小規模運航,120,2100000,1,1,4,35,40,80.9205144
5日,日本,新千歳,日本,中部,15:30,60,7,1290000,30000,43,小規模運航,120,2100000,1,1,4,35,40,92.0267436
5日,日本,新千歳,日本,中部,16:00,60,7,1410000,30000,47,小規模運航,120,2100000,1,1,4,35,40,93.1627359
5日,日本,新千歳,日本,中部,16:30,60,7,1500000,30000,50,小規模運航,120,2100000,1,1,4,35,40,85.3244256
5日,日本,新千歳,日本,中部,17:00,60,7,1770000,30000,59,小規模運航,120,2100000,1,1,4,35,40,94.6346582
5日,日本,新千歳,日本,中部,17:30,60,7,1710000,30000,57,小規模運航,120,2100000,1,1,4,35,40,96.2554994
5日,日本,新千歳,日本,中部,18:00,60,7,1770000,30000,59,小規模運航,120,2100000,1,1,4,35,40,94.599861
5日,日本,新千歳,日本,中部,18:30,60,7,1620000,30000,54,小規模運航,120,2100000,1,1,4,35,40,98.6847598
5日,日本,新千歳,日本,中部,19:00,60,7,1560000,30000,52,小規模運航,120,2100000,1,1,4,35,40,93.9552937
5日,日本,新千歳,日本,中部,19:30,60,7,1650000,30000,55,小規模運航,120,2100000,1,1,4,35,40,95.7810101
5日,日本,新千歳,日本,中部,20:00,60,7,1320000,30000,44,小規模運航,120,2100000,1,1,4,35,40,95.6146857
5日,日本,新千歳,日本,中部,20:30,60,7,1440000,30000,48,小規模運航,120,2100000,1,1,4,35,40,97.1016584
5日,日本,新千歳,日本,中部,21:00,60,7,1260000,30000,42,小規模運航,120,2100000,1,1,4,35,40,95.6637505
5日,日本,新千歳,日本,中部,21:30,60,7,1410000,30000,47,小規模運航,120,2100000,1,1,4,35,40,83.0280743
5日,日本,新千歳,日本,中部,22:00,60,7,1170000,30000,39,小規模運航,120,2100000,1,1,4,35,40,78.6661576
5日,日本,新千歳,日本,中部,22:30,60,7,1140000,30000,38,小規模運航,120,2100000,1,1,4,35,40,93.2774658
6日,日本,新千歳,日本,中部,07:00,60,7,1050000,30000,35,小規模運航,120,2100000,1,1,4,35,40,67.0720799
6日,日本,新千歳,日本,中部,07:30,60,7,1050000,30000,35,小規模運航,120,2100000,1,1,4,35,40,71.4265404
6日,日本,新千歳,日本,中部,08:00,60,7,1770000,30000,59,小規模運航,120,2100000,1,1,4,35,40,96.6970722
6日,日本,新千歳,日本,中部,08:30,60,7,1800000,30000,60,小規模運航,120,2100000,1,1,4,35,40,98.0907987
6日,日本,新千歳,日本,中部,09:00,60,7,1680000,30000,56,小規模運航,120,2100000,1,1,4,35,40,82.7743016
6日,日本,新千歳,日本,中部,09:30,60,7,1770000,30000,59,小規模運航,120,2100000,1,1,4,35,40,98.6333497
6日,日本,新千歳,日本,中部,10:00,60,7,1440000,30000,48,小規模運航,120,2100000,1,1,4,35,40,85.0084873
6日,日本,新千歳,日本,中部,10:30,60,7,1410000,30000,47,小規模運航,120,2100000,1,1,4,35,40,91.6269173
6日,日本,新千歳,日本,中部,11:00,60,7,1410000,30000,47,小規模運航,120,2100000,1,1,4,35,40,98.309126
6日,日本,新千歳,日本,中部,11:30,60,7,1530000,30000,51,小規模運航,120,2100000,1,1,4,35,40,87.7751174
6日,日本,新千歳,日本,中部,12:00,60,7,1530000,30000,51,小規模運航,120,2100000,1,1,4,35,40,98.4261243
6日,日本,新千歳,日本,中部,12:30,60,7,1500000,30000,50,小規模運航,120,2100000,1,1,4,35,40,79.2718754
6日,日本,新千歳,日本,中部,13:00,60,7,1380000,30000,46,小規模運航,120,2100000,1,1,4,35,40,90.9286541
6日,日本,新千歳,日本,中部,13:30,60,7,1350000,30000,45,小規模運航,120,2100000,1,1,4,35,40,84.2673645
6日,日本,新千歳,日本,中部,14:00,60,7,1380000,30000,46,小規模運航,120,2100000,1,1,4,35,40,97.9829336
6日,日本,新千歳,日本,中部,14:30,60,7,1500000,30000,50,小規模運航,120,2100000,1,1,4,35,40,86.000342
6日,日本,新千歳,日本,中部,15:00,60,7,1440000,30000,48,小規模運航,120,2100000,1,1,4,35,40,97.7695045
6日,日本,新千歳,日本,中部,15:30,60,7,1380000,30000,46,小規模運航,120,2100000,1,1,4,35,40,95.8645929
6日,日本,新千歳,日本,中部,16:00,60,7,1260000,30000,42,小規模運航,120,2100000,1,1,4,35,40,96.0697598
6日,日本,新千歳,日本,中部,16:30,60,7,1410000,30000,47,小規模運航,120,2100000,1,1,4,35,40,79.1100375
6日,日本,新千歳,日本,中部,17:00,60,7,1770000,30000,59,小規模運航,120,2100000,1,1,4,35,40,94.6346582
6日,日本,新千歳,日本,中部,17:30,60,7,1710000,30000,57,小規模運航,120,2100000,1,1,4,35,40,96.2554994
6日,日本,新千歳,日本,中部,18:00,60,7,1620000,30000,54,小規模運航,120,2100000,1,1,4,35,40,88.1149093
6日,日本,新千歳,日本,中部,18:30,60,7,1650000,30000,55,小規模運航,120,2100000,1,1,4,35,40,86.7522021
6日,日本,新千歳,日本,中部,19:00,60,7,1770000,30000,59,小規模運航,120,2100000,1,1,4,35,40,94.1009107
6日,日本,新千歳,日本,中部,19:30,60,7,1680000,30000,56,小規模運航,120,2100000,1,1,4,35,40,92.824459
6日,日本,新千歳,日本,中部,20:00,60,7,1470000,30000,49,小規模運航,120,2100000,1,1,4,35,40,96.2641552
6日,日本,新千歳,日本,中部,20:30,60,7,1290000,30000,43,小規模運航,120,2100000,1,1,4,35,40,80.4040514
6日,日本,新千歳,日本,中部,21:00,60,7,1260000,30000,42,小規模運航,120,2100000,1,1,4,35,40,95.6637505
6日,日本,新千歳,日本,中部,21:30,60,7,1380000,30000,46,小規模運航,120,2100000,1,1,4,35,40,96.3535912
6日,日本,新千歳,日本,中部,22:00,60,7,1260000,30000,42,小規模運航,120,2100000,1,1,4,35,40,93.2981959
6日,日本,新千歳,日本,中部,22:30,60,7,1020000,30000,34,小規模運航,120,2100000,1,1,4,35,40,89.0329283
7日,日本,新千歳,日本,中部,07:00,60,7,1050000,30000,35,小規模運航,120,2100000,1,1,4,35,40,67.0720799
7日,日本,新千歳,日本,中部,07:30,60,7,1230000,30000,41,小規模運航,120,2100000,1,1,4,35,40,95.6695769
7日,日本,新千歳,日本,中部,08:00,60,7,1770000,30000,59,小規模運航,120,2100000,1,1,4,35,40,96.6970722
7日,日本,新千歳,日本,中部,08:30,60,7,1530000,30000,51,小規模運航,120,2100000,1,1,4,35,40,96.6942641
7日,日本,新千歳,日本,中部,09:00,60,7,1590000,30000,53,小規模運航,120,2100000,1,1,4,35,40,88.7949486
7日,日本,新千歳,日本,中部,09:30,60,7,1590000,30000,53,小規模運航,120,2100000,1,1,4,35,40,92.4491106
7日,日本,新千歳,日本,中部,10:00,60,7,1320000,30000,44,小規模運航,120,2100000,1,1,4,35,40,95.9948698
7日,日本,新千歳,日本,中部,10:30,60,7,1410000,30000,47,小規模運航,120,2100000,1,1,4,35,40,91.6269173
7日,日本,新千歳,日本,中部,11:00,60,7,1320000,30000,44,小規模運航,120,2100000,1,1,4,35,40,96.50036
7日,日本,新千歳,日本,中部,11:30,60,7,1500000,30000,50,小規模運航,120,2100000,1,1,4,35,40,83.3984809
7日,日本,新千歳,日本,中部,12:00,60,7,1530000,30000,51,小規模運航,120,2100000,1,1,4,35,40,98.4261243
7日,日本,新千歳,日本,中部,12:30,60,7,1410000,30000,47,小規模運航,120,2100000,1,1,4,35,40,96.1823626
7日,日本,新千歳,日本,中部,13:00,60,7,1350000,30000,45,小規模運航,120,2100000,1,1,4,35,40,98.3488064
7日,日本,新千歳,日本,中部,13:30,60,7,1470000,30000,49,小規模運航,120,2100000,1,1,4,35,40,88.5627677
7日,日本,新千歳,日本,中部,14:00,60,7,1500000,30000,50,小規模運航,120,2100000,1,1,4,35,40,97.3055039
7日,日本,新千歳,日本,中部,14:30,60,7,1320000,30000,44,小規模運航,120,2100000,1,1,4,35,40,90.1180266
7日,日本,新千歳,日本,中部,15:00,60,7,1410000,30000,47,小規模運航,120,2100000,1,1,4,35,40,98.4299874
7日,日本,新千歳,日本,中部,15:30,60,7,1350000,30000,45,小規模運航,120,2100000,1,1,4,35,40,98.8045763
7日,日本,新千歳,日本,中部,16:00,60,7,1320000,30000,44,小規模運航,120,2100000,1,1,4,35,40,87.3712075
7日,日本,新千歳,日本,中部,16:30,60,7,1410000,30000,47,小規模運航,120,2100000,1,1,4,35,40,79.1100375
7日,日本,新千歳,日本,中部,17:00,60,7,1680000,30000,56,小規模運航,120,2100000,1,1,4,35,40,91.8792618
7日,日本,新千歳,日本,中部,17:30,60,7,1800000,30000,60,小規模運航,120,2100000,1,1,4,35,40,97.6148888
7日,日本,新千歳,日本,中部,18:00,60,7,1560000,30000,52,小規模運航,120,2100000,1,1,4,35,40,97.4742369
7日,日本,新千歳,日本,中部,18:30,60,7,1770000,30000,59,小規模運航,120,2100000,1,1,4,35,40,92.6776045
7日,日本,新千歳,日本,中部,19:00,60,7,1590000,30000,53,小規模運航,120,2100000,1,1,4,35,40,87.1576433
7日,日本,新千歳,日本,中部,19:30,60,7,1620000,30000,54,小規模運航,120,2100000,1,1,4,35,40,95.7332651
7日,日本,新千歳,日本,中部,20:00,60,7,1350000,30000,45,小規模運航,120,2100000,1,1,4,35,40,95.2736109
7日,日本,新千歳,日本,中部,20:30,60,7,1410000,30000,47,小規模運航,120,2100000,1,1,4,35,40,96.2512254
7日,日本,新千歳,日本,中部,21:00,60,7,1350000,30000,45,小規模運航,120,2100000,1,1,4,35,40,84.535417
7日,日本,新千歳,日本,中部,21:30,60,7,1260000,30000,42,小規模運航,120,2100000,1,1,4,35,40,93.4094127
7日,日本,新千歳,日本,中部,22:00,60,7,1230000,30000,41,小規模運航,120,2100000,1,1,4,35,40,97.5298761
7日,日本,新千歳,日本,中部,22:30,60,7,1170000,30000,39,小規模運航,120,2100000,1,1,4,35,40,97.2045623
8日,日本,新千歳,日本,中部,07:00,60,7,1170000,30000,39,小規模運航,120,2100000,1,1,4,35,40,72.9277389
8日,日本,新千歳,日本,中部,07:30,60,7,1050000,30000,35,小規模運航,120,2100000,1,1,4,35,40,71.4265404
8日,日本,新千歳,日本,中部,08:00,60,7,1680000,30000,56,小規模運航,120,2100000,1,1,4,35,40,81.2778755
8日,日本,新千歳,日本,中部,08:30,60,7,1590000,30000,53,小規模運航,120,2100000,1,1,4,35,40,92.9146085
8日,日本,新千歳,日本,中部,09:00,60,7,1680000,30000,56,小規模運航,120,2100000,1,1,4,35,40,82.7743016
8日,日本,新千歳,日本,中部,09:30,60,7,1590000,30000,53,小規模運航,120,2100000,1,1,4,35,40,92.4491106
8日,日本,新千歳,日本,中部,10:00,60,7,1380000,30000,46,小規模運航,120,2100000,1,1,4,35,40,90.8655666
8日,日本,新千歳,日本,中部,10:30,60,7,1440000,30000,48,小規模運航,120,2100000,1,1,4,35,40,92.7811216
8日,日本,新千歳,日本,中部,11:00,60,7,1380000,30000,46,小規模運航,120,2100000,1,1,4,35,40,83.6488618
8日,日本,新千歳,日本,中部,11:30,60,7,1350000,30000,45,小規模運航,120,2100000,1,1,4,35,40,94.8738959
8日,日本,新千歳,日本,中部,12:00,60,7,1410000,30000,47,小規模運航,120,2100000,1,1,4,35,40,97.8777108
8日,日本,新千歳,日本,中部,12:30,60,7,1470000,30000,49,小規模運航,120,2100000,1,1,4,35,40,95.5547575
8日,日本,新千歳,日本,中部,13:00,60,7,1410000,30000,47,小規模運航,120,2100000,1,1,4,35,40,78.5128891
8日,日本,新千歳,日本,中部,13:30,60,7,1440000,30000,48,小規模運航,120,2100000,1,1,4,35,40,94.7547239
8日,日本,新千歳,日本,中部,14:00,60,7,1500000,30000,50,小規模運航,120,2100000,1,1,4,35,40,97.3055039
8日,日本,新千歳,日本,中部,14:30,60,7,1440000,30000,48,小規模運航,120,2100000,1,1,4,35,40,95.3149006
8日,日本,新千歳,日本,中部,15:00,60,7,1500000,30000,50,小規模運航,120,2100000,1,1,4,35,40,94.3966525
8日,日本,新千歳,日本,中部,15:30,60,7,1260000,30000,42,小規模運航,120,2100000,1,1,4,35,40,92.8062381
8日,日本,新千歳,日本,中部,16:00,60,7,1470000,30000,49,小規模運航,120,2100000,1,1,4,35,40,83.8798886
8日,日本,新千歳,日本,中部,16:30,60,7,1350000,30000,45,小規模運航,120,2100000,1,1,4,35,40,93.1417737
8日,日本,新千歳,日本,中部,17:00,60,7,1740000,30000,58,小規模運航,120,2100000,1,1,4,35,40,99.1024432
8日,日本,新千歳,日本,中部,17:30,60,7,1770000,30000,59,小規模運航,120,2100000,1,1,4,35,40,96.7969732
8日,日本,新千歳,日本,中部,18:00,60,7,1740000,30000,58,小規模運航,120,2100000,1,1,4,35,40,95.8614285
8日,日本,新千歳,日本,中部,18:30,60,7,1590000,30000,53,小規模運航,120,2100000,1,1,4,35,40,96.4519089
8日,日本,新千歳,日本,中部,19:00,60,7,1680000,30000,56,小規模運航,120,2100000,1,1,4,35,40,98.5720173
8日,日本,新千歳,日本,中部,19:30,60,7,1530000,30000,51,小規模運航,120,2100000,1,1,4,35,40,91.7753843
8日,日本,新千歳,日本,中部,20:00,60,7,1410000,30000,47,小規模運航,120,2100000,1,1,4,35,40,86.9874054
8日,日本,新千歳,日本,中部,20:30,60,7,1290000,30000,43,小規模運航,120,2100000,1,1,4,35,40,80.4040514
8日,日本,新千歳,日本,中部,21:00,60,7,1500000,30000,50,小規模運航,120,2100000,1,1,4,35,40,93.2953148
8日,日本,新千歳,日本,中部,21:30,60,7,1500000,30000,50,小規模運航,120,2100000,1,1,4,35,40,97.4381304
8日,日本,新千歳,日本,中部,22:00,60,7,1200000,30000,40,小規模運航,120,2100000,1,1,4,35,40,86.0780658
8日,日本,新千歳,日本,中部,22:30,60,7,1260000,30000,42,小規模運航,120,2100000,1,1,4,35,40,84.9625357
9日,日本,新千歳,日本,中部,07:00,60,7,990000,30000,33,小規模運航,120,2100000,1,1,4,35,40,77.760582
9日,日本,新千歳,日本,中部,07:30,60,7,1110000,30000,37,小規模運航,120,2100000,1,1,4,35,40,83.2806192
9日,日本,新千歳,日本,中部,08:00,60,7,1800000,30000,60,小規模運航,120,2100000,1,1,4,35,40,94.8754201
9日,日本,新千歳,日本,中部,08:30,60,7,1650000,30000,55,小規模運航,120,2100000,1,1,4,35,40,98.6846018
9日,日本,新千歳,日本,中部,09:00,60,7,1800000,30000,60,小規模運航,120,2100000,1,1,4,35,40,94.3689597
9日,日本,新千歳,日本,中部,09:30,60,7,1590000,30000,53,小規模運航,120,2100000,1,1,4,35,40,92.4491106
9日,日本,新千歳,日本,中部,10:00,60,7,1320000,30000,44,小規模運航,120,2100000,1,1,4,35,40,95.9948698
9日,日本,新千歳,日本,中部,10:30,60,7,1410000,30000,47,小規模運航,120,2100000,1,1,4,35,40,91.6269173
9日,日本,新千歳,日本,中部,11:00,60,7,1290000,30000,43,小規模運航,120,2100000,1,1,4,35,40,95.4509457
9日,日本,新千歳,日本,中部,11:30,60,7,1530000,30000,51,小規模運航,120,2100000,1,1,4,35,40,87.7751174
9日,日本,新千歳,日本,中部,12:00,60,7,1350000,30000,45,小規模運航,120,2100000,1,1,4,35,40,98.6398608
9日,日本,新千歳,日本,中部,12:30,60,7,1500000,30000,50,小規模運航,120,2100000,1,1,4,35,40,79.2718754
9日,日本,新千歳,日本,中部,13:00,60,7,1260000,30000,42,小規模運航,120,2100000,1,1,4,35,40,93.1878144
9日,日本,新千歳,日本,中部,13:30,60,7,1410000,30000,47,小規模運航,120,2100000,1,1,4,35,40,89.9510302
9日,日本,新千歳,日本,中部,14:00,60,7,1260000,30000,42,小規模運航,120,2100000,1,1,4,35,40,94.0353848
9日,日本,新千歳,日本,中部,14:30,60,7,1530000,30000,51,小規模運航,120,2100000,1,1,4,35,40,94.9602575
9日,日本,新千歳,日本,中部,15:00,60,7,1410000,30000,47,小規模運航,120,2100000,1,1,4,35,40,98.4299874
9日,日本,新千歳,日本,中部,15:30,60,7,1500000,30000,50,小規模運航,120,2100000,1,1,4,35,40,74.8889115
9日,日本,新千歳,日本,中部,16:00,60,7,1440000,30000,48,小規模運航,120,2100000,1,1,4,35,40,97.6003273
9日,日本,新千歳,日本,中部,16:30,60,7,1440000,30000,48,小規模運航,120,2100000,1,1,4,35,40,82.8145095
9日,日本,新千歳,日本,中部,17:00,60,7,1680000,30000,56,小規模運航,120,2100000,1,1,4,35,40,91.8792618
9日,日本,新千歳,日本,中部,17:30,60,7,1680000,30000,56,小規模運航,120,2100000,1,1,4,35,40,95.4349247
9日,日本,新千歳,日本,中部,18:00,60,7,1770000,30000,59,小規模運航,120,2100000,1,1,4,35,40,94.599861
9日,日本,新千歳,日本,中部,18:30,60,7,1770000,30000,59,小規模運航,120,2100000,1,1,4,35,40,92.6776045
9日,日本,新千歳,日本,中部,19:00,60,7,1800000,30000,60,小規模運航,120,2100000,1,1,4,35,40,98.4888508
9日,日本,新千歳,日本,中部,19:30,60,7,1770000,30000,59,小規模運航,120,2100000,1,1,4,35,40,92.4203826
9日,日本,新千歳,日本,中部,20:00,60,7,1410000,30000,47,小規模運航,120,2100000,1,1,4,35,40,86.9874054
9日,日本,新千歳,日本,中部,20:30,60,7,1260000,30000,42,小規模運航,120,2100000,1,1,4,35,40,96.1176838
9日,日本,新千歳,日本,中部,21:00,60,7,1290000,30000,43,小規模運航,120,2100000,1,1,4,35,40,84.4122404
9日,日本,新千歳,日本,中部,21:30,60,7,1290000,30000,43,小規模運航,120,2100000,1,1,4,35,40,91.3713195
9日,日本,新千歳,日本,中部,22:00,60,7,1230000,30000,41,小規模運航,120,2100000,1,1,4,35,40,97.5298761
9日,日本,新千歳,日本,中部,22:30,60,7,1230000,30000,41,小規模運航,120,2100000,1,1,4,35,40,77.4320679
10日,日本,新千歳,日本,中部,07:00,60,7,1080000,30000,36,小規模運航,120,2100000,1,1,4,35,40,96.7171741
10日,日本,新千歳,日本,中部,07:30,60,7,1200000,30000,40,小規模運航,120,2100000,1,1,4,35,40,80.3129836
10日,日本,新千歳,日本,中部,08:00,60,7,1800000,30000,60,小規模運航,120,2100000,1,1,4,35,40,94.8754201
10日,日本,新千歳,日本,中部,08:30,60,7,1770000,30000,59,小規模運航,120,2100000,1,1,4,35,40,98.9746686
10日,日本,新千歳,日本,中部,09:00,60,7,1620000,30000,54,小規模運航,120,2100000,1,1,4,35,40,95.3406595
10日,日本,新千歳,日本,中部,09:30,60,7,1530000,30000,51,小規模運航,120,2100000,1,1,4,35,40,94.0608557
10日,日本,新千歳,日本,中部,10:00,60,7,1320000,30000,44,小規模運航,120,2100000,1,1,4,35,40,95.9948698
10日,日本,新千歳,日本,中部,10:30,60,7,1320000,30000,44,小規模運航,120,2100000,1,1,4,35,40,90.9808871
10日,日本,新千歳,日本,中部,11:00,60,7,1290000,30000,43,小規模運航,120,2100000,1,1,4,35,40,95.4509457
10日,日本,新千歳,日本,中部,11:30,60,7,1320000,30000,44,小規模運航,120,2100000,1,1,4,35,40,98.036566
10日,日本,新千歳,日本,中部,12:00,60,7,1290000,30000,43,小規模運航,120,2100000,1,1,4,35,40,96.0750493
10日,日本,新千歳,日本,中部,12:30,60,7,1530000,30000,51,小規模運航,120,2100000,1,1,4,35,40,86.5683006
10日,日本,新千歳,日本,中部,13:00,60,7,1410000,30000,47,小規模運航,120,2100000,1,1,4,35,40,78.5128891
10日,日本,新千歳,日本,中部,13:30,60,7,1500000,30000,50,小規模運航,120,2100000,1,1,4,35,40,77.5943875
10日,日本,新千歳,日本,中部,14:00,60,7,1470000,30000,49,小規模運航,120,2100000,1,1,4,35,40,97.5500821
10日,日本,新千歳,日本,中部,14:30,60,7,1500000,30000,50,小規模運航,120,2100000,1,1,4,35,40,86.000342
10日,日本,新千歳,日本,中部,15:00,60,7,1380000,30000,46,小規模運航,120,2100000,1,1,4,35,40,91.4155994
10日,日本,新千歳,日本,中部,15:30,60,7,1290000,30000,43,小規模運航,120,2100000,1,1,4,35,40,92.0267436
10日,日本,新千歳,日本,中部,16:00,60,7,1470000,30000,49,小規模運航,120,2100000,1,1,4,35,40,83.8798886
10日,日本,新千歳,日本,中部,16:30,60,7,1350000,30000,45,小規模運航,120,2100000,1,1,4,35,40,93.1417737
10日,日本,新千歳,日本,中部,17:00,60,7,1620000,30000,54,小規模運航,120,2100000,1,1,4,35,40,96.6157287
10日,日本,新千歳,日本,中部,17:30,60,7,1770000,30000,59,小規模運航,120,2100000,1,1,4,35,40,96.7969732
10日,日本,新千歳,日本,中部,18:00,60,7,1620000,30000,54,小規模運航,120,2100000,1,1,4,35,40,88.1149093
10日,日本,新千歳,日本,中部,18:30,60,7,1650000,30000,55,小規模運航,120,2100000,1,1,4,35,40,86.7522021
10日,日本,新千歳,日本,中部,19:00,60,7,1590000,30000,53,小規模運航,120,2100000,1,1,4,35,40,87.1576433
10日,日本,新千歳,日本,中部,19:30,60,7,1770000,30000,59,小規模運航,120,2100000,1,1,4,35,40,92.4203826
10日,日本,新千歳,日本,中部,20:00,60,7,1530000,30000,51,小規模運航,120,2100000,1,1,4,35,40,97.7929408
10日,日本,新千歳,日本,中部,20:30,60,7,1410000,30000,47,小規模運航,120,2100000,1,1,4,35,40,96.2512254
10日,日本,新千歳,日本,中部,21:00,60,7,1410000,30000,47,小規模運航,120,2100000,1,1,4,35,40,85.2630947
10日,日本,新千歳,日本,中部,21:30,60,7,1530000,30000,51,小規模運航,120,2100000,1,1,4,35,40,80.8326203
10日,日本,新千歳,日本,中部,22:00,60,7,1230000,30000,41,小規模運航,120,2100000,1,1,4,35,40,97.5298761
10日,日本,新千歳,日本,中部,22:30,60,7,1230000,30000,41,小規模運航,120,2100000,1,1,4,35,40,77.4320679
11日,日本,新千歳,日本,中部,07:00,60,7,1050000,30000,35,小規模運航,120,2100000,1,1,4,35,40,67.0720799
11日,日本,新千歳,日本,中部,07:30,60,7,1230000,30000,41,小規模運航,120,2100000,1,1,4,35,40,95.6695769
11日,日本,新千歳,日本,中部,08:00,60,7,1590000,30000,53,小規模運航,120,2100000,1,1,4,35,40,75.0918451
11日,日本,新千歳,日本,中部,08:30,60,7,1650000,30000,55,小規模運航,120,2100000,1,1,4,35,40,98.6846018
11日,日本,新千歳,日本,中部,09:00,60,7,1770000,30000,59,小規模運航,120,2100000,1,1,4,35,40,93.962954
11日,日本,新千歳,日本,中部,09:30,60,7,1770000,30000,59,小規模運航,120,2100000,1,1,4,35,40,98.6333497
11日,日本,新千歳,日本,中部,10:00,60,7,1380000,30000,46,小規模運航,120,2100000,1,1,4,35,40,90.8655666
11日,日本,新千歳,日本,中部,10:30,60,7,1440000,30000,48,小規模運航,120,2100000,1,1,4,35,40,92.7811216
11日,日本,新千歳,日本,中部,11:00,60,7,1260000,30000,42,小規模運航,120,2100000,1,1,4,35,40,98.2917426
11日,日本,新千歳,日本,中部,11:30,60,7,1440000,30000,48,小規模運航,120,2100000,1,1,4,35,40,91.6707381
11日,日本,新千歳,日本,中部,12:00,60,7,1500000,30000,50,小規模運航,120,2100000,1,1,4,35,40,97.2490813
11日,日本,新千歳,日本,中部,12:30,60,7,1440000,30000,48,小規模運航,120,2100000,1,1,4,35,40,97.936541
11日,日本,新千歳,日本,中部,13:00,60,7,1500000,30000,50,小規模運航,120,2100000,1,1,4,35,40,97.6723845
11日,日本,新千歳,日本,中部,13:30,60,7,1410000,30000,47,小規模運航,120,2100000,1,1,4,35,40,89.9510302
11日,日本,新千歳,日本,中部,14:00,60,7,1410000,30000,47,小規模運航,120,2100000,1,1,4,35,40,94.0746688
11日,日本,新千歳,日本,中部,14:30,60,7,1470000,30000,49,小規模運航,120,2100000,1,1,4,35,40,94.2224174
11日,日本,新千歳,日本,中部,15:00,60,7,1500000,30000,50,小規模運航,120,2100000,1,1,4,35,40,94.3966525
11日,日本,新千歳,日本,中部,15:30,60,7,1350000,30000,45,小規模運航,120,2100000,1,1,4,35,40,98.8045763
11日,日本,新千歳,日本,中部,16:00,60,7,1440000,30000,48,小規模運航,120,2100000,1,1,4,35,40,97.6003273
11日,日本,新千歳,日本,中部,16:30,60,7,1410000,30000,47,小規模運航,120,2100000,1,1,4,35,40,79.1100375
11日,日本,新千歳,日本,中部,17:00,60,7,1710000,30000,57,小規模運航,120,2100000,1,1,4,35,40,84.4319921
11日,日本,新千歳,日本,中部,17:30,60,7,1650000,30000,55,小規模運航,120,2100000,1,1,4,35,40,67.9159236
11日,日本,新千歳,日本,中部,18:00,60,7,1770000,30000,59,小規模運航,120,2100000,1,1,4,35,40,94.599861
11日,日本,新千歳,日本,中部,18:30,60,7,1560000,30000,52,小規模運航,120,2100000,1,1,4,35,40,82.5923655
11日,日本,新千歳,日本,中部,19:00,60,7,1770000,30000,59,小規模運航,120,2100000,1,1,4,35,40,94.1009107
11日,日本,新千歳,日本,中部,19:30,60,7,1680000,30000,56,小規模運航,120,2100000,1,1,4,35,40,92.824459
11日,日本,新千歳,日本,中部,20:00,60,7,1500000,30000,50,小規模運航,120,2100000,1,1,4,35,40,93.8630359
11日,日本,新千歳,日本,中部,20:30,60,7,1440000,30000,48,小規模運航,120,2100000,1,1,4,35,40,97.1016584
11日,日本,新千歳,日本,中部,21:00,60,7,1260000,30000,42,小規模運航,120,2100000,1,1,4,35,40,95.6637505
11日,日本,新千歳,日本,中部,21:30,60,7,1290000,30000,43,小規模運航,120,2100000,1,1,4,35,40,91.3713195
11日,日本,新千歳,日本,中部,22:00,60,7,990000,30000,33,小規模運航,120,2100000,1,1,4,35,40,92.2303357
11日,日本,新千歳,日本,中部,22:30,60,7,1110000,30000,37,小規模運航,120,2100000,1,1,4,35,40,93.4201656
12日,日本,新千歳,日本,中部,07:00,60,7,1050000,30000,35,小規模運航,120,2100000,1,1,4,35,40,67.0720799
12日,日本,新千歳,日本,中部,07:30,60,7,1230000,30000,41,小規模運航,120,2100000,1,1,4,35,40,95.6695769
12日,日本,新千歳,日本,中部,08:00,60,7,1590000,30000,53,小規模運航,120,2100000,1,1,4,35,40,75.0918451
12日,日本,新千歳,日本,中部,08:30,60,7,1800000,30000,60,小規模運航,120,2100000,1,1,4,35,40,98.0907987
12日,日本,新千歳,日本,中部,09:00,60,7,1620000,30000,54,小規模運航,120,2100000,1,1,4,35,40,95.3406595
12日,日本,新千歳,日本,中部,09:30,60,7,1530000,30000,51,小規模運航,120,2100000,1,1,4,35,40,94.0608557
12日,日本,新千歳,日本,中部,10:00,60,7,1410000,30000,47,小規模運航,120,2100000,1,1,4,35,40,93.5925482
12日,日本,新千歳,日本,中部,10:30,60,7,1380000,30000,46,小規模運航,120,2100000,1,1,4,35,40,90.3022016
12日,日本,新千歳,日本,中部,11:00,60,7,1410000,30000,47,小規模運航,120,2100000,1,1,4,35,40,98.309126
12日,日本,新千歳,日本,中部,11:30,60,7,1320000,30000,44,小規模運航,120,2100000,1,1,4,35,40,98.036566
12日,日本,新千歳,日本,中部,12:00,60,7,1470000,30000,49,小規模運航,120,2100000,1,1,4,35,40,99.0244679
12日,日本,新千歳,日本,中部,12:30,60,7,1320000,30000,44,小規模運航,120,2100000,1,1,4,35,40,92.9599469
12日,日本,新千歳,日本,中部,13:00,60,7,1500000,30000,50,小規模運航,120,2100000,1,1,4,35,40,97.6723845
12日,日本,新千歳,日本,中部,13:30,60,7,1470000,30000,49,小規模運航,120,2100000,1,1,4,35,40,88.5627677
12日,日本,新千歳,日本,中部,14:00,60,7,1350000,30000,45,小規模運航,120,2100000,1,1,4,35,40,94.6026972
12日,日本,新千歳,日本,中部,14:30,60,7,1410000,30000,47,小規模運航,120,2100000,1,1,4,35,40,82.4575486
12日,日本,新千歳,日本,中部,15:00,60,7,1500000,30000,50,小規模運航,120,2100000,1,1,4,35,40,94.3966525
12日,日本,新千歳,日本,中部,15:30,60,7,1290000,30000,43,小規模運航,120,2100000,1,1,4,35,40,92.0267436
12日,日本,新千歳,日本,中部,16:00,60,7,1410000,30000,47,小規模運航,120,2100000,1,1,4,35,40,93.1627359
12日,日本,新千歳,日本,中部,16:30,60,7,1260000,30000,42,小規模運航,120,2100000,1,1,4,35,40,84.3810448
12日,日本,新千歳,日本,中部,17:00,60,7,1680000,30000,56,小規模運航,120,2100000,1,1,4,35,40,91.8792618
12日,日本,新千歳,日本,中部,17:30,60,7,1530000,30000,51,小規模運航,120,2100000,1,1,4,35,40,97.5534994
12日,日本,新千歳,日本,中部,18:00,60,7,1590000,30000,53,小規模運航,120,2100000,1,1,4,35,40,98.782588
12日,日本,新千歳,日本,中部,18:30,60,7,1770000,30000,59,小規模運航,120,2100000,1,1,4,35,40,92.6776045
12日,日本,新千歳,日本,中部,19:00,60,7,1620000,30000,54,小規模運航,120,2100000,1,1,4,35,40,96.6729569
12日,日本,新千歳,日本,中部,19:30,60,7,1710000,30000,57,小規模運航,120,2100000,1,1,4,35,40,95.5862173
12日,日本,新千歳,日本,中部,20:00,60,7,1260000,30000,42,小規模運航,120,2100000,1,1,4,35,40,95.0929023
12日,日本,新千歳,日本,中部,20:30,60,7,1320000,30000,44,小規模運航,120,2100000,1,1,4,35,40,94.2662062
12日,日本,新千歳,日本,中部,21:00,60,7,1410000,30000,47,小規模運航,120,2100000,1,1,4,35,40,85.2630947
12日,日本,新千歳,日本,中部,21:30,60,7,1320000,30000,44,小規模運航,120,2100000,1,1,4,35,40,77.1314115
12日,日本,新千歳,日本,中部,22:00,60,7,1230000,30000,41,小規模運航,120,2100000,1,1,4,35,40,97.5298761
12日,日本,新千歳,日本,中部,22:30,60,7,1110000,30000,37,小規模運航,120,2100000,1,1,4,35,40,93.4201656
13日,日本,新千歳,日本,中部,07:00,60,7,1170000,30000,39,小規模運航,120,2100000,1,1,4,35,40,72.9277389
13日,日本,新千歳,日本,中部,07:30,60,7,1200000,30000,40,小規模運航,120,2100000,1,1,4,35,40,80.3129836
13日,日本,新千歳,日本,中部,08:00,60,7,1620000,30000,54,小規模運航,120,2100000,1,1,4,35,40,98.0291223
13日,日本,新千歳,日本,中部,08:30,60,7,1680000,30000,56,小規模運航,120,2100000,1,1,4,35,40,95.1994472
13日,日本,新千歳,日本,中部,09:00,60,7,1710000,30000,57,小規模運航,120,2100000,1,1,4,35,40,96.6028294
13日,日本,新千歳,日本,中部,09:30,60,7,1770000,30000,59,小規模運航,120,2100000,1,1,4,35,40,98.6333497
13日,日本,新千歳,日本,中部,10:00,60,7,1500000,30000,50,小規模運航,120,2100000,1,1,4,35,40,76.1219626
13日,日本,新千歳,日本,中部,10:30,60,7,1410000,30000,47,小規模運航,120,2100000,1,1,4,35,40,91.6269173
13日,日本,新千歳,日本,中部,11:00,60,7,1350000,30000,45,小規模運航,120,2100000,1,1,4,35,40,91.7170669
13日,日本,新千歳,日本,中部,11:30,60,7,1410000,30000,47,小規模運航,120,2100000,1,1,4,35,40,93.8805532
13日,日本,新千歳,日本,中部,12:00,60,7,1500000,30000,50,小規模運航,120,2100000,1,1,4,35,40,97.2490813
13日,日本,新千歳,日本,中部,12:30,60,7,1380000,30000,46,小規模運航,120,2100000,1,1,4,35,40,97.6854322
13日,日本,新千歳,日本,中部,13:00,60,7,1290000,30000,43,小規模運航,120,2100000,1,1,4,35,40,84.1979965
13日,日本,新千歳,日本,中部,13:30,60,7,1350000,30000,45,小規模運航,120,2100000,1,1,4,35,40,84.2673645
13日,日本,新千歳,日本,中部,14:00,60,7,1410000,30000,47,小規模運航,120,2100000,1,1,4,35,40,94.0746688
13日,日本,新千歳,日本,中部,14:30,60,7,1320000,30000,44,小規模運航,120,2100000,1,1,4,35,40,90.1180266
13日,日本,新千歳,日本,中部,15:00,60,7,1290000,30000,43,小規模運航,120,2100000,1,1,4,35,40,92.6874771
13日,日本,新千歳,日本,中部,15:30,60,7,1260000,30000,42,小規模運航,120,2100000,1,1,4,35,40,92.8062381
13日,日本,新千歳,日本,中部,16:00,60,7,1440000,30000,48,小規模運航,120,2100000,1,1,4,35,40,97.6003273
13日,日本,新千歳,日本,中部,16:30,60,7,1440000,30000,48,小規模運航,120,2100000,1,1,4,35,40,82.8145095
13日,日本,新千歳,日本,中部,17:00,60,7,1590000,30000,53,小規模運航,120,2100000,1,1,4,35,40,85.9529658
13日,日本,新千歳,日本,中部,17:30,60,7,1650000,30000,55,小規模運航,120,2100000,1,1,4,35,40,67.9159236
13日,日本,新千歳,日本,中部,18:00,60,7,1560000,30000,52,小規模運航,120,2100000,1,1,4,35,40,97.4742369
13日,日本,新千歳,日本,中部,18:30,60,7,1740000,30000,58,小規模運航,120,2100000,1,1,4,35,40,98.185333
13日,日本,新千歳,日本,中部,19:00,60,7,1800000,30000,60,小規模運航,120,2100000,1,1,4,35,40,98.4888508
13日,日本,新千歳,日本,中部,19:30,60,7,1560000,30000,52,小規模運航,120,2100000,1,1,4,35,40,97.9378718
13日,日本,新千歳,日本,中部,20:00,60,7,1470000,30000,49,小規模運航,120,2100000,1,1,4,35,40,96.2641552
13日,日本,新千歳,日本,中部,20:30,60,7,1410000,30000,47,小規模運航,120,2100000,1,1,4,35,40,96.2512254
13日,日本,新千歳,日本,中部,21:00,60,7,1320000,30000,44,小規模運航,120,2100000,1,1,4,35,40,81.5397485
13日,日本,新千歳,日本,中部,21:30,60,7,1500000,30000,50,小規模運航,120,2100000,1,1,4,35,40,97.4381304
13日,日本,新千歳,日本,中部,22:00,60,7,990000,30000,33,小規模運航,120,2100000,1,1,4,35,40,92.2303357
13日,日本,新千歳,日本,中部,22:30,60,7,1050000,30000,35,小規模運航,120,2100000,1,1,4,35,40,93.9993146
14日,日本,新千歳,日本,中部,07:00,60,7,1140000,30000,38,小規模運航,120,2100000,1,1,4,35,40,95.4376132
14日,日本,新千歳,日本,中部,07:30,60,7,1170000,30000,39,小規模運航,120,2100000,1,1,4,35,40,90.130671
14日,日本,新千歳,日本,中部,08:00,60,7,1680000,30000,56,小規模運航,120,2100000,1,1,4,35,40,81.2778755
14日,日本,新千歳,日本,中部,08:30,60,7,1740000,30000,58,小規模運航,120,2100000,1,1,4,35,40,98.6815825
14日,日本,新千歳,日本,中部,09:00,60,7,1800000,30000,60,小規模運航,120,2100000,1,1,4,35,40,94.3689597
14日,日本,新千歳,日本,中部,09:30,60,7,1710000,30000,57,小規模運航,120,2100000,1,1,4,35,40,87.1610521
14日,日本,新千歳,日本,中部,10:00,60,7,1380000,30000,46,小規模運航,120,2100000,1,1,4,35,40,90.8655666
14日,日本,新千歳,日本,中部,10:30,60,7,1290000,30000,43,小規模運航,120,2100000,1,1,4,35,40,93.8777021
14日,日本,新千歳,日本,中部,11:00,60,7,1410000,30000,47,小規模運航,120,2100000,1,1,4,35,40,98.309126
14日,日本,新千歳,日本,中部,11:30,60,7,1440000,30000,48,小規模運航,120,2100000,1,1,4,35,40,91.6707381
14日,日本,新千歳,日本,中部,12:00,60,7,1440000,30000,48,小規模運航,120,2100000,1,1,4,35,40,93.6824746
14日,日本,新千歳,日本,中部,12:30,60,7,1410000,30000,47,小規模運航,120,2100000,1,1,4,35,40,96.1823626
14日,日本,新千歳,日本,中部,13:00,60,7,1410000,30000,47,小規模運航,120,2100000,1,1,4,35,40,78.5128891
14日,日本,新千歳,日本,中部,13:30,60,7,1320000,30000,44,小規模運航,120,2100000,1,1,4,35,40,95.756233
14日,日本,新千歳,日本,中部,14:00,60,7,1380000,30000,46,小規模運航,120,2100000,1,1,4,35,40,97.9829336
14日,日本,新千歳,日本,中部,14:30,60,7,1500000,30000,50,小規模運航,120,2100000,1,1,4,35,40,86.000342
14日,日本,新千歳,日本,中部,15:00,60,7,1350000,30000,45,小規模運航,120,2100000,1,1,4,35,40,97.5861615
14日,日本,新千歳,日本,中部,15:30,60,7,1410000,30000,47,小規模運航,120,2100000,1,1,4,35,40,95.2987485
14日,日本,新千歳,日本,中部,16:00,60,7,1470000,30000,49,小規模運航,120,2100000,1,1,4,35,40,83.8798886
14日,日本,新千歳,日本,中部,16:30,60,7,1410000,30000,47,小規模運航,120,2100000,1,1,4,35,40,79.1100375
14日,日本,新千歳,日本,中部,17:00,60,7,1560000,30000,52,小規模運航,120,2100000,1,1,4,35,40,87.4054977
14日,日本,新千歳,日本,中部,17:30,60,7,1770000,30000,59,小規模運航,120,2100000,1,1,4,35,40,96.7969732
14日,日本,新千歳,日本,中部,18:00,60,7,1770000,30000,59,小規模運航,120,2100000,1,1,4,35,40,94.599861
14日,日本,新千歳,日本,中部,18:30,60,7,1770000,30000,59,小規模運航,120,2100000,1,1,4,35,40,92.6776045
14日,日本,新千歳,日本,中部,19:00,60,7,1560000,30000,52,小規模運航,120,2100000,1,1,4,35,40,93.9552937
14日,日本,新千歳,日本,中部,19:30,60,7,1740000,30000,58,小規模運航,120,2100000,1,1,4,35,40,92.7638998
14日,日本,新千歳,日本,中部,20:00,60,7,1410000,30000,47,小規模運航,120,2100000,1,1,4,35,40,86.9874054
14日,日本,新千歳,日本,中部,20:30,60,7,1260000,30000,42,小規模運航,120,2100000,1,1,4,35,40,96.1176838
14日,日本,新千歳,日本,中部,21:00,60,7,1290000,30000,43,小規模運航,120,2100000,1,1,4,35,40,84.4122404
14日,日本,新千歳,日本,中部,21:30,60,7,1470000,30000,49,小規模運航,120,2100000,1,1,4,35,40,76.4602168
14日,日本,新千歳,日本,中部,22:00,60,7,1050000,30000,35,小規模運航,120,2100000,1,1,4,35,40,67.673991
14日,日本,新千歳,日本,中部,22:30,60,7,1080000,30000,36,小規模運航,120,2100000,1,1,4,35,40,97.1982004
15日,日本,新千歳,日本,中部,07:00,60,7,1050000,30000,35,小規模運航,120,2100000,1,1,4,35,40,67.0720799
15日,日本,新千歳,日本,中部,07:30,60,7,1080000,30000,36,小規模運航,120,2100000,1,1,4,35,40,78.131229
15日,日本,新千歳,日本,中部,08:00,60,7,1710000,30000,57,小規模運航,120,2100000,1,1,4,35,40,98.2531983
15日,日本,新千歳,日本,中部,08:30,60,7,1710000,30000,57,小規模運航,120,2100000,1,1,4,35,40,87.8238821
15日,日本,新千歳,日本,中部,09:00,60,7,1650000,30000,55,小規模運航,120,2100000,1,1,4,35,40,93.8732893
15日,日本,新千歳,日本,中部,09:30,60,7,1770000,30000,59,小規模運航,120,2100000,1,1,4,35,40,98.6333497
15日,日本,新千歳,日本,中部,10:00,60,7,1530000,30000,51,小規模運航,120,2100000,1,1,4,35,40,98.0462845
15日,日本,新千歳,日本,中部,10:30,60,7,1380000,30000,46,小規模運航,120,2100000,1,1,4,35,40,90.3022016
15日,日本,新千歳,日本,中部,11:00,60,7,1500000,30000,50,小規模運航,120,2100000,1,1,4,35,40,95.1039256
15日,日本,新千歳,日本,中部,11:30,60,7,1410000,30000,47,小規模運航,120,2100000,1,1,4,35,40,93.8805532
15日,日本,新千歳,日本,中部,12:00,60,7,1380000,30000,46,小規模運航,120,2100000,1,1,4,35,40,92.4367983
15日,日本,新千歳,日本,中部,12:30,60,7,1440000,30000,48,小規模運航,120,2100000,1,1,4,35,40,97.936541
15日,日本,新千歳,日本,中部,13:00,60,7,1410000,30000,47,小規模運航,120,2100000,1,1,4,35,40,78.5128891
15日,日本,新千歳,日本,中部,13:30,60,7,1440000,30000,48,小規模運航,120,2100000,1,1,4,35,40,94.7547239
15日,日本,新千歳,日本,中部,14:00,60,7,1260000,30000,42,小規模運航,120,2100000,1,1,4,35,40,94.0353848
15日,日本,新千歳,日本,中部,14:30,60,7,1350000,30000,45,小規模運航,120,2100000,1,1,4,35,40,94.3291946
15日,日本,新千歳,日本,中部,15:00,60,7,1440000,30000,48,小規模運航,120,2100000,1,1,4,35,40,97.7695045
15日,日本,新千歳,日本,中部,15:30,60,7,1260000,30000,42,小規模運航,120,2100000,1,1,4,35,40,92.8062381
15日,日本,新千歳,日本,中部,16:00,60,7,1410000,30000,47,小規模運航,120,2100000,1,1,4,35,40,93.1627359
15日,日本,新千歳,日本,中部,16:30,60,7,1410000,30000,47,小規模運航,120,2100000,1,1,4,35,40,79.1100375
15日,日本,新千歳,日本,中部,17:00,60,7,1800000,30000,60,小規模運航,120,2100000,1,1,4,35,40,98.8615225
15日,日本,新千歳,日本,中部,17:30,60,7,1710000,30000,57,小規模運航,120,2100000,1,1,4,35,40,96.2554994
15日,日本,新千歳,日本,中部,18:00,60,7,1680000,30000,56,小規模運航,120,2100000,1,1,4,35,40,86.2476136
15日,日本,新千歳,日本,中部,18:30,60,7,1800000,30000,60,小規模運航,120,2100000,1,1,4,35,40,94.9106947
15日,日本,新千歳,日本,中部,19:00,60,7,1650000,30000,55,小規模運航,120,2100000,1,1,4,35,40,90.9091695
15日,日本,新千歳,日本,中部,19:30,60,7,1710000,30000,57,小規模運航,120,2100000,1,1,4,35,40,95.5862173
15日,日本,新千歳,日本,中部,20:00,60,7,1500000,30000,50,小規模運航,120,2100000,1,1,4,35,40,93.8630359
15日,日本,新千歳,日本,中部,20:30,60,7,1290000,30000,43,小規模運航,120,2100000,1,1,4,35,40,80.4040514
15日,日本,新千歳,日本,中部,21:00,60,7,1410000,30000,47,小規模運航,120,2100000,1,1,4,35,40,85.2630947
15日,日本,新千歳,日本,中部,21:30,60,7,1350000,30000,45,小規模運航,120,2100000,1,1,4,35,40,97.3460291
15日,日本,新千歳,日本,中部,22:00,60,7,1080000,30000,36,小規模運航,120,2100000,1,1,4,35,40,86.6882191
15日,日本,新千歳,日本,中部,22:30,60,7,990000,30000,33,小規模運航,120,2100000,1,1,4,35,40,94.192794
16日,日本,新千歳,日本,中部,07:00,60,7,1110000,30000,37,小規模運航,120,2100000,1,1,4,35,40,97.4106653
16日,日本,新千歳,日本,中部,07:30,60,7,1110000,30000,37,小規模運航,120,2100000,1,1,4,35,40,83.2806192
16日,日本,新千歳,日本,中部,08:00,60,7,1590000,30000,53,小規模運航,120,2100000,1,1,4,35,40,75.0918451
16日,日本,新千歳,日本,中部,08:30,60,7,1650000,30000,55,小規模運航,120,2100000,1,1,4,35,40,98.6846018
16日,日本,新千歳,日本,中部,09:00,60,7,1800000,30000,60,小規模運航,120,2100000,1,1,4,35,40,94.3689597
16日,日本,新千歳,日本,中部,09:30,60,7,1620000,30000,54,小規模運航,120,2100000,1,1,4,35,40,98.4526616
16日,日本,新千歳,日本,中部,10:00,60,7,1320000,30000,44,小規模運航,120,2100000,1,1,4,35,40,95.9948698
16日,日本,新千歳,日本,中部,10:30,60,7,1380000,30000,46,小規模運航,120,2100000,1,1,4,35,40,90.3022016
16日,日本,新千歳,日本,中部,11:00,60,7,1440000,30000,48,小規模運航,120,2100000,1,1,4,35,40,96.7031031
16日,日本,新千歳,日本,中部,11:30,60,7,1440000,30000,48,小規模運航,120,2100000,1,1,4,35,40,91.6707381
16日,日本,新千歳,日本,中部,12:00,60,7,1290000,30000,43,小規模運航,120,2100000,1,1,4,35,40,96.0750493
16日,日本,新千歳,日本,中部,12:30,60,7,1500000,30000,50,小規模運航,120,2100000,1,1,4,35,40,79.2718754
16日,日本,新千歳,日本,中部,13:00,60,7,1470000,30000,49,小規模運航,120,2100000,1,1,4,35,40,94.3827674
16日,日本,新千歳,日本,中部,13:30,60,7,1410000,30000,47,小規模運航,120,2100000,1,1,4,35,40,89.9510302
16日,日本,新千歳,日本,中部,14:00,60,7,1380000,30000,46,小規模運航,120,2100000,1,1,4,35,40,97.9829336
16日,日本,新千歳,日本,中部,14:30,60,7,1350000,30000,45,小規模運航,120,2100000,1,1,4,35,40,94.3291946
16日,日本,新千歳,日本,中部,15:00,60,7,1470000,30000,49,小規模運航,120,2100000,1,1,4,35,40,97.8106703
16日,日本,新千歳,日本,中部,15:30,60,7,1410000,30000,47,小規模運航,120,2100000,1,1,4,35,40,95.2987485
16日,日本,新千歳,日本,中部,16:00,60,7,1320000,30000,44,小規模運航,120,2100000,1,1,4,35,40,87.3712075
16日,日本,新千歳,日本,中部,16:30,60,7,1440000,30000,48,小規模運航,120,2100000,1,1,4,35,40,82.8145095
16日,日本,新千歳,日本,中部,17:00,60,7,1680000,30000,56,小規模運航,120,2100000,1,1,4,35,40,91.8792618
16日,日本,新千歳,日本,中部,17:30,60,7,1800000,30000,60,小規模運航,120,2100000,1,1,4,35,40,97.6148888
16日,日本,新千歳,日本,中部,18:00,60,7,1800000,30000,60,小規模運航,120,2100000,1,1,4,35,40,98.1598284
16日,日本,新千歳,日本,中部,18:30,60,7,1590000,30000,53,小規模運航,120,2100000,1,1,4,35,40,96.4519089
16日,日本,新千歳,日本,中部,19:00,60,7,1800000,30000,60,小規模運航,120,2100000,1,1,4,35,40,98.4888508
16日,日本,新千歳,日本,中部,19:30,60,7,1770000,30000,59,小規模運航,120,2100000,1,1,4,35,40,92.4203826
16日,日本,新千歳,日本,中部,20:00,60,7,1500000,30000,50,小規模運航,120,2100000,1,1,4,35,40,93.8630359
16日,日本,新千歳,日本,中部,20:30,60,7,1260000,30000,42,小規模運航,120,2100000,1,1,4,35,40,96.1176838
16日,日本,新千歳,日本,中部,21:00,60,7,1320000,30000,44,小規模運航,120,2100000,1,1,4,35,40,81.5397485
16日,日本,新千歳,日本,中部,21:30,60,7,1350000,30000,45,小規模運航,120,2100000,1,1,4,35,40,97.3460291
16日,日本,新千歳,日本,中部,22:00,60,7,990000,30000,33,小規模運航,120,2100000,1,1,4,35,40,92.2303357
16日,日本,新千歳,日本,中部,22:30,60,7,1110000,30000,37,小規模運航,120,2100000,1,1,4,35,40,93.4201656
17日,日本,新千歳,日本,中部,07:00,60,7,1110000,30000,37,小規模運航,120,2100000,1,1,4,35,40,97.4106653
17日,日本,新千歳,日本,中部,07:30,60,7,1050000,30000,35,小規模運航,120,2100000,1,1,4,35,40,71.4265404
17日,日本,新千歳,日本,中部,08:00,60,7,1740000,30000,58,小規模運航,120,2100000,1,1,4,35,40,94.9466346
17日,日本,新千歳,日本,中部,08:30,60,7,1740000,30000,58,小規模運航,120,2100000,1,1,4,35,40,98.6815825
17日,日本,新千歳,日本,中部,09:00,60,7,1770000,30000,59,小規模運航,120,2100000,1,1,4,35,40,93.962954
17日,日本,新千歳,日本,中部,09:30,60,7,1650000,30000,55,小規模運航,120,2100000,1,1,4,35,40,96.3883307
17日,日本,新千歳,日本,中部,10:00,60,7,1260000,30000,42,小規模運航,120,2100000,1,1,4,35,40,98.4534014
17日,日本,新千歳,日本,中部,10:30,60,7,1410000,30000,47,小規模運航,120,2100000,1,1,4,35,40,91.6269173
17日,日本,新千歳,日本,中部,11:00,60,7,1320000,30000,44,小規模運航,120,2100000,1,1,4,35,40,96.50036
17日,日本,新千歳,日本,中部,11:30,60,7,1440000,30000,48,小規模運航,120,2100000,1,1,4,35,40,91.6707381
17日,日本,新千歳,日本,中部,12:00,60,7,1290000,30000,43,小規模運航,120,2100000,1,1,4,35,40,96.0750493
17日,日本,新千歳,日本,中部,12:30,60,7,1260000,30000,42,小規模運航,120,2100000,1,1,4,35,40,93.073067
17日,日本,新千歳,日本,中部,13:00,60,7,1260000,30000,42,小規模運航,120,2100000,1,1,4,35,40,93.1878144
17日,日本,新千歳,日本,中部,13:30,60,7,1290000,30000,43,小規模運航,120,2100000,1,1,4,35,40,92.162437
17日,日本,新千歳,日本,中部,14:00,60,7,1440000,30000,48,小規模運航,120,2100000,1,1,4,35,40,83.1620838
17日,日本,新千歳,日本,中部,14:30,60,7,1410000,30000,47,小規模運航,120,2100000,1,1,4,35,40,82.4575486
17日,日本,新千歳,日本,中部,15:00,60,7,1380000,30000,46,小規模運航,120,2100000,1,1,4,35,40,91.4155994
17日,日本,新千歳,日本,中部,15:30,60,7,1320000,30000,44,小規模運航,120,2100000,1,1,4,35,40,98.0276623
17日,日本,新千歳,日本,中部,16:00,60,7,1320000,30000,44,小規模運航,120,2100000,1,1,4,35,40,87.3712075
17日,日本,新千歳,日本,中部,16:30,60,7,1410000,30000,47,小規模運航,120,2100000,1,1,4,35,40,79.1100375
17日,日本,新千歳,日本,中部,17:00,60,7,1560000,30000,52,小規模運航,120,2100000,1,1,4,35,40,87.4054977
17日,日本,新千歳,日本,中部,17:30,60,7,1680000,30000,56,小規模運航,120,2100000,1,1,4,35,40,95.4349247
17日,日本,新千歳,日本,中部,18:00,60,7,1740000,30000,58,小規模運航,120,2100000,1,1,4,35,40,95.8614285
17日,日本,新千歳,日本,中部,18:30,60,7,1650000,30000,55,小規模運航,120,2100000,1,1,4,35,40,86.7522021
17日,日本,新千歳,日本,中部,19:00,60,7,1620000,30000,54,小規模運航,120,2100000,1,1,4,35,40,96.6729569
17日,日本,新千歳,日本,中部,19:30,60,7,1650000,30000,55,小規模運航,120,2100000,1,1,4,35,40,95.7810101
17日,日本,新千歳,日本,中部,20:00,60,7,1290000,30000,43,小規模運航,120,2100000,1,1,4,35,40,85.0275232
17日,日本,新千歳,日本,中部,20:30,60,7,1410000,30000,47,小規模運航,120,2100000,1,1,4,35,40,96.2512254
17日,日本,新千歳,日本,中部,21:00,60,7,1380000,30000,46,小規模運航,120,2100000,1,1,4,35,40,82.2163014
17日,日本,新千歳,日本,中部,21:30,60,7,1530000,30000,51,小規模運航,120,2100000,1,1,4,35,40,80.8326203
17日,日本,新千歳,日本,中部,22:00,60,7,1200000,30000,40,小規模運航,120,2100000,1,1,4,35,40,86.0780658
17日,日本,新千歳,日本,中部,22:30,60,7,990000,30000,33,小規模運航,120,2100000,1,1,4,35,40,94.192794
18日,日本,新千歳,日本,中部,07:00,60,7,1200000,30000,40,小規模運航,120,2100000,1,1,4,35,40,90.9932713
18日,日本,新千歳,日本,中部,07:30,60,7,1140000,30000,38,小規模運航,120,2100000,1,1,4,35,40,94.8818977
18日,日本,新千歳,日本,中部,08:00,60,7,1590000,30000,53,小規模運航,120,2100000,1,1,4,35,40,75.0918451
18日,日本,新千歳,日本,中部,08:30,60,7,1770000,30000,59,小規模運航,120,2100000,1,1,4,35,40,98.9746686
18日,日本,新千歳,日本,中部,09:00,60,7,1770000,30000,59,小規模運航,120,2100000,1,1,4,35,40,93.962954
18日,日本,新千歳,日本,中部,09:30,60,7,1770000,30000,59,小規模運航,120,2100000,1,1,4,35,40,98.6333497
18日,日本,新千歳,日本,中部,10:00,60,7,1500000,30000,50,小規模運航,120,2100000,1,1,4,35,40,76.1219626
18日,日本,新千歳,日本,中部,10:30,60,7,1350000,30000,45,小規模運航,120,2100000,1,1,4,35,40,98.4809524
18日,日本,新千歳,日本,中部,11:00,60,7,1350000,30000,45,小規模運航,120,2100000,1,1,4,35,40,91.7170669
18日,日本,新千歳,日本,中部,11:30,60,7,1470000,30000,49,小規模運航,120,2100000,1,1,4,35,40,81.5256551
18日,日本,新千歳,日本,中部,12:00,60,7,1260000,30000,42,小規模運航,120,2100000,1,1,4,35,40,98.4516622
18日,日本,新千歳,日本,中部,12:30,60,7,1380000,30000,46,小規模運航,120,2100000,1,1,4,35,40,97.6854322
18日,日本,新千歳,日本,中部,13:00,60,7,1320000,30000,44,小規模運航,120,2100000,1,1,4,35,40,74.8240845
18日,日本,新千歳,日本,中部,13:30,60,7,1440000,30000,48,小規模運航,120,2100000,1,1,4,35,40,94.7547239
18日,日本,新千歳,日本,中部,14:00,60,7,1470000,30000,49,小規模運航,120,2100000,1,1,4,35,40,97.5500821
18日,日本,新千歳,日本,中部,14:30,60,7,1500000,30000,50,小規模運航,120,2100000,1,1,4,35,40,86.000342
18日,日本,新千歳,日本,中部,15:00,60,7,1350000,30000,45,小規模運航,120,2100000,1,1,4,35,40,97.5861615
18日,日本,新千歳,日本,中部,15:30,60,7,1350000,30000,45,小規模運航,120,2100000,1,1,4,35,40,98.8045763
18日,日本,新千歳,日本,中部,16:00,60,7,1410000,30000,47,小規模運航,120,2100000,1,1,4,35,40,93.1627359
18日,日本,新千歳,日本,中部,16:30,60,7,1410000,30000,47,小規模運航,120,2100000,1,1,4,35,40,79.1100375
18日,日本,新千歳,日本,中部,17:00,60,7,1770000,30000,59,小規模運航,120,2100000,1,1,4,35,40,94.6346582
18日,日本,新千歳,日本,中部,17:30,60,7,1680000,30000,56,小規模運航,120,2100000,1,1,4,35,40,95.4349247
18日,日本,新千歳,日本,中部,18:00,60,7,1740000,30000,58,小規模運航,120,2100000,1,1,4,35,40,95.8614285
18日,日本,新千歳,日本,中部,18:30,60,7,1740000,30000,58,小規模運航,120,2100000,1,1,4,35,40,98.185333
18日,日本,新千歳,日本,中部,19:00,60,7,1770000,30000,59,小規模運航,120,2100000,1,1,4,35,40,94.1009107
18日,日本,新千歳,日本,中部,19:30,60,7,1710000,30000,57,小規模運航,120,2100000,1,1,4,35,40,95.5862173
18日,日本,新千歳,日本,中部,20:00,60,7,1290000,30000,43,小規模運航,120,2100000,1,1,4,35,40,85.0275232
18日,日本,新千歳,日本,中部,20:30,60,7,1470000,30000,49,小規模運航,120,2100000,1,1,4,35,40,94.4081623
18日,日本,新千歳,日本,中部,21:00,60,7,1320000,30000,44,小規模運航,120,2100000,1,1,4,35,40,81.5397485
18日,日本,新千歳,日本,中部,21:30,60,7,1260000,30000,42,小規模運航,120,2100000,1,1,4,35,40,93.4094127
18日,日本,新千歳,日本,中部,22:00,60,7,1230000,30000,41,小規模運航,120,2100000,1,1,4,35,40,97.5298761
18日,日本,新千歳,日本,中部,22:30,60,7,1110000,30000,37,小規模運航,120,2100000,1,1,4,35,40,93.4201656
19日,日本,新千歳,日本,中部,07:00,60,7,1200000,30000,40,小規模運航,120,2100000,1,1,4,35,40,90.9932713
19日,日本,新千歳,日本,中部,07:30,60,7,1170000,30000,39,小規模運航,120,2100000,1,1,4,35,40,90.130671
19日,日本,新千歳,日本,中部,08:00,60,7,1740000,30000,58,小規模運航,120,2100000,1,1,4,35,40,94.9466346
19日,日本,新千歳,日本,中部,08:30,60,7,1770000,30000,59,小規模運航,120,2100000,1,1,4,35,40,98.9746686
19日,日本,新千歳,日本,中部,09:00,60,7,1650000,30000,55,小規模運航,120,2100000,1,1,4,35,40,93.8732893
19日,日本,新千歳,日本,中部,09:30,60,7,1650000,30000,55,小規模運航,120,2100000,1,1,4,35,40,96.3883307
19日,日本,新千歳,日本,中部,10:00,60,7,1410000,30000,47,小規模運航,120,2100000,1,1,4,35,40,93.5925482
19日,日本,新千歳,日本,中部,10:30,60,7,1500000,30000,50,小規模運航,120,2100000,1,1,4,35,40,97.9939739
19日,日本,新千歳,日本,中部,11:00,60,7,1320000,30000,44,小規模運航,120,2100000,1,1,4,35,40,96.50036
19日,日本,新千歳,日本,中部,11:30,60,7,1440000,30000,48,小規模運航,120,2100000,1,1,4,35,40,91.6707381
19日,日本,新千歳,日本,中部,12:00,60,7,1470000,30000,49,小規模運航,120,2100000,1,1,4,35,40,99.0244679
19日,日本,新千歳,日本,中部,12:30,60,7,1470000,30000,49,小規模運航,120,2100000,1,1,4,35,40,95.5547575
19日,日本,新千歳,日本,中部,13:00,60,7,1380000,30000,46,小規模運航,120,2100000,1,1,4,35,40,90.9286541
19日,日本,新千歳,日本,中部,13:30,60,7,1350000,30000,45,小規模運航,120,2100000,1,1,4,35,40,84.2673645
19日,日本,新千歳,日本,中部,14:00,60,7,1290000,30000,43,小規模運航,120,2100000,1,1,4,35,40,88.0345087
19日,日本,新千歳,日本,中部,14:30,60,7,1320000,30000,44,小規模運航,120,2100000,1,1,4,35,40,90.1180266
19日,日本,新千歳,日本,中部,15:00,60,7,1470000,30000,49,小規模運航,120,2100000,1,1,4,35,40,97.8106703
19日,日本,新千歳,日本,中部,15:30,60,7,1410000,30000,47,小規模運航,120,2100000,1,1,4,35,40,95.2987485
19日,日本,新千歳,日本,中部,16:00,60,7,1320000,30000,44,小規模運航,120,2100000,1,1,4,35,40,87.3712075
19日,日本,新千歳,日本,中部,16:30,60,7,1410000,30000,47,小規模運航,120,2100000,1,1,4,35,40,79.1100375
19日,日本,新千歳,日本,中部,17:00,60,7,1530000,30000,51,小規模運航,120,2100000,1,1,4,35,40,95.0418999
19日,日本,新千歳,日本,中部,17:30,60,7,1710000,30000,57,小規模運航,120,2100000,1,1,4,35,40,96.2554994
19日,日本,新千歳,日本,中部,18:00,60,7,1590000,30000,53,小規模運航,120,2100000,1,1,4,35,40,98.782588
19日,日本,新千歳,日本,中部,18:30,60,7,1620000,30000,54,小規模運航,120,2100000,1,1,4,35,40,98.6847598
19日,日本,新千歳,日本,中部,19:00,60,7,1680000,30000,56,小規模運航,120,2100000,1,1,4,35,40,98.5720173
19日,日本,新千歳,日本,中部,19:30,60,7,1740000,30000,58,小規模運航,120,2100000,1,1,4,35,40,92.7638998
19日,日本,新千歳,日本,中部,20:00,60,7,1290000,30000,43,小規模運航,120,2100000,1,1,4,35,40,85.0275232
19日,日本,新千歳,日本,中部,20:30,60,7,1410000,30000,47,小規模運航,120,2100000,1,1,4,35,40,96.2512254
19日,日本,新千歳,日本,中部,21:00,60,7,1440000,30000,48,小規模運航,120,2100000,1,1,4,35,40,92.1638567
19日,日本,新千歳,日本,中部,21:30,60,7,1290000,30000,43,小規模運航,120,2100000,1,1,4,35,40,91.3713195
19日,日本,新千歳,日本,中部,22:00,60,7,1230000,30000,41,小規模運航,120,2100000,1,1,4,35,40,97.5298761
19日,日本,新千歳,日本,中部,22:30,60,7,990000,30000,33,小規模運航,120,2100000,1,1,4,35,40,94.192794
20日,日本,新千歳,日本,中部,07:00,60,7,1200000,30000,40,小規模運航,120,2100000,1,1,4,35,40,90.9932713
20日,日本,新千歳,日本,中部,07:30,60,7,1230000,30000,41,小規模運航,120,2100000,1,1,4,35,40,95.6695769
20日,日本,新千歳,日本,中部,08:00,60,7,1740000,30000,58,小規模運航,120,2100000,1,1,4,35,40,94.9466346
20日,日本,新千歳,日本,中部,08:30,60,7,1650000,30000,55,小規模運航,120,2100000,1,1,4,35,40,98.6846018
20日,日本,新千歳,日本,中部,09:00,60,7,1650000,30000,55,小規模運航,120,2100000,1,1,4,35,40,93.8732893
20日,日本,新千歳,日本,中部,09:30,60,7,1530000,30000,51,小規模運航,120,2100000,1,1,4,35,40,94.0608557
20日,日本,新千歳,日本,中部,10:00,60,7,1380000,30000,46,小規模運航,120,2100000,1,1,4,35,40,90.8655666
20日,日本,新千歳,日本,中部,10:30,60,7,1410000,30000,47,小規模運航,120,2100000,1,1,4,35,40,91.6269173
20日,日本,新千歳,日本,中部,11:00,60,7,1320000,30000,44,小規模運航,120,2100000,1,1,4,35,40,96.50036
20日,日本,新千歳,日本,中部,11:30,60,7,1290000,30000,43,小規模運航,120,2100000,1,1,4,35,40,91.6200218
20日,日本,新千歳,日本,中部,12:00,60,7,1410000,30000,47,小規模運航,120,2100000,1,1,4,35,40,97.8777108
20日,日本,新千歳,日本,中部,12:30,60,7,1260000,30000,42,小規模運航,120,2100000,1,1,4,35,40,93.073067
20日,日本,新千歳,日本,中部,13:00,60,7,1410000,30000,47,小規模運航,120,2100000,1,1,4,35,40,78.5128891
20日,日本,新千歳,日本,中部,13:30,60,7,1500000,30000,50,小規模運航,120,2100000,1,1,4,35,40,77.5943875
20日,日本,新千歳,日本,中部,14:00,60,7,1350000,30000,45,小規模運航,120,2100000,1,1,4,35,40,94.6026972
20日,日本,新千歳,日本,中部,14:30,60,7,1440000,30000,48,小規模運航,120,2100000,1,1,4,35,40,95.3149006
20日,日本,新千歳,日本,中部,15:00,60,7,1290000,30000,43,小規模運航,120,2100000,1,1,4,35,40,92.6874771
20日,日本,新千歳,日本,中部,15:30,60,7,1500000,30000,50,小規模運航,120,2100000,1,1,4,35,40,74.8889115
20日,日本,新千歳,日本,中部,16:00,60,7,1410000,30000,47,小規模運航,120,2100000,1,1,4,35,40,93.1627359
20日,日本,新千歳,日本,中部,16:30,60,7,1410000,30000,47,小規模運航,120,2100000,1,1,4,35,40,79.1100375
20日,日本,新千歳,日本,中部,17:00,60,7,1680000,30000,56,小規模運航,120,2100000,1,1,4,35,40,91.8792618
20日,日本,新千歳,日本,中部,17:30,60,7,1740000,30000,58,小規模運航,120,2100000,1,1,4,35,40,83.1484859
20日,日本,新千歳,日本,中部,18:00,60,7,1620000,30000,54,小規模運航,120,2100000,1,1,4,35,40,88.1149093
20日,日本,新千歳,日本,中部,18:30,60,7,1590000,30000,53,小規模運航,120,2100000,1,1,4,35,40,96.4519089
20日,日本,新千歳,日本,中部,19:00,60,7,1770000,30000,59,小規模運航,120,2100000,1,1,4,35,40,94.1009107
20日,日本,新千歳,日本,中部,19:30,60,7,1650000,30000,55,小規模運航,120,2100000,1,1,4,35,40,95.7810101
20日,日本,新千歳,日本,中部,20:00,60,7,1260000,30000,42,小規模運航,120,2100000,1,1,4,35,40,95.0929023
20日,日本,新千歳,日本,中部,20:30,60,7,1320000,30000,44,小規模運航,120,2100000,1,1,4,35,40,94.2662062
20日,日本,新千歳,日本,中部,21:00,60,7,1380000,30000,46,小規模運航,120,2100000,1,1,4,35,40,82.2163014
20日,日本,新千歳,日本,中部,21:30,60,7,1260000,30000,42,小規模運航,120,2100000,1,1,4,35,40,93.4094127
20日,日本,新千歳,日本,中部,22:00,60,7,1200000,30000,40,小規模運航,120,2100000,1,1,4,35,40,86.0780658
20日,日本,新千歳,日本,中部,22:30,60,7,990000,30000,33,小規模運航,120,2100000,1,1,4,35,40,94.192794
21日,日本,新千歳,日本,中部,07:00,60,7,1170000,30000,39,小規模運航,120,2100000,1,1,4,35,40,72.9277389
21日,日本,新千歳,日本,中部,07:30,60,7,1170000,30000,39,小規模運航,120,2100000,1,1,4,35,40,90.130671
21日,日本,新千歳,日本,中部,08:00,60,7,1740000,30000,58,小規模運航,120,2100000,1,1,4,35,40,94.9466346
21日,日本,新千歳,日本,中部,08:30,60,7,1590000,30000,53,小規模運航,120,2100000,1,1,4,35,40,92.9146085
21日,日本,新千歳,日本,中部,09:00,60,7,1740000,30000,58,小規模運航,120,2100000,1,1,4,35,40,98.4389157
21日,日本,新千歳,日本,中部,09:30,60,7,1710000,30000,57,小規模運航,120,2100000,1,1,4,35,40,87.1610521
21日,日本,新千歳,日本,中部,10:00,60,7,1260000,30000,42,小規模運航,120,2100000,1,1,4,35,40,98.4534014
21日,日本,新千歳,日本,中部,10:30,60,7,1410000,30000,47,小規模運航,120,2100000,1,1,4,35,40,91.6269173
21日,日本,新千歳,日本,中部,11:00,60,7,1350000,30000,45,小規模運航,120,2100000,1,1,4,35,40,91.7170669
21日,日本,新千歳,日本,中部,11:30,60,7,1470000,30000,49,小規模運航,120,2100000,1,1,4,35,40,81.5256551
21日,日本,新千歳,日本,中部,12:00,60,7,1440000,30000,48,小規模運航,120,2100000,1,1,4,35,40,93.6824746
21日,日本,新千歳,日本,中部,12:30,60,7,1440000,30000,48,小規模運航,120,2100000,1,1,4,35,40,97.936541
21日,日本,新千歳,日本,中部,13:00,60,7,1470000,30000,49,小規模運航,120,2100000,1,1,4,35,40,94.3827674
21日,日本,新千歳,日本,中部,13:30,60,7,1320000,30000,44,小規模運航,120,2100000,1,1,4,35,40,95.756233
21日,日本,新千歳,日本,中部,14:00,60,7,1500000,30000,50,小規模運航,120,2100000,1,1,4,35,40,97.3055039
21日,日本,新千歳,日本,中部,14:30,60,7,1440000,30000,48,小規模運航,120,2100000,1,1,4,35,40,95.3149006
21日,日本,新千歳,日本,中部,15:00,60,7,1290000,30000,43,小規模運航,120,2100000,1,1,4,35,40,92.6874771
21日,日本,新千歳,日本,中部,15:30,60,7,1410000,30000,47,小規模運航,120,2100000,1,1,4,35,40,95.2987485
21日,日本,新千歳,日本,中部,16:00,60,7,1350000,30000,45,小規模運航,120,2100000,1,1,4,35,40,84.1136124
21日,日本,新千歳,日本,中部,16:30,60,7,1470000,30000,49,小規模運航,120,2100000,1,1,4,35,40,93.0403424
21日,日本,新千歳,日本,中部,17:00,60,7,1740000,30000,58,小規模運航,120,2100000,1,1,4,35,40,99.1024432
21日,日本,新千歳,日本,中部,17:30,60,7,1800000,30000,60,小規模運航,120,2100000,1,1,4,35,40,97.6148888
21日,日本,新千歳,日本,中部,18:00,60,7,1770000,30000,59,小規模運航,120,2100000,1,1,4,35,40,94.599861
21日,日本,新千歳,日本,中部,18:30,60,7,1650000,30000,55,小規模運航,120,2100000,1,1,4,35,40,86.7522021
21日,日本,新千歳,日本,中部,19:00,60,7,1590000,30000,53,小規模運航,120,2100000,1,1,4,35,40,87.1576433
21日,日本,新千歳,日本,中部,19:30,60,7,1800000,30000,60,小規模運航,120,2100000,1,1,4,35,40,98.3665206
21日,日本,新千歳,日本,中部,20:00,60,7,1410000,30000,47,小規模運航,120,2100000,1,1,4,35,40,86.9874054
21日,日本,新千歳,日本,中部,20:30,60,7,1260000,30000,42,小規模運航,120,2100000,1,1,4,35,40,96.1176838
21日,日本,新千歳,日本,中部,21:00,60,7,1410000,30000,47,小規模運航,120,2100000,1,1,4,35,40,85.2630947
21日,日本,新千歳,日本,中部,21:30,60,7,1290000,30000,43,小規模運航,120,2100000,1,1,4,35,40,91.3713195
21日,日本,新千歳,日本,中部,22:00,60,7,1110000,30000,37,小規模運航,120,2100000,1,1,4,35,40,92.2198057
21日,日本,新千歳,日本,中部,22:30,60,7,1170000,30000,39,小規模運航,120,2100000,1,1,4,35,40,97.2045623
22日,日本,新千歳,日本,中部,07:00,60,7,1050000,30000,35,小規模運航,120,2100000,1,1,4,35,40,67.0720799
22日,日本,新千歳,日本,中部,07:30,60,7,1170000,30000,39,小規模運航,120,2100000,1,1,4,35,40,90.130671
22日,日本,新千歳,日本,中部,08:00,60,7,1710000,30000,57,小規模運航,120,2100000,1,1,4,35,40,98.2531983
22日,日本,新千歳,日本,中部,08:30,60,7,1620000,30000,54,小規模運航,120,2100000,1,1,4,35,40,92.2632053
22日,日本,新千歳,日本,中部,09:00,60,7,1800000,30000,60,小規模運航,120,2100000,1,1,4,35,40,94.3689597
22日,日本,新千歳,日本,中部,09:30,60,7,1650000,30000,55,小規模運航,120,2100000,1,1,4,35,40,96.3883307
22日,日本,新千歳,日本,中部,10:00,60,7,1410000,30000,47,小規模運航,120,2100000,1,1,4,35,40,93.5925482
22日,日本,新千歳,日本,中部,10:30,60,7,1410000,30000,47,小規模運航,120,2100000,1,1,4,35,40,91.6269173
22日,日本,新千歳,日本,中部,11:00,60,7,1410000,30000,47,小規模運航,120,2100000,1,1,4,35,40,98.309126
22日,日本,新千歳,日本,中部,11:30,60,7,1410000,30000,47,小規模運航,120,2100000,1,1,4,35,40,93.8805532
22日,日本,新千歳,日本,中部,12:00,60,7,1440000,30000,48,小規模運航,120,2100000,1,1,4,35,40,93.6824746
22日,日本,新千歳,日本,中部,12:30,60,7,1410000,30000,47,小規模運航,120,2100000,1,1,4,35,40,96.1823626
22日,日本,新千歳,日本,中部,13:00,60,7,1500000,30000,50,小規模運航,120,2100000,1,1,4,35,40,97.6723845
22日,日本,新千歳,日本,中部,13:30,60,7,1470000,30000,49,小規模運航,120,2100000,1,1,4,35,40,88.5627677
22日,日本,新千歳,日本,中部,14:00,60,7,1410000,30000,47,小規模運航,120,2100000,1,1,4,35,40,94.0746688
22日,日本,新千歳,日本,中部,14:30,60,7,1320000,30000,44,小規模運航,120,2100000,1,1,4,35,40,90.1180266
22日,日本,新千歳,日本,中部,15:00,60,7,1320000,30000,44,小規模運航,120,2100000,1,1,4,35,40,90.9585473
22日,日本,新千歳,日本,中部,15:30,60,7,1410000,30000,47,小規模運航,120,2100000,1,1,4,35,40,95.2987485
22日,日本,新千歳,日本,中部,16:00,60,7,1440000,30000,48,小規模運航,120,2100000,1,1,4,35,40,97.6003273
22日,日本,新千歳,日本,中部,16:30,60,7,1410000,30000,47,小規模運航,120,2100000,1,1,4,35,40,79.1100375
22日,日本,新千歳,日本,中部,17:00,60,7,1530000,30000,51,小規模運航,120,2100000,1,1,4,35,40,95.0418999
22日,日本,新千歳,日本,中部,17:30,60,7,1650000,30000,55,小規模運航,120,2100000,1,1,4,35,40,67.9159236
22日,日本,新千歳,日本,中部,18:00,60,7,1770000,30000,59,小規模運航,120,2100000,1,1,4,35,40,94.599861
22日,日本,新千歳,日本,中部,18:30,60,7,1620000,30000,54,小規模運航,120,2100000,1,1,4,35,40,98.6847598
22日,日本,新千歳,日本,中部,19:00,60,7,1800000,30000,60,小規模運航,120,2100000,1,1,4,35,40,98.4888508
22日,日本,新千歳,日本,中部,19:30,60,7,1680000,30000,56,小規模運航,120,2100000,1,1,4,35,40,92.824459
22日,日本,新千歳,日本,中部,20:00,60,7,1320000,30000,44,小規模運航,120,2100000,1,1,4,35,40,95.6146857
22日,日本,新千歳,日本,中部,20:30,60,7,1410000,30000,47,小規模運航,120,2100000,1,1,4,35,40,96.2512254
22日,日本,新千歳,日本,中部,21:00,60,7,1410000,30000,47,小規模運航,120,2100000,1,1,4,35,40,85.2630947
22日,日本,新千歳,日本,中部,21:30,60,7,1380000,30000,46,小規模運航,120,2100000,1,1,4,35,40,96.3535912
22日,日本,新千歳,日本,中部,22:00,60,7,1110000,30000,37,小規模運航,120,2100000,1,1,4,35,40,92.2198057
22日,日本,新千歳,日本,中部,22:30,60,7,1020000,30000,34,小規模運航,120,2100000,1,1,4,35,40,89.0329283
23日,日本,新千歳,日本,中部,07:00,60,7,1200000,30000,40,小規模運航,120,2100000,1,1,4,35,40,90.9932713
23日,日本,新千歳,日本,中部,07:30,60,7,990000,30000,33,小規模運航,120,2100000,1,1,4,35,40,91.8204545
23日,日本,新千歳,日本,中部,08:00,60,7,1680000,30000,56,小規模運航,120,2100000,1,1,4,35,40,81.2778755
23日,日本,新千歳,日本,中部,08:30,60,7,1770000,30000,59,小規模運航,120,2100000,1,1,4,35,40,98.9746686
23日,日本,新千歳,日本,中部,09:00,60,7,1800000,30000,60,小規模運航,120,2100000,1,1,4,35,40,94.3689597
23日,日本,新千歳,日本,中部,09:30,60,7,1530000,30000,51,小規模運航,120,2100000,1,1,4,35,40,94.0608557
23日,日本,新千歳,日本,中部,10:00,60,7,1260000,30000,42,小規模運航,120,2100000,1,1,4,35,40,98.4534014
23日,日本,新千歳,日本,中部,10:30,60,7,1320000,30000,44,小規模運航,120,2100000,1,1,4,35,40,90.9808871
23日,日本,新千歳,日本,中部,11:00,60,7,1290000,30000,43,小規模運航,120,2100000,1,1,4,35,40,95.4509457
23日,日本,新千歳,日本,中部,11:30,60,7,1470000,30000,49,小規模運航,120,2100000,1,1,4,35,40,81.5256551
23日,日本,新千歳,日本,中部,12:00,60,7,1440000,30000,48,小規模運航,120,2100000,1,1,4,35,40,93.6824746
23日,日本,新千歳,日本,中部,12:30,60,7,1260000,30000,42,小規模運航,120,2100000,1,1,4,35,40,93.073067
23日,日本,新千歳,日本,中部,13:00,60,7,1260000,30000,42,小規模運航,120,2100000,1,1,4,35,40,93.1878144
23日,日本,新千歳,日本,中部,13:30,60,7,1350000,30000,45,小規模運航,120,2100000,1,1,4,35,40,84.2673645
23日,日本,新千歳,日本,中部,14:00,60,7,1410000,30000,47,小規模運航,120,2100000,1,1,4,35,40,94.0746688
23日,日本,新千歳,日本,中部,14:30,60,7,1380000,30000,46,小規模運航,120,2100000,1,1,4,35,40,93.5935933
23日,日本,新千歳,日本,中部,15:00,60,7,1320000,30000,44,小規模運航,120,2100000,1,1,4,35,40,90.9585473
23日,日本,新千歳,日本,中部,15:30,60,7,1320000,30000,44,小規模運航,120,2100000,1,1,4,35,40,98.0276623
23日,日本,新千歳,日本,中部,16:00,60,7,1290000,30000,43,小規模運航,120,2100000,1,1,4,35,40,98.3102247
23日,日本,新千歳,日本,中部,16:30,60,7,1440000,30000,48,小規模運航,120,2100000,1,1,4,35,40,82.8145095
23日,日本,新千歳,日本,中部,17:00,60,7,1800000,30000,60,小規模運航,120,2100000,1,1,4,35,40,98.8615225
23日,日本,新千歳,日本,中部,17:30,60,7,1710000,30000,57,小規模運航,120,2100000,1,1,4,35,40,96.2554994
23日,日本,新千歳,日本,中部,18:00,60,7,1800000,30000,60,小規模運航,120,2100000,1,1,4,35,40,98.1598284
23日,日本,新千歳,日本,中部,18:30,60,7,1770000,30000,59,小規模運航,120,2100000,1,1,4,35,40,92.6776045
23日,日本,新千歳,日本,中部,19:00,60,7,1530000,30000,51,小規模運航,120,2100000,1,1,4,35,40,95.287424
23日,日本,新千歳,日本,中部,19:30,60,7,1680000,30000,56,小規模運航,120,2100000,1,1,4,35,40,92.824459
23日,日本,新千歳,日本,中部,20:00,60,7,1410000,30000,47,小規模運航,120,2100000,1,1,4,35,40,86.9874054
23日,日本,新千歳,日本,中部,20:30,60,7,1380000,30000,46,小規模運航,120,2100000,1,1,4,35,40,88.2736427
23日,日本,新千歳,日本,中部,21:00,60,7,1350000,30000,45,小規模運航,120,2100000,1,1,4,35,40,84.535417
23日,日本,新千歳,日本,中部,21:30,60,7,1380000,30000,46,小規模運航,120,2100000,1,1,4,35,40,96.3535912
23日,日本,新千歳,日本,中部,22:00,60,7,1140000,30000,38,小規模運航,120,2100000,1,1,4,35,40,80.1178222
23日,日本,新千歳,日本,中部,22:30,60,7,1200000,30000,40,小規模運航,120,2100000,1,1,4,35,40,93.0543317
24日,日本,新千歳,日本,中部,07:00,60,7,1050000,30000,35,小規模運航,120,2100000,1,1,4,35,40,67.0720799
24日,日本,新千歳,日本,中部,07:30,60,7,1050000,30000,35,小規模運航,120,2100000,1,1,4,35,40,71.4265404
24日,日本,新千歳,日本,中部,08:00,60,7,1710000,30000,57,小規模運航,120,2100000,1,1,4,35,40,98.2531983
24日,日本,新千歳,日本,中部,08:30,60,7,1800000,30000,60,小規模運航,120,2100000,1,1,4,35,40,98.0907987
24日,日本,新千歳,日本,中部,09:00,60,7,1800000,30000,60,小規模運航,120,2100000,1,1,4,35,40,94.3689597
24日,日本,新千歳,日本,中部,09:30,60,7,1680000,30000,56,小規模運航,120,2100000,1,1,4,35,40,95.8787095
24日,日本,新千歳,日本,中部,10:00,60,7,1530000,30000,51,小規模運航,120,2100000,1,1,4,35,40,98.0462845
24日,日本,新千歳,日本,中部,10:30,60,7,1500000,30000,50,小規模運航,120,2100000,1,1,4,35,40,97.9939739
24日,日本,新千歳,日本,中部,11:00,60,7,1440000,30000,48,小規模運航,120,2100000,1,1,4,35,40,96.7031031
24日,日本,新千歳,日本,中部,11:30,60,7,1350000,30000,45,小規模運航,120,2100000,1,1,4,35,40,94.8738959
24日,日本,新千歳,日本,中部,12:00,60,7,1380000,30000,46,小規模運航,120,2100000,1,1,4,35,40,92.4367983
24日,日本,新千歳,日本,中部,12:30,60,7,1380000,30000,46,小規模運航,120,2100000,1,1,4,35,40,97.6854322
24日,日本,新千歳,日本,中部,13:00,60,7,1470000,30000,49,小規模運航,120,2100000,1,1,4,35,40,94.3827674
24日,日本,新千歳,日本,中部,13:30,60,7,1380000,30000,46,小規模運航,120,2100000,1,1,4,35,40,91.9484056
24日,日本,新千歳,日本,中部,14:00,60,7,1470000,30000,49,小規模運航,120,2100000,1,1,4,35,40,97.5500821
24日,日本,新千歳,日本,中部,14:30,60,7,1500000,30000,50,小規模運航,120,2100000,1,1,4,35,40,86.000342
24日,日本,新千歳,日本,中部,15:00,60,7,1410000,30000,47,小規模運航,120,2100000,1,1,4,35,40,98.4299874
24日,日本,新千歳,日本,中部,15:30,60,7,1500000,30000,50,小規模運航,120,2100000,1,1,4,35,40,74.8889115
24日,日本,新千歳,日本,中部,16:00,60,7,1440000,30000,48,小規模運航,120,2100000,1,1,4,35,40,97.6003273
24日,日本,新千歳,日本,中部,16:30,60,7,1470000,30000,49,小規模運航,120,2100000,1,1,4,35,40,93.0403424
24日,日本,新千歳,日本,中部,17:00,60,7,1770000,30000,59,小規模運航,120,2100000,1,1,4,35,40,94.6346582
24日,日本,新千歳,日本,中部,17:30,60,7,1770000,30000,59,小規模運航,120,2100000,1,1,4,35,40,96.7969732
24日,日本,新千歳,日本,中部,18:00,60,7,1620000,30000,54,小規模運航,120,2100000,1,1,4,35,40,88.1149093
24日,日本,新千歳,日本,中部,18:30,60,7,1590000,30000,53,小規模運航,120,2100000,1,1,4,35,40,96.4519089
24日,日本,新千歳,日本,中部,19:00,60,7,1740000,30000,58,小規模運航,120,2100000,1,1,4,35,40,95.4737325
24日,日本,新千歳,日本,中部,19:30,60,7,1620000,30000,54,小規模運航,120,2100000,1,1,4,35,40,95.7332651
24日,日本,新千歳,日本,中部,20:00,60,7,1440000,30000,48,小規模運航,120,2100000,1,1,4,35,40,90.5294069
24日,日本,新千歳,日本,中部,20:30,60,7,1350000,30000,45,小規模運航,120,2100000,1,1,4,35,40,83.7398326
24日,日本,新千歳,日本,中部,21:00,60,7,1380000,30000,46,小規模運航,120,2100000,1,1,4,35,40,82.2163014
24日,日本,新千歳,日本,中部,21:30,60,7,1350000,30000,45,小規模運航,120,2100000,1,1,4,35,40,97.3460291
24日,日本,新千歳,日本,中部,22:00,60,7,1050000,30000,35,小規模運航,120,2100000,1,1,4,35,40,67.673991
24日,日本,新千歳,日本,中部,22:30,60,7,1050000,30000,35,小規模運航,120,2100000,1,1,4,35,40,93.9993146
25日,日本,新千歳,日本,中部,07:00,60,7,1050000,30000,35,小規模運航,120,2100000,1,1,4,35,40,67.0720799
25日,日本,新千歳,日本,中部,07:30,60,7,1050000,30000,35,小規模運航,120,2100000,1,1,4,35,40,71.4265404
25日,日本,新千歳,日本,中部,08:00,60,7,1770000,30000,59,小規模運航,120,2100000,1,1,4,35,40,96.6970722
25日,日本,新千歳,日本,中部,08:30,60,7,1740000,30000,58,小規模運航,120,2100000,1,1,4,35,40,98.6815825
25日,日本,新千歳,日本,中部,09:00,60,7,1680000,30000,56,小規模運航,120,2100000,1,1,4,35,40,82.7743016
25日,日本,新千歳,日本,中部,09:30,60,7,1590000,30000,53,小規模運航,120,2100000,1,1,4,35,40,92.4491106
25日,日本,新千歳,日本,中部,10:00,60,7,1350000,30000,45,小規模運航,120,2100000,1,1,4,35,40,92.5359388
25日,日本,新千歳,日本,中部,10:30,60,7,1350000,30000,45,小規模運航,120,2100000,1,1,4,35,40,98.4809524
25日,日本,新千歳,日本,中部,11:00,60,7,1260000,30000,42,小規模運航,120,2100000,1,1,4,35,40,98.2917426
25日,日本,新千歳,日本,中部,11:30,60,7,1440000,30000,48,小規模運航,120,2100000,1,1,4,35,40,91.6707381
25日,日本,新千歳,日本,中部,12:00,60,7,1530000,30000,51,小規模運航,120,2100000,1,1,4,35,40,98.4261243
25日,日本,新千歳,日本,中部,12:30,60,7,1380000,30000,46,小規模運航,120,2100000,1,1,4,35,40,97.6854322
25日,日本,新千歳,日本,中部,13:00,60,7,1410000,30000,47,小規模運航,120,2100000,1,1,4,35,40,78.5128891
25日,日本,新千歳,日本,中部,13:30,60,7,1470000,30000,49,小規模運航,120,2100000,1,1,4,35,40,88.5627677
25日,日本,新千歳,日本,中部,14:00,60,7,1290000,30000,43,小規模運航,120,2100000,1,1,4,35,40,88.0345087
25日,日本,新千歳,日本,中部,14:30,60,7,1410000,30000,47,小規模運航,120,2100000,1,1,4,35,40,82.4575486
25日,日本,新千歳,日本,中部,15:00,60,7,1410000,30000,47,小規模運航,120,2100000,1,1,4,35,40,98.4299874
25日,日本,新千歳,日本,中部,15:30,60,7,1440000,30000,48,小規模運航,120,2100000,1,1,4,35,40,98.0216168
25日,日本,新千歳,日本,中部,16:00,60,7,1410000,30000,47,小規模運航,120,2100000,1,1,4,35,40,93.1627359
25日,日本,新千歳,日本,中部,16:30,60,7,1380000,30000,46,小規模運航,120,2100000,1,1,4,35,40,90.5247648
25日,日本,新千歳,日本,中部,17:00,60,7,1560000,30000,52,小規模運航,120,2100000,1,1,4,35,40,87.4054977
25日,日本,新千歳,日本,中部,17:30,60,7,1770000,30000,59,小規模運航,120,2100000,1,1,4,35,40,96.7969732
25日,日本,新千歳,日本,中部,18:00,60,7,1620000,30000,54,小規模運航,120,2100000,1,1,4,35,40,88.1149093
25日,日本,新千歳,日本,中部,18:30,60,7,1590000,30000,53,小規模運航,120,2100000,1,1,4,35,40,96.4519089
25日,日本,新千歳,日本,中部,19:00,60,7,1590000,30000,53,小規模運航,120,2100000,1,1,4,35,40,87.1576433
25日,日本,新千歳,日本,中部,19:30,60,7,1740000,30000,58,小規模運航,120,2100000,1,1,4,35,40,92.7638998
25日,日本,新千歳,日本,中部,20:00,60,7,1380000,30000,46,小規模運航,120,2100000,1,1,4,35,40,95.8146152
25日,日本,新千歳,日本,中部,20:30,60,7,1410000,30000,47,小規模運航,120,2100000,1,1,4,35,40,96.2512254
25日,日本,新千歳,日本,中部,21:00,60,7,1410000,30000,47,小規模運航,120,2100000,1,1,4,35,40,85.2630947
25日,日本,新千歳,日本,中部,21:30,60,7,1260000,30000,42,小規模運航,120,2100000,1,1,4,35,40,93.4094127
25日,日本,新千歳,日本,中部,22:00,60,7,1080000,30000,36,小規模運航,120,2100000,1,1,4,35,40,86.6882191
25日,日本,新千歳,日本,中部,22:30,60,7,990000,30000,33,小規模運航,120,2100000,1,1,4,35,40,94.192794
26日,日本,新千歳,日本,中部,07:00,60,7,1050000,30000,35,小規模運航,120,2100000,1,1,4,35,40,67.0720799
26日,日本,新千歳,日本,中部,07:30,60,7,1050000,30000,35,小規模運航,120,2100000,1,1,4,35,40,71.4265404
26日,日本,新千歳,日本,中部,08:00,60,7,1530000,30000,51,小規模運航,120,2100000,1,1,4,35,40,93.0211586
26日,日本,新千歳,日本,中部,08:30,60,7,1740000,30000,58,小規模運航,120,2100000,1,1,4,35,40,98.6815825
26日,日本,新千歳,日本,中部,09:00,60,7,1710000,30000,57,小規模運航,120,2100000,1,1,4,35,40,96.6028294
26日,日本,新千歳,日本,中部,09:30,60,7,1740000,30000,58,小規模運航,120,2100000,1,1,4,35,40,94.7689422
26日,日本,新千歳,日本,中部,10:00,60,7,1530000,30000,51,小規模運航,120,2100000,1,1,4,35,40,98.0462845
26日,日本,新千歳,日本,中部,10:30,60,7,1380000,30000,46,小規模運航,120,2100000,1,1,4,35,40,90.3022016
26日,日本,新千歳,日本,中部,11:00,60,7,1410000,30000,47,小規模運航,120,2100000,1,1,4,35,40,98.309126
26日,日本,新千歳,日本,中部,11:30,60,7,1440000,30000,48,小規模運航,120,2100000,1,1,4,35,40,91.6707381
26日,日本,新千歳,日本,中部,12:00,60,7,1350000,30000,45,小規模運航,120,2100000,1,1,4,35,40,98.6398608
26日,日本,新千歳,日本,中部,12:30,60,7,1410000,30000,47,小規模運航,120,2100000,1,1,4,35,40,96.1823626
26日,日本,新千歳,日本,中部,13:00,60,7,1410000,30000,47,小規模運航,120,2100000,1,1,4,35,40,78.5128891
26日,日本,新千歳,日本,中部,13:30,60,7,1410000,30000,47,小規模運航,120,2100000,1,1,4,35,40,89.9510302
26日,日本,新千歳,日本,中部,14:00,60,7,1320000,30000,44,小規模運航,120,2100000,1,1,4,35,40,80.6870046
26日,日本,新千歳,日本,中部,14:30,60,7,1440000,30000,48,小規模運航,120,2100000,1,1,4,35,40,95.3149006
26日,日本,新千歳,日本,中部,15:00,60,7,1440000,30000,48,小規模運航,120,2100000,1,1,4,35,40,97.7695045
26日,日本,新千歳,日本,中部,15:30,60,7,1500000,30000,50,小規模運航,120,2100000,1,1,4,35,40,74.8889115
26日,日本,新千歳,日本,中部,16:00,60,7,1260000,30000,42,小規模運航,120,2100000,1,1,4,35,40,96.0697598
26日,日本,新千歳,日本,中部,16:30,60,7,1380000,30000,46,小規模運航,120,2100000,1,1,4,35,40,90.5247648
26日,日本,新千歳,日本,中部,17:00,60,7,1590000,30000,53,小規模運航,120,2100000,1,1,4,35,40,85.9529658
26日,日本,新千歳,日本,中部,17:30,60,7,1590000,30000,53,小規模運航,120,2100000,1,1,4,35,40,84.8636643
26日,日本,新千歳,日本,中部,18:00,60,7,1620000,30000,54,小規模運航,120,2100000,1,1,4,35,40,88.1149093
26日,日本,新千歳,日本,中部,18:30,60,7,1740000,30000,58,小規模運航,120,2100000,1,1,4,35,40,98.185333
26日,日本,新千歳,日本,中部,19:00,60,7,1770000,30000,59,小規模運航,120,2100000,1,1,4,35,40,94.1009107
26日,日本,新千歳,日本,中部,19:30,60,7,1710000,30000,57,小規模運航,120,2100000,1,1,4,35,40,95.5862173
26日,日本,新千歳,日本,中部,20:00,60,7,1440000,30000,48,小規模運航,120,2100000,1,1,4,35,40,90.5294069
26日,日本,新千歳,日本,中部,20:30,60,7,1260000,30000,42,小規模運航,120,2100000,1,1,4,35,40,96.1176838
26日,日本,新千歳,日本,中部,21:00,60,7,1410000,30000,47,小規模運航,120,2100000,1,1,4,35,40,85.2630947
26日,日本,新千歳,日本,中部,21:30,60,7,1290000,30000,43,小規模運航,120,2100000,1,1,4,35,40,91.3713195
26日,日本,新千歳,日本,中部,22:00,60,7,990000,30000,33,小規模運航,120,2100000,1,1,4,35,40,92.2303357
26日,日本,新千歳,日本,中部,22:30,60,7,960000,30000,32,小規模運航,120,2100000,1,1,4,35,40,95.7689021
27日,日本,新千歳,日本,中部,07:00,60,7,1020000,30000,34,小規模運航,120,2100000,1,1,4,35,40,97.2873744
27日,日本,新千歳,日本,中部,07:30,60,7,1170000,30000,39,小規模運航,120,2100000,1,1,4,35,40,90.130671
27日,日本,新千歳,日本,中部,08:00,60,7,1800000,30000,60,小規模運航,120,2100000,1,1,4,35,40,94.8754201
27日,日本,新千歳,日本,中部,08:30,60,7,1800000,30000,60,小規模運航,120,2100000,1,1,4,35,40,98.0907987
27日,日本,新千歳,日本,中部,09:00,60,7,1680000,30000,56,小規模運航,120,2100000,1,1,4,35,40,82.7743016
27日,日本,新千歳,日本,中部,09:30,60,7,1650000,30000,55,小規模運航,120,2100000,1,1,4,35,40,96.3883307
27日,日本,新千歳,日本,中部,10:00,60,7,1410000,30000,47,小規模運航,120,2100000,1,1,4,35,40,93.5925482
27日,日本,新千歳,日本,中部,10:30,60,7,1410000,30000,47,小規模運航,120,2100000,1,1,4,35,40,91.6269173
27日,日本,新千歳,日本,中部,11:00,60,7,1410000,30000,47,小規模運航,120,2100000,1,1,4,35,40,98.309126
27日,日本,新千歳,日本,中部,11:30,60,7,1410000,30000,47,小規模運航,120,2100000,1,1,4,35,40,93.8805532
27日,日本,新千歳,日本,中部,12:00,60,7,1380000,30000,46,小規模運航,120,2100000,1,1,4,35,40,92.4367983
27日,日本,新千歳,日本,中部,12:30,60,7,1530000,30000,51,小規模運航,120,2100000,1,1,4,35,40,86.5683006
27日,日本,新千歳,日本,中部,13:00,60,7,1410000,30000,47,小規模運航,120,2100000,1,1,4,35,40,78.5128891
27日,日本,新千歳,日本,中部,13:30,60,7,1260000,30000,42,小規模運航,120,2100000,1,1,4,35,40,82.9762372
27日,日本,新千歳,日本,中部,14:00,60,7,1380000,30000,46,小規模運航,120,2100000,1,1,4,35,40,97.9829336
27日,日本,新千歳,日本,中部,14:30,60,7,1380000,30000,46,小規模運航,120,2100000,1,1,4,35,40,93.5935933
27日,日本,新千歳,日本,中部,15:00,60,7,1290000,30000,43,小規模運航,120,2100000,1,1,4,35,40,92.6874771
27日,日本,新千歳,日本,中部,15:30,60,7,1410000,30000,47,小規模運航,120,2100000,1,1,4,35,40,95.2987485
27日,日本,新千歳,日本,中部,16:00,60,7,1290000,30000,43,小規模運航,120,2100000,1,1,4,35,40,98.3102247
27日,日本,新千歳,日本,中部,16:30,60,7,1410000,30000,47,小規模運航,120,2100000,1,1,4,35,40,79.1100375
27日,日本,新千歳,日本,中部,17:00,60,7,1650000,30000,55,小規模運航,120,2100000,1,1,4,35,40,95.0700873
27日,日本,新千歳,日本,中部,17:30,60,7,1770000,30000,59,小規模運航,120,2100000,1,1,4,35,40,96.7969732
27日,日本,新千歳,日本,中部,18:00,60,7,1710000,30000,57,小規模運航,120,2100000,1,1,4,35,40,97.2925399
27日,日本,新千歳,日本,中部,18:30,60,7,1560000,30000,52,小規模運航,120,2100000,1,1,4,35,40,82.5923655
27日,日本,新千歳,日本,中部,19:00,60,7,1530000,30000,51,小規模運航,120,2100000,1,1,4,35,40,95.287424
27日,日本,新千歳,日本,中部,19:30,60,7,1530000,30000,51,小規模運航,120,2100000,1,1,4,35,40,91.7753843
27日,日本,新千歳,日本,中部,20:00,60,7,1500000,30000,50,小規模運航,120,2100000,1,1,4,35,40,93.8630359
27日,日本,新千歳,日本,中部,20:30,60,7,1410000,30000,47,小規模運航,120,2100000,1,1,4,35,40,96.2512254
27日,日本,新千歳,日本,中部,21:00,60,7,1350000,30000,45,小規模運航,120,2100000,1,1,4,35,40,84.535417
27日,日本,新千歳,日本,中部,21:30,60,7,1440000,30000,48,小規模運航,120,2100000,1,1,4,35,40,87.4243749
27日,日本,新千歳,日本,中部,22:00,60,7,1110000,30000,37,小規模運航,120,2100000,1,1,4,35,40,92.2198057
27日,日本,新千歳,日本,中部,22:30,60,7,1230000,30000,41,小規模運航,120,2100000,1,1,4,35,40,77.4320679
28日,日本,新千歳,日本,中部,07:00,60,7,1110000,30000,37,小規模運航,120,2100000,1,1,4,35,40,97.4106653
28日,日本,新千歳,日本,中部,07:30,60,7,1170000,30000,39,小規模運航,120,2100000,1,1,4,35,40,90.130671
28日,日本,新千歳,日本,中部,08:00,60,7,1680000,30000,56,小規模運航,120,2100000,1,1,4,35,40,81.2778755
28日,日本,新千歳,日本,中部,08:30,60,7,1530000,30000,51,小規模運航,120,2100000,1,1,4,35,40,96.6942641
28日,日本,新千歳,日本,中部,09:00,60,7,1620000,30000,54,小規模運航,120,2100000,1,1,4,35,40,95.3406595
28日,日本,新千歳,日本,中部,09:30,60,7,1560000,30000,52,小規模運航,120,2100000,1,1,4,35,40,98.0661506
28日,日本,新千歳,日本,中部,10:00,60,7,1500000,30000,50,小規模運航,120,2100000,1,1,4,35,40,76.1219626
28日,日本,新千歳,日本,中部,10:30,60,7,1260000,30000,42,小規模運航,120,2100000,1,1,4,35,40,85.5030049
28日,日本,新千歳,日本,中部,11:00,60,7,1320000,30000,44,小規模運航,120,2100000,1,1,4,35,40,96.50036
28日,日本,新千歳,日本,中部,11:30,60,7,1350000,30000,45,小規模運航,120,2100000,1,1,4,35,40,94.8738959
28日,日本,新千歳,日本,中部,12:00,60,7,1380000,30000,46,小規模運航,120,2100000,1,1,4,35,40,92.4367983
28日,日本,新千歳,日本,中部,12:30,60,7,1350000,30000,45,小規模運航,120,2100000,1,1,4,35,40,97.7160798
28日,日本,新千歳,日本,中部,13:00,60,7,1410000,30000,47,小規模運航,120,2100000,1,1,4,35,40,78.5128891
28日,日本,新千歳,日本,中部,13:30,60,7,1440000,30000,48,小規模運航,120,2100000,1,1,4,35,40,94.7547239
28日,日本,新千歳,日本,中部,14:00,60,7,1350000,30000,45,小規模運航,120,2100000,1,1,4,35,40,94.6026972
28日,日本,新千歳,日本,中部,14:30,60,7,1380000,30000,46,小規模運航,120,2100000,1,1,4,35,40,93.5935933
28日,日本,新千歳,日本,中部,15:00,60,7,1500000,30000,50,小規模運航,120,2100000,1,1,4,35,40,94.3966525
28日,日本,新千歳,日本,中部,15:30,60,7,1380000,30000,46,小規模運航,120,2100000,1,1,4,35,40,95.8645929
28日,日本,新千歳,日本,中部,16:00,60,7,1440000,30000,48,小規模運航,120,2100000,1,1,4,35,40,97.6003273
28日,日本,新千歳,日本,中部,16:30,60,7,1470000,30000,49,小規模運航,120,2100000,1,1,4,35,40,93.0403424
28日,日本,新千歳,日本,中部,17:00,60,7,1650000,30000,55,小規模運航,120,2100000,1,1,4,35,40,95.0700873
28日,日本,新千歳,日本,中部,17:30,60,7,1800000,30000,60,小規模運航,120,2100000,1,1,4,35,40,97.6148888
28日,日本,新千歳,日本,中部,18:00,60,7,1680000,30000,56,小規模運航,120,2100000,1,1,4,35,40,86.2476136
28日,日本,新千歳,日本,中部,18:30,60,7,1680000,30000,56,小規模運航,120,2100000,1,1,4,35,40,93.5742104
28日,日本,新千歳,日本,中部,19:00,60,7,1590000,30000,53,小規模運航,120,2100000,1,1,4,35,40,87.1576433
28日,日本,新千歳,日本,中部,19:30,60,7,1770000,30000,59,小規模運航,120,2100000,1,1,4,35,40,92.4203826
28日,日本,新千歳,日本,中部,20:00,60,7,1290000,30000,43,小規模運航,120,2100000,1,1,4,35,40,85.0275232
28日,日本,新千歳,日本,中部,20:30,60,7,1380000,30000,46,小規模運航,120,2100000,1,1,4,35,40,88.2736427
28日,日本,新千歳,日本,中部,21:00,60,7,1470000,30000,49,小規模運航,120,2100000,1,1,4,35,40,95.8399361
28日,日本,新千歳,日本,中部,21:30,60,7,1500000,30000,50,小規模運航,120,2100000,1,1,4,35,40,97.4381304
28日,日本,新千歳,日本,中部,22:00,60,7,1050000,30000,35,小規模運航,120,2100000,1,1,4,35,40,67.673991
28日,日本,新千歳,日本,中部,22:30,60,7,1110000,30000,37,小規模運航,120,2100000,1,1,4,35,40,93.4201656
29日,日本,新千歳,日本,中部,07:00,60,7,1110000,30000,37,小規模運航,120,2100000,1,1,4,35,40,97.4106653
29日,日本,新千歳,日本,中部,07:30,60,7,1170000,30000,39,小規模運航,120,2100000,1,1,4,35,40,90.130671
29日,日本,新千歳,日本,中部,08:00,60,7,1650000,30000,55,小規模運航,120,2100000,1,1,4,35,40,91.0156534
29日,日本,新千歳,日本,中部,08:30,60,7,1620000,30000,54,小規模運航,120,2100000,1,1,4,35,40,92.2632053
29日,日本,新千歳,日本,中部,09:00,60,7,1710000,30000,57,小規模運航,120,2100000,1,1,4,35,40,96.6028294
29日,日本,新千歳,日本,中部,09:30,60,7,1710000,30000,57,小規模運航,120,2100000,1,1,4,35,40,87.1610521
29日,日本,新千歳,日本,中部,10:00,60,7,1440000,30000,48,小規模運航,120,2100000,1,1,4,35,40,85.0084873
29日,日本,新千歳,日本,中部,10:30,60,7,1410000,30000,47,小規模運航,120,2100000,1,1,4,35,40,91.6269173
29日,日本,新千歳,日本,中部,11:00,60,7,1500000,30000,50,小規模運航,120,2100000,1,1,4,35,40,95.1039256
29日,日本,新千歳,日本,中部,11:30,60,7,1320000,30000,44,小規模運航,120,2100000,1,1,4,35,40,98.036566
29日,日本,新千歳,日本,中部,12:00,60,7,1500000,30000,50,小規模運航,120,2100000,1,1,4,35,40,97.2490813
29日,日本,新千歳,日本,中部,12:30,60,7,1470000,30000,49,小規模運航,120,2100000,1,1,4,35,40,95.5547575
29日,日本,新千歳,日本,中部,13:00,60,7,1260000,30000,42,小規模運航,120,2100000,1,1,4,35,40,93.1878144
29日,日本,新千歳,日本,中部,13:30,60,7,1320000,30000,44,小規模運航,120,2100000,1,1,4,35,40,95.756233
29日,日本,新千歳,日本,中部,14:00,60,7,1500000,30000,50,小規模運航,120,2100000,1,1,4,35,40,97.3055039
29日,日本,新千歳,日本,中部,14:30,60,7,1470000,30000,49,小規模運航,120,2100000,1,1,4,35,40,94.2224174
29日,日本,新千歳,日本,中部,15:00,60,7,1260000,30000,42,小規模運航,120,2100000,1,1,4,35,40,80.9205144
29日,日本,新千歳,日本,中部,15:30,60,7,1410000,30000,47,小規模運航,120,2100000,1,1,4,35,40,95.2987485
29日,日本,新千歳,日本,中部,16:00,60,7,1470000,30000,49,小規模運航,120,2100000,1,1,4,35,40,83.8798886
29日,日本,新千歳,日本,中部,16:30,60,7,1260000,30000,42,小規模運航,120,2100000,1,1,4,35,40,84.3810448
29日,日本,新千歳,日本,中部,17:00,60,7,1800000,30000,60,小規模運航,120,2100000,1,1,4,35,40,98.8615225
29日,日本,新千歳,日本,中部,17:30,60,7,1680000,30000,56,小規模運航,120,2100000,1,1,4,35,40,95.4349247
29日,日本,新千歳,日本,中部,18:00,60,7,1650000,30000,55,小規模運航,120,2100000,1,1,4,35,40,97.486292
29日,日本,新千歳,日本,中部,18:30,60,7,1770000,30000,59,小規模運航,120,2100000,1,1,4,35,40,92.6776045
29日,日本,新千歳,日本,中部,19:00,60,7,1770000,30000,59,小規模運航,120,2100000,1,1,4,35,40,94.1009107
29日,日本,新千歳,日本,中部,19:30,60,7,1710000,30000,57,小規模運航,120,2100000,1,1,4,35,40,95.5862173
29日,日本,新千歳,日本,中部,20:00,60,7,1320000,30000,44,小規模運航,120,2100000,1,1,4,35,40,95.6146857
29日,日本,新千歳,日本,中部,20:30,60,7,1470000,30000,49,小規模運航,120,2100000,1,1,4,35,40,94.4081623
29日,日本,新千歳,日本,中部,21:00,60,7,1380000,30000,46,小規模運航,120,2100000,1,1,4,35,40,82.2163014
29日,日本,新千歳,日本,中部,21:30,60,7,1290000,30000,43,小規模運航,120,2100000,1,1,4,35,40,91.3713195
29日,日本,新千歳,日本,中部,22:00,60,7,1110000,30000,37,小規模運航,120,2100000,1,1,4,35,40,92.2198057
29日,日本,新千歳,日本,中部,22:30,60,7,1050000,30000,35,小規模運航,120,2100000,1,1,4,35,40,93.9993146
30日,日本,新千歳,日本,中部,07:00,60,7,1140000,30000,38,小規模運航,120,2100000,1,1,4,35,40,95.4376132
30日,日本,新千歳,日本,中部,07:30,60,7,1230000,30000,41,小規模運航,120,2100000,1,1,4,35,40,95.6695769
30日,日本,新千歳,日本,中部,08:00,60,7,1710000,30000,57,小規模運航,120,2100000,1,1,4,35,40,98.2531983
30日,日本,新千歳,日本,中部,08:30,60,7,1770000,30000,59,小規模運航,120,2100000,1,1,4,35,40,98.9746686
30日,日本,新千歳,日本,中部,09:00,60,7,1620000,30000,54,小規模運航,120,2100000,1,1,4,35,40,95.3406595
30日,日本,新千歳,日本,中部,09:30,60,7,1620000,30000,54,小規模運航,120,2100000,1,1,4,35,40,98.4526616
30日,日本,新千歳,日本,中部,10:00,60,7,1380000,30000,46,小規模運航,120,2100000,1,1,4,35,40,90.8655666
30日,日本,新千歳,日本,中部,10:30,60,7,1410000,30000,47,小規模運航,120,2100000,1,1,4,35,40,91.6269173
30日,日本,新千歳,日本,中部,11:00,60,7,1380000,30000,46,小規模運航,120,2100000,1,1,4,35,40,83.6488618
30日,日本,新千歳,日本,中部,11:30,60,7,1290000,30000,43,小規模運航,120,2100000,1,1,4,35,40,91.6200218
30日,日本,新千歳,日本,中部,12:00,60,7,1470000,30000,49,小規模運航,120,2100000,1,1,4,35,40,99.0244679
30日,日本,新千歳,日本,中部,12:30,60,7,1440000,30000,48,小規模運航,120,2100000,1,1,4,35,40,97.936541
30日,日本,新千歳,日本,中部,13:00,60,7,1410000,30000,47,小規模運航,120,2100000,1,1,4,35,40,78.5128891
30日,日本,新千歳,日本,中部,13:30,60,7,1350000,30000,45,小規模運航,120,2100000,1,1,4,35,40,84.2673645
30日,日本,新千歳,日本,中部,14:00,60,7,1350000,30000,45,小規模運航,120,2100000,1,1,4,35,40,94.6026972
30日,日本,新千歳,日本,中部,14:30,60,7,1350000,30000,45,小規模運航,120,2100000,1,1,4,35,40,94.3291946
30日,日本,新千歳,日本,中部,15:00,60,7,1410000,30000,47,小規模運航,120,2100000,1,1,4,35,40,98.4299874
30日,日本,新千歳,日本,中部,15:30,60,7,1440000,30000,48,小規模運航,120,2100000,1,1,4,35,40,98.0216168
30日,日本,新千歳,日本,中部,16:00,60,7,1290000,30000,43,小規模運航,120,2100000,1,1,4,35,40,98.3102247
30日,日本,新千歳,日本,中部,16:30,60,7,1440000,30000,48,小規模運航,120,2100000,1,1,4,35,40,82.8145095
30日,日本,新千歳,日本,中部,17:00,60,7,1620000,30000,54,小規模運航,120,2100000,1,1,4,35,40,96.6157287
30日,日本,新千歳,日本,中部,17:30,60,7,1620000,30000,54,小規模運航,120,2100000,1,1,4,35,40,96.0024282
30日,日本,新千歳,日本,中部,18:00,60,7,1770000,30000,59,小規模運航,120,2100000,1,1,4,35,40,94.599861
30日,日本,新千歳,日本,中部,18:30,60,7,1800000,30000,60,小規模運航,120,2100000,1,1,4,35,40,94.9106947
30日,日本,新千歳,日本,中部,19:00,60,7,1770000,30000,59,小規模運航,120,2100000,1,1,4,35,40,94.1009107
30日,日本,新千歳,日本,中部,19:30,60,7,1800000,30000,60,小規模運航,120,2100000,1,1,4,35,40,98.3665206
30日,日本,新千歳,日本,中部,20:00,60,7,1290000,30000,43,小規模運航,120,2100000,1,1,4,35,40,85.0275232
30日,日本,新千歳,日本,中部,20:30,60,7,1290000,30000,43,小規模運航,120,2100000,1,1,4,35,40,80.4040514
30日,日本,新千歳,日本,中部,21:00,60,7,1500000,30000,50,小規模運航,120,2100000,1,1,4,35,40,93.2953148
30日,日本,新千歳,日本,中部,21:30,60,7,1410000,30000,47,小規模運航,120,2100000,1,1,4,35,40,83.0280743
30日,日本,新千歳,日本,中部,22:00,60,7,1050000,30000,35,小規模運航,120,2100000,1,1,4,35,40,67.673991
30日,日本,新千歳,日本,中部,22:30,60,7,1170000,30000,39,小規模運航,120,2100000,1,1,4,35,40,97.2045623
31日,日本,新千歳,日本,中部,07:00,60,7,1170000,30000,39,小規模運航,120,2100000,1,1,4,35,40,72.9277389
31日,日本,新千歳,日本,中部,07:30,60,7,1050000,30000,35,小規模運航,120,2100000,1,1,4,35,40,71.4265404
31日,日本,新千歳,日本,中部,08:00,60,7,1770000,30000,59,小規模運航,120,2100000,1,1,4,35,40,96.6970722
31日,日本,新千歳,日本,中部,08:30,60,7,1560000,30000,52,小規模運航,120,2100000,1,1,4,35,40,96.1016709
31日,日本,新千歳,日本,中部,09:00,60,7,1710000,30000,57,小規模運航,120,2100000,1,1,4,35,40,96.6028294
31日,日本,新千歳,日本,中部,09:30,60,7,1620000,30000,54,小規模運航,120,2100000,1,1,4,35,40,98.4526616
31日,日本,新千歳,日本,中部,10:00,60,7,1350000,30000,45,小規模運航,120,2100000,1,1,4,35,40,92.5359388
31日,日本,新千歳,日本,中部,10:30,60,7,1470000,30000,49,小規模運航,120,2100000,1,1,4,35,40,97.0781345
31日,日本,新千歳,日本,中部,11:00,60,7,1350000,30000,45,小規模運航,120,2100000,1,1,4,35,40,91.7170669
31日,日本,新千歳,日本,中部,11:30,60,7,1380000,30000,46,小規模運航,120,2100000,1,1,4,35,40,84.8601913
31日,日本,新千歳,日本,中部,12:00,60,7,1440000,30000,48,小規模運航,120,2100000,1,1,4,35,40,93.6824746
31日,日本,新千歳,日本,中部,12:30,60,7,1350000,30000,45,小規模運航,120,2100000,1,1,4,35,40,97.7160798
31日,日本,新千歳,日本,中部,13:00,60,7,1290000,30000,43,小規模運航,120,2100000,1,1,4,35,40,84.1979965
31日,日本,新千歳,日本,中部,13:30,60,7,1380000,30000,46,小規模運航,120,2100000,1,1,4,35,40,91.9484056
31日,日本,新千歳,日本,中部,14:00,60,7,1320000,30000,44,小規模運航,120,2100000,1,1,4,35,40,80.6870046
31日,日本,新千歳,日本,中部,14:30,60,7,1410000,30000,47,小規模運航,120,2100000,1,1,4,35,40,82.4575486
31日,日本,新千歳,日本,中部,15:00,60,7,1290000,30000,43,小規模運航,120,2100000,1,1,4,35,40,92.6874771
31日,日本,新千歳,日本,中部,15:30,60,7,1530000,30000,51,小規模運航,120,2100000,1,1,4,35,40,87.4071448
31日,日本,新千歳,日本,中部,16:00,60,7,1410000,30000,47,小規模運航,120,2100000,1,1,4,35,40,93.1627359
31日,日本,新千歳,日本,中部,16:30,60,7,1320000,30000,44,小規模運航,120,2100000,1,1,4,35,40,98.642077
31日,日本,新千歳,日本,中部,17:00,60,7,1560000,30000,52,小規模運航,120,2100000,1,1,4,35,40,87.4054977
31日,日本,新千歳,日本,中部,17:30,60,7,1740000,30000,58,小規模運航,120,2100000,1,1,4,35,40,83.1484859
31日,日本,新千歳,日本,中部,18:00,60,7,1770000,30000,59,小規模運航,120,2100000,1,1,4,35,40,94.599861
31日,日本,新千歳,日本,中部,18:30,60,7,1770000,30000,59,小規模運航,120,2100000,1,1,4,35,40,92.6776045
31日,日本,新千歳,日本,中部,19:00,60,7,1710000,30000,57,小規模運航,120,2100000,1,1,4,35,40,94.6535861
31日,日本,新千歳,日本,中部,19:30,60,7,1770000,30000,59,小規模運航,120,2100000,1,1,4,35,40,92.4203826
31日,日本,新千歳,日本,中部,20:00,60,7,1380000,30000,46,小規模運航,120,2100000,1,1,4,35,40,95.8146152
31日,日本,新千歳,日本,中部,20:30,60,7,1380000,30000,46,小規模運航,120,2100000,1,1,4,35,40,88.2736427
31日,日本,新千歳,日本,中部,21:00,60,7,1320000,30000,44,小規模運航,120,2100000,1,1,4,35,40,81.5397485
31日,日本,新千歳,日本,中部,21:30,60,7,1410000,30000,47,小規模運航,120,2100000,1,1,4,35,40,83.0280743
31日,日本,新千歳,日本,中部,22:00,60,7,1200000,30000,40,小規模運航,120,2100000,1,1,4,35,40,86.0780658
31日,日本,新千歳,日本,中部,22:30,60,7,1020000,30000,34,小規模運航,120,2100000,1,1,4,35,40,89.0329283
1日,日本,新千歳,日本,那覇,07:00,180,9,1020000,30000,34,小規模運航,120,2100000,1,1,4,35,40,97.6554355
1日,日本,新千歳,日本,那覇,07:30,180,9,1050000,30000,35,小規模運航,120,2100000,1,1,4,35,40,73.81878
1日,日本,新千歳,日本,那覇,08:00,180,9,1590000,30000,53,小規模運航,120,2100000,1,1,4,35,40,93.7704056
1日,日本,新千歳,日本,那覇,08:30,180,9,1590000,30000,53,小規模運航,120,2100000,1,1,4,35,40,97.8859563
1日,日本,新千歳,日本,那覇,09:00,180,9,1710000,30000,57,小規模運航,120,2100000,1,1,4,35,40,96.798727
1日,日本,新千歳,日本,那覇,09:30,180,9,1560000,30000,52,小規模運航,120,2100000,1,1,4,35,40,98.7996231
1日,日本,新千歳,日本,那覇,10:00,180,9,1500000,30000,50,小規模運航,120,2100000,1,1,4,35,40,91.8669398
1日,日本,新千歳,日本,那覇,10:30,180,9,1380000,30000,46,小規模運航,120,2100000,1,1,4,35,40,96.4626786
1日,日本,新千歳,日本,那覇,11:00,180,9,1470000,30000,49,小規模運航,120,2100000,1,1,4,35,40,91.6343616
1日,日本,新千歳,日本,那覇,11:30,180,9,1470000,30000,49,小規模運航,120,2100000,1,1,4,35,40,93.2304968
1日,日本,新千歳,日本,那覇,12:00,180,9,1350000,30000,45,小規模運航,120,2100000,1,1,4,35,40,93.1030588
1日,日本,新千歳,日本,那覇,12:30,180,9,1440000,30000,48,小規模運航,120,2100000,1,1,4,35,40,96.1199677
1日,日本,新千歳,日本,那覇,13:00,180,9,1410000,30000,47,小規模運航,120,2100000,1,1,4,35,40,96.2404514
1日,日本,新千歳,日本,那覇,13:30,180,9,1440000,30000,48,小規模運航,120,2100000,1,1,4,35,40,98.5356996
1日,日本,新千歳,日本,那覇,14:00,180,9,1290000,30000,43,小規模運航,120,2100000,1,1,4,35,40,84.2642285
1日,日本,新千歳,日本,那覇,14:30,180,9,1410000,30000,47,小規模運航,120,2100000,1,1,4,35,40,91.8254556
1日,日本,新千歳,日本,那覇,15:00,180,9,1530000,30000,51,小規模運航,120,2100000,1,1,4,35,40,97.4663222
1日,日本,新千歳,日本,那覇,15:30,180,9,1380000,30000,46,小規模運航,120,2100000,1,1,4,35,40,93.5870442
1日,日本,新千歳,日本,那覇,16:00,180,9,1410000,30000,47,小規模運航,120,2100000,1,1,4,35,40,87.0624303
1日,日本,新千歳,日本,那覇,16:30,180,9,1440000,30000,48,小規模運航,120,2100000,1,1,4,35,40,98.7442067
1日,日本,新千歳,日本,那覇,17:00,180,9,1590000,30000,53,小規模運航,120,2100000,1,1,4,35,40,96.7946974
1日,日本,新千歳,日本,那覇,17:30,180,9,1680000,30000,56,小規模運航,120,2100000,1,1,4,35,40,98.7672584
1日,日本,新千歳,日本,那覇,18:00,180,9,1710000,30000,57,小規模運航,120,2100000,1,1,4,35,40,91.2786922
1日,日本,新千歳,日本,那覇,18:30,180,9,1530000,30000,51,小規模運航,120,2100000,1,1,4,35,40,98.5061697
1日,日本,新千歳,日本,那覇,19:00,180,9,1770000,30000,59,小規模運航,120,2100000,1,1,4,35,40,92.282399
1日,日本,新千歳,日本,那覇,19:30,180,9,1620000,30000,54,小規模運航,120,2100000,1,1,4,35,40,96.0841439
1日,日本,新千歳,日本,那覇,20:00,180,9,1530000,30000,51,小規模運航,120,2100000,1,1,4,35,40,95.0738184
1日,日本,新千歳,日本,那覇,20:30,180,9,1470000,30000,49,小規模運航,120,2100000,1,1,4,35,40,82.4610453
1日,日本,新千歳,日本,那覇,21:00,180,9,1500000,30000,50,小規模運航,120,2100000,1,1,4,35,40,96.5656938
1日,日本,新千歳,日本,那覇,21:30,180,9,1470000,30000,49,小規模運航,120,2100000,1,1,4,35,40,80.0781249
1日,日本,新千歳,日本,那覇,22:00,180,9,1200000,30000,40,小規模運航,120,2100000,1,1,4,35,40,96.2424675
1日,日本,新千歳,日本,那覇,22:30,180,9,1050000,30000,35,小規模運航,120,2100000,1,1,4,35,40,96.4756127
2日,日本,新千歳,日本,那覇,07:00,180,9,1170000,30000,39,小規模運航,120,2100000,1,1,4,35,40,88.4896392
2日,日本,新千歳,日本,那覇,07:30,180,9,1230000,30000,41,小規模運航,120,2100000,1,1,4,35,40,88.8039914
2日,日本,新千歳,日本,那覇,08:00,180,9,1650000,30000,55,小規模運航,120,2100000,1,1,4,35,40,96.1374223
2日,日本,新千歳,日本,那覇,08:30,180,9,1770000,30000,59,小規模運航,120,2100000,1,1,4,35,40,88.6151558
2日,日本,新千歳,日本,那覇,09:00,180,9,1650000,30000,55,小規模運航,120,2100000,1,1,4,35,40,94.0604292
2日,日本,新千歳,日本,那覇,09:30,180,9,1590000,30000,53,小規模運航,120,2100000,1,1,4,35,40,96.5770174
2日,日本,新千歳,日本,那覇,10:00,180,9,1440000,30000,48,小規模運航,120,2100000,1,1,4,35,40,95.6738528
2日,日本,新千歳,日本,那覇,10:30,180,9,1530000,30000,51,小規模運航,120,2100000,1,1,4,35,40,97.4219469
2日,日本,新千歳,日本,那覇,11:00,180,9,1410000,30000,47,小規模運航,120,2100000,1,1,4,35,40,93.7167928
2日,日本,新千歳,日本,那覇,11:30,180,9,1440000,30000,48,小規模運航,120,2100000,1,1,4,35,40,97.0334132
2日,日本,新千歳,日本,那覇,12:00,180,9,1440000,30000,48,小規模運航,120,2100000,1,1,4,35,40,96.8090866
2日,日本,新千歳,日本,那覇,12:30,180,9,1380000,30000,46,小規模運航,120,2100000,1,1,4,35,40,93.9748335
2日,日本,新千歳,日本,那覇,13:00,180,9,1530000,30000,51,小規模運航,120,2100000,1,1,4,35,40,88.2573485
2日,日本,新千歳,日本,那覇,13:30,180,9,1470000,30000,49,小規模運航,120,2100000,1,1,4,35,40,98.3737832
2日,日本,新千歳,日本,那覇,14:00,180,9,1350000,30000,45,小規模運航,120,2100000,1,1,4,35,40,94.1994742
2日,日本,新千歳,日本,那覇,14:30,180,9,1320000,30000,44,小規模運航,120,2100000,1,1,4,35,40,98.6441159
2日,日本,新千歳,日本,那覇,15:00,180,9,1470000,30000,49,小規模運航,120,2100000,1,1,4,35,40,97.9103807
2日,日本,新千歳,日本,那覇,15:30,180,9,1320000,30000,44,小規模運航,120,2100000,1,1,4,35,40,97.9537668
2日,日本,新千歳,日本,那覇,16:00,180,9,1290000,30000,43,小規模運航,120,2100000,1,1,4,35,40,97.6939087
2日,日本,新千歳,日本,那覇,16:30,180,9,1290000,30000,43,小規模運航,120,2100000,1,1,4,35,40,93.8967582
2日,日本,新千歳,日本,那覇,17:00,180,9,1620000,30000,54,小規模運航,120,2100000,1,1,4,35,40,82.7821185
2日,日本,新千歳,日本,那覇,17:30,180,9,1740000,30000,58,小規模運航,120,2100000,1,1,4,35,40,97.2512494
2日,日本,新千歳,日本,那覇,18:00,180,9,1770000,30000,59,小規模運航,120,2100000,1,1,4,35,40,92.2987742
2日,日本,新千歳,日本,那覇,18:30,180,9,1800000,30000,60,小規模運航,120,2100000,1,1,4,35,40,95.1648039
2日,日本,新千歳,日本,那覇,19:00,180,9,1590000,30000,53,小規模運航,120,2100000,1,1,4,35,40,95.2359465
2日,日本,新千歳,日本,那覇,19:30,180,9,1650000,30000,55,小規模運航,120,2100000,1,1,4,35,40,91.7924096
2日,日本,新千歳,日本,那覇,20:00,180,9,1410000,30000,47,小規模運航,120,2100000,1,1,4,35,40,78.1584907
2日,日本,新千歳,日本,那覇,20:30,180,9,1380000,30000,46,小規模運航,120,2100000,1,1,4,35,40,97.9427298
2日,日本,新千歳,日本,那覇,21:00,180,9,1440000,30000,48,小規模運航,120,2100000,1,1,4,35,40,97.6668205
2日,日本,新千歳,日本,那覇,21:30,180,9,1470000,30000,49,小規模運航,120,2100000,1,1,4,35,40,80.0781249
2日,日本,新千歳,日本,那覇,22:00,180,9,1080000,30000,36,小規模運航,120,2100000,1,1,4,35,40,95.3880675
2日,日本,新千歳,日本,那覇,22:30,180,9,1080000,30000,36,小規模運航,120,2100000,1,1,4,35,40,70.3930827
3日,日本,新千歳,日本,那覇,07:00,180,9,1110000,30000,37,小規模運航,120,2100000,1,1,4,35,40,96.0370398
3日,日本,新千歳,日本,那覇,07:30,180,9,990000,30000,33,小規模運航,120,2100000,1,1,4,35,40,86.7999421
3日,日本,新千歳,日本,那覇,08:00,180,9,1710000,30000,57,小規模運航,120,2100000,1,1,4,35,40,92.2473571
3日,日本,新千歳,日本,那覇,08:30,180,9,1680000,30000,56,小規模運航,120,2100000,1,1,4,35,40,98.1701139
3日,日本,新千歳,日本,那覇,09:00,180,9,1740000,30000,58,小規模運航,120,2100000,1,1,4,35,40,96.3439734
3日,日本,新千歳,日本,那覇,09:30,180,9,1800000,30000,60,小規模運航,120,2100000,1,1,4,35,40,94.3957482
3日,日本,新千歳,日本,那覇,10:00,180,9,1410000,30000,47,小規模運航,120,2100000,1,1,4,35,40,96.8512528
3日,日本,新千歳,日本,那覇,10:30,180,9,1500000,30000,50,小規模運航,120,2100000,1,1,4,35,40,87.6140867
3日,日本,新千歳,日本,那覇,11:00,180,9,1290000,30000,43,小規模運航,120,2100000,1,1,4,35,40,89.863559
3日,日本,新千歳,日本,那覇,11:30,180,9,1500000,30000,50,小規模運航,120,2100000,1,1,4,35,40,87.9398291
3日,日本,新千歳,日本,那覇,12:00,180,9,1290000,30000,43,小規模運航,120,2100000,1,1,4,35,40,81.8272807
3日,日本,新千歳,日本,那覇,12:30,180,9,1380000,30000,46,小規模運航,120,2100000,1,1,4,35,40,93.9748335
3日,日本,新千歳,日本,那覇,13:00,180,9,1380000,30000,46,小規模運航,120,2100000,1,1,4,35,40,89.421678
3日,日本,新千歳,日本,那覇,13:30,180,9,1470000,30000,49,小規模運航,120,2100000,1,1,4,35,40,98.3737832
3日,日本,新千歳,日本,那覇,14:00,180,9,1380000,30000,46,小規模運航,120,2100000,1,1,4,35,40,94.2372792
3日,日本,新千歳,日本,那覇,14:30,180,9,1410000,30000,47,小規模運航,120,2100000,1,1,4,35,40,91.8254556
3日,日本,新千歳,日本,那覇,15:00,180,9,1500000,30000,50,小規模運航,120,2100000,1,1,4,35,40,77.0357112
3日,日本,新千歳,日本,那覇,15:30,180,9,1320000,30000,44,小規模運航,120,2100000,1,1,4,35,40,97.9537668
3日,日本,新千歳,日本,那覇,16:00,180,9,1440000,30000,48,小規模運航,120,2100000,1,1,4,35,40,95.2306348
3日,日本,新千歳,日本,那覇,16:30,180,9,1290000,30000,43,小規模運航,120,2100000,1,1,4,35,40,93.8967582
3日,日本,新千歳,日本,那覇,17:00,180,9,1650000,30000,55,小規模運航,120,2100000,1,1,4,35,40,93.243442
3日,日本,新千歳,日本,那覇,17:30,180,9,1530000,30000,51,小規模運航,120,2100000,1,1,4,35,40,96.8278752
3日,日本,新千歳,日本,那覇,18:00,180,9,1530000,30000,51,小規模運航,120,2100000,1,1,4,35,40,82.8408387
3日,日本,新千歳,日本,那覇,18:30,180,9,1680000,30000,56,小規模運航,120,2100000,1,1,4,35,40,87.2828445
3日,日本,新千歳,日本,那覇,19:00,180,9,1560000,30000,52,小規模運航,120,2100000,1,1,4,35,40,92.4833053
3日,日本,新千歳,日本,那覇,19:30,180,9,1770000,30000,59,小規模運航,120,2100000,1,1,4,35,40,97.6967903
3日,日本,新千歳,日本,那覇,20:00,180,9,1500000,30000,50,小規模運航,120,2100000,1,1,4,35,40,84.9720301
3日,日本,新千歳,日本,那覇,20:30,180,9,1410000,30000,47,小規模運航,120,2100000,1,1,4,35,40,84.9118229
3日,日本,新千歳,日本,那覇,21:00,180,9,1320000,30000,44,小規模運航,120,2100000,1,1,4,35,40,89.1483154
3日,日本,新千歳,日本,那覇,21:30,180,9,1410000,30000,47,小規模運航,120,2100000,1,1,4,35,40,89.7503619
3日,日本,新千歳,日本,那覇,22:00,180,9,1170000,30000,39,小規模運航,120,2100000,1,1,4,35,40,81.9336506
3日,日本,新千歳,日本,那覇,22:30,180,9,1080000,30000,36,小規模運航,120,2100000,1,1,4,35,40,70.3930827
4日,日本,新千歳,日本,那覇,07:00,180,9,1020000,30000,34,小規模運航,120,2100000,1,1,4,35,40,97.6554355
4日,日本,新千歳,日本,那覇,07:30,180,9,990000,30000,33,小規模運航,120,2100000,1,1,4,35,40,86.7999421
4日,日本,新千歳,日本,那覇,08:00,180,9,1770000,30000,59,小規模運航,120,2100000,1,1,4,35,40,81.4335764
4日,日本,新千歳,日本,那覇,08:30,180,9,1620000,30000,54,小規模運航,120,2100000,1,1,4,35,40,98.1575453
4日,日本,新千歳,日本,那覇,09:00,180,9,1710000,30000,57,小規模運航,120,2100000,1,1,4,35,40,96.798727
4日,日本,新千歳,日本,那覇,09:30,180,9,1800000,30000,60,小規模運航,120,2100000,1,1,4,35,40,94.3957482
4日,日本,新千歳,日本,那覇,10:00,180,9,1470000,30000,49,小規模運航,120,2100000,1,1,4,35,40,91.5081957
4日,日本,新千歳,日本,那覇,10:30,180,9,1350000,30000,45,小規模運航,120,2100000,1,1,4,35,40,95.592048
4日,日本,新千歳,日本,那覇,11:00,180,9,1470000,30000,49,小規模運航,120,2100000,1,1,4,35,40,91.6343616
4日,日本,新千歳,日本,那覇,11:30,180,9,1440000,30000,48,小規模運航,120,2100000,1,1,4,35,40,97.0334132
4日,日本,新千歳,日本,那覇,12:00,180,9,1440000,30000,48,小規模運航,120,2100000,1,1,4,35,40,96.8090866
4日,日本,新千歳,日本,那覇,12:30,180,9,1440000,30000,48,小規模運航,120,2100000,1,1,4,35,40,96.1199677
4日,日本,新千歳,日本,那覇,13:00,180,9,1410000,30000,47,小規模運航,120,2100000,1,1,4,35,40,96.2404514
4日,日本,新千歳,日本,那覇,13:30,180,9,1470000,30000,49,小規模運航,120,2100000,1,1,4,35,40,98.3737832
4日,日本,新千歳,日本,那覇,14:00,180,9,1320000,30000,44,小規模運航,120,2100000,1,1,4,35,40,91.6802843
4日,日本,新千歳,日本,那覇,14:30,180,9,1530000,30000,51,小規模運航,120,2100000,1,1,4,35,40,93.3826475
4日,日本,新千歳,日本,那覇,15:00,180,9,1350000,30000,45,小規模運航,120,2100000,1,1,4,35,40,80.1575269
4日,日本,新千歳,日本,那覇,15:30,180,9,1410000,30000,47,小規模運航,120,2100000,1,1,4,35,40,85.6056326
4日,日本,新千歳,日本,那覇,16:00,180,9,1320000,30000,44,小規模運航,120,2100000,1,1,4,35,40,93.9513381
4日,日本,新千歳,日本,那覇,16:30,180,9,1440000,30000,48,小規模運航,120,2100000,1,1,4,35,40,98.7442067
4日,日本,新千歳,日本,那覇,17:00,180,9,1620000,30000,54,小規模運航,120,2100000,1,1,4,35,40,82.7821185
4日,日本,新千歳,日本,那覇,17:30,180,9,1740000,30000,58,小規模運航,120,2100000,1,1,4,35,40,97.2512494
4日,日本,新千歳,日本,那覇,18:00,180,9,1710000,30000,57,小規模運航,120,2100000,1,1,4,35,40,91.2786922
4日,日本,新千歳,日本,那覇,18:30,180,9,1740000,30000,58,小規模運航,120,2100000,1,1,4,35,40,86.6951741
4日,日本,新千歳,日本,那覇,19:00,180,9,1650000,30000,55,小規模運航,120,2100000,1,1,4,35,40,80.6435502
4日,日本,新千歳,日本,那覇,19:30,180,9,1560000,30000,52,小規模運航,120,2100000,1,1,4,35,40,93.0840841
4日,日本,新千歳,日本,那覇,20:00,180,9,1350000,30000,45,小規模運航,120,2100000,1,1,4,35,40,79.7277335
4日,日本,新千歳,日本,那覇,20:30,180,9,1350000,30000,45,小規模運航,120,2100000,1,1,4,35,40,92.8959096
4日,日本,新千歳,日本,那覇,21:00,180,9,1440000,30000,48,小規模運航,120,2100000,1,1,4,35,40,97.6668205
4日,日本,新千歳,日本,那覇,21:30,180,9,1470000,30000,49,小規模運航,120,2100000,1,1,4,35,40,80.0781249
4日,日本,新千歳,日本,那覇,22:00,180,9,1080000,30000,36,小規模運航,120,2100000,1,1,4,35,40,95.3880675
4日,日本,新千歳,日本,那覇,22:30,180,9,1110000,30000,37,小規模運航,120,2100000,1,1,4,35,40,96.3570276
5日,日本,新千歳,日本,那覇,07:00,180,9,1050000,30000,35,小規模運航,120,2100000,1,1,4,35,40,79.4131163
5日,日本,新千歳,日本,那覇,07:30,180,9,990000,30000,33,小規模運航,120,2100000,1,1,4,35,40,86.7999421
5日,日本,新千歳,日本,那覇,08:00,180,9,1590000,30000,53,小規模運航,120,2100000,1,1,4,35,40,93.7704056
5日,日本,新千歳,日本,那覇,08:30,180,9,1740000,30000,58,小規模運航,120,2100000,1,1,4,35,40,86.3564435
5日,日本,新千歳,日本,那覇,09:00,180,9,1650000,30000,55,小規模運航,120,2100000,1,1,4,35,40,94.0604292
5日,日本,新千歳,日本,那覇,09:30,180,9,1740000,30000,58,小規模運航,120,2100000,1,1,4,35,40,94.1178551
5日,日本,新千歳,日本,那覇,10:00,180,9,1500000,30000,50,小規模運航,120,2100000,1,1,4,35,40,91.8669398
5日,日本,新千歳,日本,那覇,10:30,180,9,1410000,30000,47,小規模運航,120,2100000,1,1,4,35,40,84.9366319
5日,日本,新千歳,日本,那覇,11:00,180,9,1260000,30000,42,小規模運航,120,2100000,1,1,4,35,40,89.8791604
5日,日本,新千歳,日本,那覇,11:30,180,9,1410000,30000,47,小規模運航,120,2100000,1,1,4,35,40,86.1445219
5日,日本,新千歳,日本,那覇,12:00,180,9,1380000,30000,46,小規模運航,120,2100000,1,1,4,35,40,96.9022473
5日,日本,新千歳,日本,那覇,12:30,180,9,1350000,30000,45,小規模運航,120,2100000,1,1,4,35,40,94.9494444
5日,日本,新千歳,日本,那覇,13:00,180,9,1320000,30000,44,小規模運航,120,2100000,1,1,4,35,40,97.5435315
5日,日本,新千歳,日本,那覇,13:30,180,9,1410000,30000,47,小規模運航,120,2100000,1,1,4,35,40,74.9103444
5日,日本,新千歳,日本,那覇,14:00,180,9,1440000,30000,48,小規模運航,120,2100000,1,1,4,35,40,94.2692999
5日,日本,新千歳,日本,那覇,14:30,180,9,1350000,30000,45,小規模運航,120,2100000,1,1,4,35,40,93.8486394
5日,日本,新千歳,日本,那覇,15:00,180,9,1380000,30000,46,小規模運航,120,2100000,1,1,4,35,40,93.9428781
5日,日本,新千歳,日本,那覇,15:30,180,9,1410000,30000,47,小規模運航,120,2100000,1,1,4,35,40,85.6056326
5日,日本,新千歳,日本,那覇,16:00,180,9,1500000,30000,50,小規模運航,120,2100000,1,1,4,35,40,85.2178924
5日,日本,新千歳,日本,那覇,16:30,180,9,1350000,30000,45,小規模運航,120,2100000,1,1,4,35,40,98.0085413
5日,日本,新千歳,日本,那覇,17:00,180,9,1740000,30000,58,小規模運航,120,2100000,1,1,4,35,40,99.0763774
5日,日本,新千歳,日本,那覇,17:30,180,9,1680000,30000,56,小規模運航,120,2100000,1,1,4,35,40,98.7672584
5日,日本,新千歳,日本,那覇,18:00,180,9,1770000,30000,59,小規模運航,120,2100000,1,1,4,35,40,92.2987742
5日,日本,新千歳,日本,那覇,18:30,180,9,1650000,30000,55,小規模運航,120,2100000,1,1,4,35,40,94.9760696
5日,日本,新千歳,日本,那覇,19:00,180,9,1680000,30000,56,小規模運航,120,2100000,1,1,4,35,40,95.4458732
5日,日本,新千歳,日本,那覇,19:30,180,9,1590000,30000,53,小規模運航,120,2100000,1,1,4,35,40,96.5544207
5日,日本,新千歳,日本,那覇,20:00,180,9,1350000,30000,45,小規模運航,120,2100000,1,1,4,35,40,79.7277335
5日,日本,新千歳,日本,那覇,20:30,180,9,1380000,30000,46,小規模運航,120,2100000,1,1,4,35,40,97.9427298
5日,日本,新千歳,日本,那覇,21:00,180,9,1470000,30000,49,小規模運航,120,2100000,1,1,4,35,40,93.0091481
5日,日本,新千歳,日本,那覇,21:30,180,9,1350000,30000,45,小規模運航,120,2100000,1,1,4,35,40,95.1692032
5日,日本,新千歳,日本,那覇,22:00,180,9,990000,30000,33,小規模運航,120,2100000,1,1,4,35,40,93.5466621
5日,日本,新千歳,日本,那覇,22:30,180,9,1110000,30000,37,小規模運航,120,2100000,1,1,4,35,40,96.3570276
6日,日本,新千歳,日本,那覇,07:00,180,9,1050000,30000,35,小規模運航,120,2100000,1,1,4,35,40,79.4131163
6日,日本,新千歳,日本,那覇,07:30,180,9,1110000,30000,37,小規模運航,120,2100000,1,1,4,35,40,96.2370571
6日,日本,新千歳,日本,那覇,08:00,180,9,1680000,30000,56,小規模運航,120,2100000,1,1,4,35,40,98.1668241
6日,日本,新千歳,日本,那覇,08:30,180,9,1740000,30000,58,小規模運航,120,2100000,1,1,4,35,40,86.3564435
6日,日本,新千歳,日本,那覇,09:00,180,9,1680000,30000,56,小規模運航,120,2100000,1,1,4,35,40,88.7880911
6日,日本,新千歳,日本,那覇,09:30,180,9,1800000,30000,60,小規模運航,120,2100000,1,1,4,35,40,94.3957482
6日,日本,新千歳,日本,那覇,10:00,180,9,1290000,30000,43,小規模運航,120,2100000,1,1,4,35,40,97.0103465
6日,日本,新千歳,日本,那覇,10:30,180,9,1470000,30000,49,小規模運航,120,2100000,1,1,4,35,40,88.8842619
6日,日本,新千歳,日本,那覇,11:00,180,9,1440000,30000,48,小規模運航,120,2100000,1,1,4,35,40,89.5023337
6日,日本,新千歳,日本,那覇,11:30,180,9,1410000,30000,47,小規模運航,120,2100000,1,1,4,35,40,86.1445219
6日,日本,新千歳,日本,那覇,12:00,180,9,1320000,30000,44,小規模運航,120,2100000,1,1,4,35,40,95.0730825
6日,日本,新千歳,日本,那覇,12:30,180,9,1410000,30000,47,小規模運航,120,2100000,1,1,4,35,40,92.1182572
6日,日本,新千歳,日本,那覇,13:00,180,9,1410000,30000,47,小規模運航,120,2100000,1,1,4,35,40,96.2404514
6日,日本,新千歳,日本,那覇,13:30,180,9,1410000,30000,47,小規模運航,120,2100000,1,1,4,35,40,74.9103444
6日,日本,新千歳,日本,那覇,14:00,180,9,1260000,30000,42,小規模運航,120,2100000,1,1,4,35,40,96.0591698
6日,日本,新千歳,日本,那覇,14:30,180,9,1350000,30000,45,小規模運航,120,2100000,1,1,4,35,40,93.8486394
6日,日本,新千歳,日本,那覇,15:00,180,9,1470000,30000,49,小規模運航,120,2100000,1,1,4,35,40,97.9103807
6日,日本,新千歳,日本,那覇,15:30,180,9,1410000,30000,47,小規模運航,120,2100000,1,1,4,35,40,85.6056326
6日,日本,新千歳,日本,那覇,16:00,180,9,1410000,30000,47,小規模運航,120,2100000,1,1,4,35,40,87.0624303
6日,日本,新千歳,日本,那覇,16:30,180,9,1470000,30000,49,小規模運航,120,2100000,1,1,4,35,40,96.1235985
6日,日本,新千歳,日本,那覇,17:00,180,9,1740000,30000,58,小規模運航,120,2100000,1,1,4,35,40,99.0763774
6日,日本,新千歳,日本,那覇,17:30,180,9,1770000,30000,59,小規模運航,120,2100000,1,1,4,35,40,94.2146743
6日,日本,新千歳,日本,那覇,18:00,180,9,1740000,30000,58,小規模運航,120,2100000,1,1,4,35,40,97.6248181
6日,日本,新千歳,日本,那覇,18:30,180,9,1620000,30000,54,小規模運航,120,2100000,1,1,4,35,40,95.5250927
6日,日本,新千歳,日本,那覇,19:00,180,9,1590000,30000,53,小規模運航,120,2100000,1,1,4,35,40,95.2359465
6日,日本,新千歳,日本,那覇,19:30,180,9,1650000,30000,55,小規模運航,120,2100000,1,1,4,35,40,91.7924096
6日,日本,新千歳,日本,那覇,20:00,180,9,1410000,30000,47,小規模運航,120,2100000,1,1,4,35,40,78.1584907
6日,日本,新千歳,日本,那覇,20:30,180,9,1530000,30000,51,小規模運航,120,2100000,1,1,4,35,40,96.1189812
6日,日本,新千歳,日本,那覇,21:00,180,9,1350000,30000,45,小規模運航,120,2100000,1,1,4,35,40,95.4415415
6日,日本,新千歳,日本,那覇,21:30,180,9,1350000,30000,45,小規模運航,120,2100000,1,1,4,35,40,95.1692032
6日,日本,新千歳,日本,那覇,22:00,180,9,1110000,30000,37,小規模運航,120,2100000,1,1,4,35,40,91.8204074
6日,日本,新千歳,日本,那覇,22:30,180,9,1080000,30000,36,小規模運航,120,2100000,1,1,4,35,40,70.3930827
7日,日本,新千歳,日本,那覇,07:00,180,9,1200000,30000,40,小規模運航,120,2100000,1,1,4,35,40,96.6409941
7日,日本,新千歳,日本,那覇,07:30,180,9,1170000,30000,39,小規模運航,120,2100000,1,1,4,35,40,88.5355118
7日,日本,新千歳,日本,那覇,08:00,180,9,1680000,30000,56,小規模運航,120,2100000,1,1,4,35,40,98.1668241
7日,日本,新千歳,日本,那覇,08:30,180,9,1620000,30000,54,小規模運航,120,2100000,1,1,4,35,40,98.1575453
7日,日本,新千歳,日本,那覇,09:00,180,9,1680000,30000,56,小規模運航,120,2100000,1,1,4,35,40,88.7880911
7日,日本,新千歳,日本,那覇,09:30,180,9,1590000,30000,53,小規模運航,120,2100000,1,1,4,35,40,96.5770174
7日,日本,新千歳,日本,那覇,10:00,180,9,1410000,30000,47,小規模運航,120,2100000,1,1,4,35,40,96.8512528
7日,日本,新千歳,日本,那覇,10:30,180,9,1500000,30000,50,小規模運航,120,2100000,1,1,4,35,40,87.6140867
7日,日本,新千歳,日本,那覇,11:00,180,9,1470000,30000,49,小規模運航,120,2100000,1,1,4,35,40,91.6343616
7日,日本,新千歳,日本,那覇,11:30,180,9,1290000,30000,43,小規模運航,120,2100000,1,1,4,35,40,90.149015
7日,日本,新千歳,日本,那覇,12:00,180,9,1440000,30000,48,小規模運航,120,2100000,1,1,4,35,40,96.8090866
7日,日本,新千歳,日本,那覇,12:30,180,9,1290000,30000,43,小規模運航,120,2100000,1,1,4,35,40,77.838372
7日,日本,新千歳,日本,那覇,13:00,180,9,1350000,30000,45,小規模運航,120,2100000,1,1,4,35,40,93.7737974
7日,日本,新千歳,日本,那覇,13:30,180,9,1410000,30000,47,小規模運航,120,2100000,1,1,4,35,40,74.9103444
7日,日本,新千歳,日本,那覇,14:00,180,9,1410000,30000,47,小規模運航,120,2100000,1,1,4,35,40,98.0970133
7日,日本,新千歳,日本,那覇,14:30,180,9,1350000,30000,45,小規模運航,120,2100000,1,1,4,35,40,93.8486394
7日,日本,新千歳,日本,那覇,15:00,180,9,1470000,30000,49,小規模運航,120,2100000,1,1,4,35,40,97.9103807
7日,日本,新千歳,日本,那覇,15:30,180,9,1380000,30000,46,小規模運航,120,2100000,1,1,4,35,40,93.5870442
7日,日本,新千歳,日本,那覇,16:00,180,9,1440000,30000,48,小規模運航,120,2100000,1,1,4,35,40,95.2306348
7日,日本,新千歳,日本,那覇,16:30,180,9,1470000,30000,49,小規模運航,120,2100000,1,1,4,35,40,96.1235985
7日,日本,新千歳,日本,那覇,17:00,180,9,1590000,30000,53,小規模運航,120,2100000,1,1,4,35,40,96.7946974
7日,日本,新千歳,日本,那覇,17:30,180,9,1620000,30000,54,小規模運航,120,2100000,1,1,4,35,40,95.7899344
7日,日本,新千歳,日本,那覇,18:00,180,9,1740000,30000,58,小規模運航,120,2100000,1,1,4,35,40,97.6248181
7日,日本,新千歳,日本,那覇,18:30,180,9,1560000,30000,52,小規模運航,120,2100000,1,1,4,35,40,96.8261227
7日,日本,新千歳,日本,那覇,19:00,180,9,1710000,30000,57,小規模運航,120,2100000,1,1,4,35,40,93.0992883
7日,日本,新千歳,日本,那覇,19:30,180,9,1770000,30000,59,小規模運航,120,2100000,1,1,4,35,40,97.6967903
7日,日本,新千歳,日本,那覇,20:00,180,9,1410000,30000,47,小規模運航,120,2100000,1,1,4,35,40,78.1584907
7日,日本,新千歳,日本,那覇,20:30,180,9,1500000,30000,50,小規模運航,120,2100000,1,1,4,35,40,89.1200849
7日,日本,新千歳,日本,那覇,21:00,180,9,1530000,30000,51,小規模運航,120,2100000,1,1,4,35,40,93.6035901
7日,日本,新千歳,日本,那覇,21:30,180,9,1440000,30000,48,小規模運航,120,2100000,1,1,4,35,40,69.4242932
7日,日本,新千歳,日本,那覇,22:00,180,9,1230000,30000,41,小規模運航,120,2100000,1,1,4,35,40,98.3078692
7日,日本,新千歳,日本,那覇,22:30,180,9,990000,30000,33,小規模運航,120,2100000,1,1,4,35,40,68.6539429
8日,日本,新千歳,日本,那覇,07:00,180,9,1050000,30000,35,小規模運航,120,2100000,1,1,4,35,40,79.4131163
8日,日本,新千歳,日本,那覇,07:30,180,9,1230000,30000,41,小規模運航,120,2100000,1,1,4,35,40,88.8039914
8日,日本,新千歳,日本,那覇,08:00,180,9,1560000,30000,52,小規模運航,120,2100000,1,1,4,35,40,92.1003226
8日,日本,新千歳,日本,那覇,08:30,180,9,1800000,30000,60,小規模運航,120,2100000,1,1,4,35,40,96.851042
8日,日本,新千歳,日本,那覇,09:00,180,9,1770000,30000,59,小規模運航,120,2100000,1,1,4,35,40,94.0678846
8日,日本,新千歳,日本,那覇,09:30,180,9,1680000,30000,56,小規模運航,120,2100000,1,1,4,35,40,98.2958753
8日,日本,新千歳,日本,那覇,10:00,180,9,1290000,30000,43,小規模運航,120,2100000,1,1,4,35,40,97.0103465
8日,日本,新千歳,日本,那覇,10:30,180,9,1500000,30000,50,小規模運航,120,2100000,1,1,4,35,40,87.6140867
8日,日本,新千歳,日本,那覇,11:00,180,9,1530000,30000,51,小規模運航,120,2100000,1,1,4,35,40,98.540153
8日,日本,新千歳,日本,那覇,11:30,180,9,1350000,30000,45,小規模運航,120,2100000,1,1,4,35,40,94.1584627
8日,日本,新千歳,日本,那覇,12:00,180,9,1530000,30000,51,小規模運航,120,2100000,1,1,4,35,40,82.8505495
8日,日本,新千歳,日本,那覇,12:30,180,9,1290000,30000,43,小規模運航,120,2100000,1,1,4,35,40,77.838372
8日,日本,新千歳,日本,那覇,13:00,180,9,1380000,30000,46,小規模運航,120,2100000,1,1,4,35,40,89.421678
8日,日本,新千歳,日本,那覇,13:30,180,9,1410000,30000,47,小規模運航,120,2100000,1,1,4,35,40,74.9103444
8日,日本,新千歳,日本,那覇,14:00,180,9,1410000,30000,47,小規模運航,120,2100000,1,1,4,35,40,98.0970133
8日,日本,新千歳,日本,那覇,14:30,180,9,1410000,30000,47,小規模運航,120,2100000,1,1,4,35,40,91.8254556
8日,日本,新千歳,日本,那覇,15:00,180,9,1290000,30000,43,小規模運航,120,2100000,1,1,4,35,40,96.8883633
8日,日本,新千歳,日本,那覇,15:30,180,9,1290000,30000,43,小規模運航,120,2100000,1,1,4,35,40,93.925849
8日,日本,新千歳,日本,那覇,16:00,180,9,1380000,30000,46,小規模運航,120,2100000,1,1,4,35,40,98.0927047
8日,日本,新千歳,日本,那覇,16:30,180,9,1380000,30000,46,小規模運航,120,2100000,1,1,4,35,40,81.0725661
8日,日本,新千歳,日本,那覇,17:00,180,9,1680000,30000,56,小規模運航,120,2100000,1,1,4,35,40,97.8827927
8日,日本,新千歳,日本,那覇,17:30,180,9,1590000,30000,53,小規模運航,120,2100000,1,1,4,35,40,93.3262666
8日,日本,新千歳,日本,那覇,18:00,180,9,1680000,30000,56,小規模運航,120,2100000,1,1,4,35,40,94.9468014
8日,日本,新千歳,日本,那覇,18:30,180,9,1680000,30000,56,小規模運航,120,2100000,1,1,4,35,40,87.2828445
8日,日本,新千歳,日本,那覇,19:00,180,9,1620000,30000,54,小規模運航,120,2100000,1,1,4,35,40,98.802622
8日,日本,新千歳,日本,那覇,19:30,180,9,1740000,30000,58,小規模運航,120,2100000,1,1,4,35,40,79.3722624
8日,日本,新千歳,日本,那覇,20:00,180,9,1290000,30000,43,小規模運航,120,2100000,1,1,4,35,40,88.1317002
8日,日本,新千歳,日本,那覇,20:30,180,9,1440000,30000,48,小規模運航,120,2100000,1,1,4,35,40,95.8140363
8日,日本,新千歳,日本,那覇,21:00,180,9,1260000,30000,42,小規模運航,120,2100000,1,1,4,35,40,92.2809069
8日,日本,新千歳,日本,那覇,21:30,180,9,1410000,30000,47,小規模運航,120,2100000,1,1,4,35,40,89.7503619
8日,日本,新千歳,日本,那覇,22:00,180,9,1110000,30000,37,小規模運航,120,2100000,1,1,4,35,40,91.8204074
8日,日本,新千歳,日本,那覇,22:30,180,9,1140000,30000,38,小規模運航,120,2100000,1,1,4,35,40,79.6773004
9日,日本,新千歳,日本,那覇,07:00,180,9,1200000,30000,40,小規模運航,120,2100000,1,1,4,35,40,96.6409941
9日,日本,新千歳,日本,那覇,07:30,180,9,1170000,30000,39,小規模運航,120,2100000,1,1,4,35,40,88.5355118
9日,日本,新千歳,日本,那覇,08:00,180,9,1770000,30000,59,小規模運航,120,2100000,1,1,4,35,40,81.4335764
9日,日本,新千歳,日本,那覇,08:30,180,9,1680000,30000,56,小規模運航,120,2100000,1,1,4,35,40,98.1701139
9日,日本,新千歳,日本,那覇,09:00,180,9,1710000,30000,57,小規模運航,120,2100000,1,1,4,35,40,96.798727
9日,日本,新千歳,日本,那覇,09:30,180,9,1770000,30000,59,小規模運航,120,2100000,1,1,4,35,40,96.4913055
9日,日本,新千歳,日本,那覇,10:00,180,9,1440000,30000,48,小規模運航,120,2100000,1,1,4,35,40,95.6738528
9日,日本,新千歳,日本,那覇,10:30,180,9,1440000,30000,48,小規模運航,120,2100000,1,1,4,35,40,76.8260469
9日,日本,新千歳,日本,那覇,11:00,180,9,1380000,30000,46,小規模運航,120,2100000,1,1,4,35,40,97.8355751
9日,日本,新千歳,日本,那覇,11:30,180,9,1260000,30000,42,小規模運航,120,2100000,1,1,4,35,40,86.7468655
9日,日本,新千歳,日本,那覇,12:00,180,9,1470000,30000,49,小規模運航,120,2100000,1,1,4,35,40,84.4365263
9日,日本,新千歳,日本,那覇,12:30,180,9,1500000,30000,50,小規模運航,120,2100000,1,1,4,35,40,81.0225387
9日,日本,新千歳,日本,那覇,13:00,180,9,1290000,30000,43,小規模運航,120,2100000,1,1,4,35,40,95.3596427
9日,日本,新千歳,日本,那覇,13:30,180,9,1320000,30000,44,小規模運航,120,2100000,1,1,4,35,40,94.3844406
9日,日本,新千歳,日本,那覇,14:00,180,9,1290000,30000,43,小規模運航,120,2100000,1,1,4,35,40,84.2642285
9日,日本,新千歳,日本,那覇,14:30,180,9,1290000,30000,43,小規模運航,120,2100000,1,1,4,35,40,80.3161724
9日,日本,新千歳,日本,那覇,15:00,180,9,1290000,30000,43,小規模運航,120,2100000,1,1,4,35,40,96.8883633
9日,日本,新千歳,日本,那覇,15:30,180,9,1440000,30000,48,小規模運航,120,2100000,1,1,4,35,40,92.7594371
9日,日本,新千歳,日本,那覇,16:00,180,9,1530000,30000,51,小規模運航,120,2100000,1,1,4,35,40,94.9168737
9日,日本,新千歳,日本,那覇,16:30,180,9,1410000,30000,47,小規模運航,120,2100000,1,1,4,35,40,97.3919262
9日,日本,新千歳,日本,那覇,17:00,180,9,1740000,30000,58,小規模運航,120,2100000,1,1,4,35,40,99.0763774
9日,日本,新千歳,日本,那覇,17:30,180,9,1620000,30000,54,小規模運航,120,2100000,1,1,4,35,40,95.7899344
9日,日本,新千歳,日本,那覇,18:00,180,9,1740000,30000,58,小規模運航,120,2100000,1,1,4,35,40,97.6248181
9日,日本,新千歳,日本,那覇,18:30,180,9,1710000,30000,57,小規模運航,120,2100000,1,1,4,35,40,96.2366981
9日,日本,新千歳,日本,那覇,19:00,180,9,1770000,30000,59,小規模運航,120,2100000,1,1,4,35,40,92.282399
9日,日本,新千歳,日本,那覇,19:30,180,9,1560000,30000,52,小規模運航,120,2100000,1,1,4,35,40,93.0840841
9日,日本,新千歳,日本,那覇,20:00,180,9,1500000,30000,50,小規模運航,120,2100000,1,1,4,35,40,84.9720301
9日,日本,新千歳,日本,那覇,20:30,180,9,1410000,30000,47,小規模運航,120,2100000,1,1,4,35,40,84.9118229
9日,日本,新千歳,日本,那覇,21:00,180,9,1410000,30000,47,小規模運航,120,2100000,1,1,4,35,40,91.3688372
9日,日本,新千歳,日本,那覇,21:30,180,9,1290000,30000,43,小規模運航,120,2100000,1,1,4,35,40,98.3038909
9日,日本,新千歳,日本,那覇,22:00,180,9,1140000,30000,38,小規模運航,120,2100000,1,1,4,35,40,79.1502252
9日,日本,新千歳,日本,那覇,22:30,180,9,1080000,30000,36,小規模運航,120,2100000,1,1,4,35,40,70.3930827
10日,日本,新千歳,日本,那覇,07:00,180,9,1200000,30000,40,小規模運航,120,2100000,1,1,4,35,40,96.6409941
10日,日本,新千歳,日本,那覇,07:30,180,9,1080000,30000,36,小規模運航,120,2100000,1,1,4,35,40,74.8408471
10日,日本,新千歳,日本,那覇,08:00,180,9,1680000,30000,56,小規模運航,120,2100000,1,1,4,35,40,98.1668241
10日,日本,新千歳,日本,那覇,08:30,180,9,1770000,30000,59,小規模運航,120,2100000,1,1,4,35,40,88.6151558
10日,日本,新千歳,日本,那覇,09:00,180,9,1590000,30000,53,小規模運航,120,2100000,1,1,4,35,40,97.9263945
10日,日本,新千歳,日本,那覇,09:30,180,9,1560000,30000,52,小規模運航,120,2100000,1,1,4,35,40,98.7996231
10日,日本,新千歳,日本,那覇,10:00,180,9,1380000,30000,46,小規模運航,120,2100000,1,1,4,35,40,83.8796027
10日,日本,新千歳,日本,那覇,10:30,180,9,1410000,30000,47,小規模運航,120,2100000,1,1,4,35,40,84.9366319
10日,日本,新千歳,日本,那覇,11:00,180,9,1350000,30000,45,小規模運航,120,2100000,1,1,4,35,40,86.4127386
10日,日本,新千歳,日本,那覇,11:30,180,9,1440000,30000,48,小規模運航,120,2100000,1,1,4,35,40,97.0334132
10日,日本,新千歳,日本,那覇,12:00,180,9,1440000,30000,48,小規模運航,120,2100000,1,1,4,35,40,96.8090866
10日,日本,新千歳,日本,那覇,12:30,180,9,1410000,30000,47,小規模運航,120,2100000,1,1,4,35,40,92.1182572
10日,日本,新千歳,日本,那覇,13:00,180,9,1320000,30000,44,小規模運航,120,2100000,1,1,4,35,40,97.5435315
10日,日本,新千歳,日本,那覇,13:30,180,9,1470000,30000,49,小規模運航,120,2100000,1,1,4,35,40,98.3737832
10日,日本,新千歳,日本,那覇,14:00,180,9,1320000,30000,44,小規模運航,120,2100000,1,1,4,35,40,91.6802843
10日,日本,新千歳,日本,那覇,14:30,180,9,1320000,30000,44,小規模運航,120,2100000,1,1,4,35,40,98.6441159
10日,日本,新千歳,日本,那覇,15:00,180,9,1440000,30000,48,小規模運航,120,2100000,1,1,4,35,40,97.7714212
10日,日本,新千歳,日本,那覇,15:30,180,9,1410000,30000,47,小規模運航,120,2100000,1,1,4,35,40,85.6056326
10日,日本,新千歳,日本,那覇,16:00,180,9,1350000,30000,45,小規模運航,120,2100000,1,1,4,35,40,97.2623253
10日,日本,新千歳,日本,那覇,16:30,180,9,1290000,30000,43,小規模運航,120,2100000,1,1,4,35,40,93.8967582
10日,日本,新千歳,日本,那覇,17:00,180,9,1620000,30000,54,小規模運航,120,2100000,1,1,4,35,40,82.7821185
10日,日本,新千歳,日本,那覇,17:30,180,9,1710000,30000,57,小規模運航,120,2100000,1,1,4,35,40,95.8121124
10日,日本,新千歳,日本,那覇,18:00,180,9,1770000,30000,59,小規模運航,120,2100000,1,1,4,35,40,92.2987742
10日,日本,新千歳,日本,那覇,18:30,180,9,1650000,30000,55,小規模運航,120,2100000,1,1,4,35,40,94.9760696
10日,日本,新千歳,日本,那覇,19:00,180,9,1560000,30000,52,小規模運航,120,2100000,1,1,4,35,40,92.4833053
10日,日本,新千歳,日本,那覇,19:30,180,9,1530000,30000,51,小規模運航,120,2100000,1,1,4,35,40,98.192201
10日,日本,新千歳,日本,那覇,20:00,180,9,1500000,30000,50,小規模運航,120,2100000,1,1,4,35,40,84.9720301
10日,日本,新千歳,日本,那覇,20:30,180,9,1410000,30000,47,小規模運航,120,2100000,1,1,4,35,40,84.9118229
10日,日本,新千歳,日本,那覇,21:00,180,9,1380000,30000,46,小規模運航,120,2100000,1,1,4,35,40,83.613973
10日,日本,新千歳,日本,那覇,21:30,180,9,1320000,30000,44,小規模運航,120,2100000,1,1,4,35,40,87.6798393
10日,日本,新千歳,日本,那覇,22:00,180,9,1080000,30000,36,小規模運航,120,2100000,1,1,4,35,40,95.3880675
10日,日本,新千歳,日本,那覇,22:30,180,9,1230000,30000,41,小規模運航,120,2100000,1,1,4,35,40,97.0562311
11日,日本,新千歳,日本,那覇,07:00,180,9,1050000,30000,35,小規模運航,120,2100000,1,1,4,35,40,79.4131163
11日,日本,新千歳,日本,那覇,07:30,180,9,1200000,30000,40,小規模運航,120,2100000,1,1,4,35,40,85.8524826
11日,日本,新千歳,日本,那覇,08:00,180,9,1740000,30000,58,小規模運航,120,2100000,1,1,4,35,40,97.3150005
11日,日本,新千歳,日本,那覇,08:30,180,9,1740000,30000,58,小規模運航,120,2100000,1,1,4,35,40,86.3564435
11日,日本,新千歳,日本,那覇,09:00,180,9,1770000,30000,59,小規模運航,120,2100000,1,1,4,35,40,94.0678846
11日,日本,新千歳,日本,那覇,09:30,180,9,1650000,30000,55,小規模運航,120,2100000,1,1,4,35,40,97.4658634
11日,日本,新千歳,日本,那覇,10:00,180,9,1500000,30000,50,小規模運航,120,2100000,1,1,4,35,40,91.8669398
11日,日本,新千歳,日本,那覇,10:30,180,9,1290000,30000,43,小規模運航,120,2100000,1,1,4,35,40,95.064221
11日,日本,新千歳,日本,那覇,11:00,180,9,1290000,30000,43,小規模運航,120,2100000,1,1,4,35,40,89.863559
11日,日本,新千歳,日本,那覇,11:30,180,9,1380000,30000,46,小規模運航,120,2100000,1,1,4,35,40,93.1591013
11日,日本,新千歳,日本,那覇,12:00,180,9,1500000,30000,50,小規模運航,120,2100000,1,1,4,35,40,90.2665578
11日,日本,新千歳,日本,那覇,12:30,180,9,1470000,30000,49,小規模運航,120,2100000,1,1,4,35,40,97.7321499
11日,日本,新千歳,日本,那覇,13:00,180,9,1290000,30000,43,小規模運航,120,2100000,1,1,4,35,40,95.3596427
11日,日本,新千歳,日本,那覇,13:30,180,9,1290000,30000,43,小規模運航,120,2100000,1,1,4,35,40,91.5338633
11日,日本,新千歳,日本,那覇,14:00,180,9,1380000,30000,46,小規模運航,120,2100000,1,1,4,35,40,94.2372792
11日,日本,新千歳,日本,那覇,14:30,180,9,1440000,30000,48,小規模運航,120,2100000,1,1,4,35,40,87.5692795
11日,日本,新千歳,日本,那覇,15:00,180,9,1470000,30000,49,小規模運航,120,2100000,1,1,4,35,40,97.9103807
11日,日本,新千歳,日本,那覇,15:30,180,9,1320000,30000,44,小規模運航,120,2100000,1,1,4,35,40,97.9537668
11日,日本,新千歳,日本,那覇,16:00,180,9,1260000,30000,42,小規模運航,120,2100000,1,1,4,35,40,91.6208224
11日,日本,新千歳,日本,那覇,16:30,180,9,1380000,30000,46,小規模運航,120,2100000,1,1,4,35,40,81.0725661
11日,日本,新千歳,日本,那覇,17:00,180,9,1620000,30000,54,小規模運航,120,2100000,1,1,4,35,40,82.7821185
11日,日本,新千歳,日本,那覇,17:30,180,9,1740000,30000,58,小規模運航,120,2100000,1,1,4,35,40,97.2512494
11日,日本,新千歳,日本,那覇,18:00,180,9,1800000,30000,60,小規模運航,120,2100000,1,1,4,35,40,93.9641033
11日,日本,新千歳,日本,那覇,18:30,180,9,1620000,30000,54,小規模運航,120,2100000,1,1,4,35,40,95.5250927
11日,日本,新千歳,日本,那覇,19:00,180,9,1800000,30000,60,小規模運航,120,2100000,1,1,4,35,40,96.3755351
11日,日本,新千歳,日本,那覇,19:30,180,9,1560000,30000,52,小規模運航,120,2100000,1,1,4,35,40,93.0840841
11日,日本,新千歳,日本,那覇,20:00,180,9,1410000,30000,47,小規模運航,120,2100000,1,1,4,35,40,78.1584907
11日,日本,新千歳,日本,那覇,20:30,180,9,1500000,30000,50,小規模運航,120,2100000,1,1,4,35,40,89.1200849
11日,日本,新千歳,日本,那覇,21:00,180,9,1350000,30000,45,小規模運航,120,2100000,1,1,4,35,40,95.4415415
11日,日本,新千歳,日本,那覇,21:30,180,9,1530000,30000,51,小規模運航,120,2100000,1,1,4,35,40,77.9388684
11日,日本,新千歳,日本,那覇,22:00,180,9,990000,30000,33,小規模運航,120,2100000,1,1,4,35,40,93.5466621
11日,日本,新千歳,日本,那覇,22:30,180,9,1200000,30000,40,小規模運航,120,2100000,1,1,4,35,40,95.6565848
12日,日本,新千歳,日本,那覇,07:00,180,9,990000,30000,33,小規模運航,120,2100000,1,1,4,35,40,61.3567125
12日,日本,新千歳,日本,那覇,07:30,180,9,1110000,30000,37,小規模運航,120,2100000,1,1,4,35,40,96.2370571
12日,日本,新千歳,日本,那覇,08:00,180,9,1620000,30000,54,小規模運航,120,2100000,1,1,4,35,40,98.6257855
12日,日本,新千歳,日本,那覇,08:30,180,9,1680000,30000,56,小規模運航,120,2100000,1,1,4,35,40,98.1701139
12日,日本,新千歳,日本,那覇,09:00,180,9,1560000,30000,52,小規模運航,120,2100000,1,1,4,35,40,88.6289347
12日,日本,新千歳,日本,那覇,09:30,180,9,1740000,30000,58,小規模運航,120,2100000,1,1,4,35,40,94.1178551
12日,日本,新千歳,日本,那覇,10:00,180,9,1470000,30000,49,小規模運航,120,2100000,1,1,4,35,40,91.5081957
12日,日本,新千歳,日本,那覇,10:30,180,9,1410000,30000,47,小規模運航,120,2100000,1,1,4,35,40,84.9366319
12日,日本,新千歳,日本,那覇,11:00,180,9,1320000,30000,44,小規模運航,120,2100000,1,1,4,35,40,81.7241046
12日,日本,新千歳,日本,那覇,11:30,180,9,1290000,30000,43,小規模運航,120,2100000,1,1,4,35,40,90.149015
12日,日本,新千歳,日本,那覇,12:00,180,9,1290000,30000,43,小規模運航,120,2100000,1,1,4,35,40,81.8272807
12日,日本,新千歳,日本,那覇,12:30,180,9,1380000,30000,46,小規模運航,120,2100000,1,1,4,35,40,93.9748335
12日,日本,新千歳,日本,那覇,13:00,180,9,1470000,30000,49,小規模運航,120,2100000,1,1,4,35,40,93.6513261
12日,日本,新千歳,日本,那覇,13:30,180,9,1410000,30000,47,小規模運航,120,2100000,1,1,4,35,40,74.9103444
12日,日本,新千歳,日本,那覇,14:00,180,9,1320000,30000,44,小規模運航,120,2100000,1,1,4,35,40,91.6802843
12日,日本,新千歳,日本,那覇,14:30,180,9,1260000,30000,42,小規模運航,120,2100000,1,1,4,35,40,98.5690728
12日,日本,新千歳,日本,那覇,15:00,180,9,1290000,30000,43,小規模運航,120,2100000,1,1,4,35,40,96.8883633
12日,日本,新千歳,日本,那覇,15:30,180,9,1440000,30000,48,小規模運航,120,2100000,1,1,4,35,40,92.7594371
12日,日本,新千歳,日本,那覇,16:00,180,9,1470000,30000,49,小規模運航,120,2100000,1,1,4,35,40,81.8513852
12日,日本,新千歳,日本,那覇,16:30,180,9,1290000,30000,43,小規模運航,120,2100000,1,1,4,35,40,93.8967582
12日,日本,新千歳,日本,那覇,17:00,180,9,1560000,30000,52,小規模運航,120,2100000,1,1,4,35,40,98.6491391
12日,日本,新千歳,日本,那覇,17:30,180,9,1740000,30000,58,小規模運航,120,2100000,1,1,4,35,40,97.2512494
12日,日本,新千歳,日本,那覇,18:00,180,9,1530000,30000,51,小規模運航,120,2100000,1,1,4,35,40,82.8408387
12日,日本,新千歳,日本,那覇,18:30,180,9,1770000,30000,59,小規模運航,120,2100000,1,1,4,35,40,96.4680835
12日,日本,新千歳,日本,那覇,19:00,180,9,1710000,30000,57,小規模運航,120,2100000,1,1,4,35,40,93.0992883
12日,日本,新千歳,日本,那覇,19:30,180,9,1770000,30000,59,小規模運航,120,2100000,1,1,4,35,40,97.6967903
12日,日本,新千歳,日本,那覇,20:00,180,9,1410000,30000,47,小規模運航,120,2100000,1,1,4,35,40,78.1584907
12日,日本,新千歳,日本,那覇,20:30,180,9,1320000,30000,44,小規模運航,120,2100000,1,1,4,35,40,95.6790933
12日,日本,新千歳,日本,那覇,21:00,180,9,1380000,30000,46,小規模運航,120,2100000,1,1,4,35,40,83.613973
12日,日本,新千歳,日本,那覇,21:30,180,9,1260000,30000,42,小規模運航,120,2100000,1,1,4,35,40,93.5154911
12日,日本,新千歳,日本,那覇,22:00,180,9,1050000,30000,35,小規模運航,120,2100000,1,1,4,35,40,78.0422497
12日,日本,新千歳,日本,那覇,22:30,180,9,1170000,30000,39,小規模運航,120,2100000,1,1,4,35,40,85.9708743
13日,日本,新千歳,日本,那覇,07:00,180,9,990000,30000,33,小規模運航,120,2100000,1,1,4,35,40,61.3567125
13日,日本,新千歳,日本,那覇,07:30,180,9,1080000,30000,36,小規模運航,120,2100000,1,1,4,35,40,74.8408471
13日,日本,新千歳,日本,那覇,08:00,180,9,1590000,30000,53,小規模運航,120,2100000,1,1,4,35,40,93.7704056
13日,日本,新千歳,日本,那覇,08:30,180,9,1560000,30000,52,小規模運航,120,2100000,1,1,4,35,40,89.7348099
13日,日本,新千歳,日本,那覇,09:00,180,9,1710000,30000,57,小規模運航,120,2100000,1,1,4,35,40,96.798727
13日,日本,新千歳,日本,那覇,09:30,180,9,1710000,30000,57,小規模運航,120,2100000,1,1,4,35,40,94.884955
13日,日本,新千歳,日本,那覇,10:00,180,9,1290000,30000,43,小規模運航,120,2100000,1,1,4,35,40,97.0103465
13日,日本,新千歳,日本,那覇,10:30,180,9,1380000,30000,46,小規模運航,120,2100000,1,1,4,35,40,96.4626786
13日,日本,新千歳,日本,那覇,11:00,180,9,1410000,30000,47,小規模運航,120,2100000,1,1,4,35,40,93.7167928
13日,日本,新千歳,日本,那覇,11:30,180,9,1350000,30000,45,小規模運航,120,2100000,1,1,4,35,40,94.1584627
13日,日本,新千歳,日本,那覇,12:00,180,9,1410000,30000,47,小規模運航,120,2100000,1,1,4,35,40,84.5390541
13日,日本,新千歳,日本,那覇,12:30,180,9,1440000,30000,48,小規模運航,120,2100000,1,1,4,35,40,96.1199677
13日,日本,新千歳,日本,那覇,13:00,180,9,1260000,30000,42,小規模運航,120,2100000,1,1,4,35,40,97.8426978
13日,日本,新千歳,日本,那覇,13:30,180,9,1380000,30000,46,小規模運航,120,2100000,1,1,4,35,40,84.9680247
13日,日本,新千歳,日本,那覇,14:00,180,9,1380000,30000,46,小規模運航,120,2100000,1,1,4,35,40,94.2372792
13日,日本,新千歳,日本,那覇,14:30,180,9,1440000,30000,48,小規模運航,120,2100000,1,1,4,35,40,87.5692795
13日,日本,新千歳,日本,那覇,15:00,180,9,1260000,30000,42,小規模運航,120,2100000,1,1,4,35,40,97.0349828
13日,日本,新千歳,日本,那覇,15:30,180,9,1380000,30000,46,小規模運航,120,2100000,1,1,4,35,40,93.5870442
13日,日本,新千歳,日本,那覇,16:00,180,9,1290000,30000,43,小規模運航,120,2100000,1,1,4,35,40,97.6939087
13日,日本,新千歳,日本,那覇,16:30,180,9,1320000,30000,44,小規模運航,120,2100000,1,1,4,35,40,98.0188443
13日,日本,新千歳,日本,那覇,17:00,180,9,1800000,30000,60,小規模運航,120,2100000,1,1,4,35,40,85.2365526
13日,日本,新千歳,日本,那覇,17:30,180,9,1710000,30000,57,小規模運航,120,2100000,1,1,4,35,40,95.8121124
13日,日本,新千歳,日本,那覇,18:00,180,9,1590000,30000,53,小規模運航,120,2100000,1,1,4,35,40,94.8975211
13日,日本,新千歳,日本,那覇,18:30,180,9,1680000,30000,56,小規模運航,120,2100000,1,1,4,35,40,87.2828445
13日,日本,新千歳,日本,那覇,19:00,180,9,1710000,30000,57,小規模運航,120,2100000,1,1,4,35,40,93.0992883
13日,日本,新千歳,日本,那覇,19:30,180,9,1650000,30000,55,小規模運航,120,2100000,1,1,4,35,40,91.7924096
13日,日本,新千歳,日本,那覇,20:00,180,9,1500000,30000,50,小規模運航,120,2100000,1,1,4,35,40,84.9720301
13日,日本,新千歳,日本,那覇,20:30,180,9,1530000,30000,51,小規模運航,120,2100000,1,1,4,35,40,96.1189812
13日,日本,新千歳,日本,那覇,21:00,180,9,1290000,30000,43,小規模運航,120,2100000,1,1,4,35,40,93.0748524
13日,日本,新千歳,日本,那覇,21:30,180,9,1350000,30000,45,小規模運航,120,2100000,1,1,4,35,40,95.1692032
13日,日本,新千歳,日本,那覇,22:00,180,9,990000,30000,33,小規模運航,120,2100000,1,1,4,35,40,93.5466621
13日,日本,新千歳,日本,那覇,22:30,180,9,1050000,30000,35,小規模運航,120,2100000,1,1,4,35,40,96.4756127
14日,日本,新千歳,日本,那覇,07:00,180,9,1080000,30000,36,小規模運航,120,2100000,1,1,4,35,40,87.4720601
14日,日本,新千歳,日本,那覇,07:30,180,9,1200000,30000,40,小規模運航,120,2100000,1,1,4,35,40,85.8524826
14日,日本,新千歳,日本,那覇,08:00,180,9,1650000,30000,55,小規模運航,120,2100000,1,1,4,35,40,96.1374223
14日,日本,新千歳,日本,那覇,08:30,180,9,1650000,30000,55,小規模運航,120,2100000,1,1,4,35,40,95.8017844
14日,日本,新千歳,日本,那覇,09:00,180,9,1560000,30000,52,小規模運航,120,2100000,1,1,4,35,40,88.6289347
14日,日本,新千歳,日本,那覇,09:30,180,9,1650000,30000,55,小規模運航,120,2100000,1,1,4,35,40,97.4658634
14日,日本,新千歳,日本,那覇,10:00,180,9,1320000,30000,44,小規模運航,120,2100000,1,1,4,35,40,85.363129
14日,日本,新千歳,日本,那覇,10:30,180,9,1320000,30000,44,小規模運航,120,2100000,1,1,4,35,40,93.7071851
14日,日本,新千歳,日本,那覇,11:00,180,9,1320000,30000,44,小規模運航,120,2100000,1,1,4,35,40,81.7241046
14日,日本,新千歳,日本,那覇,11:30,180,9,1440000,30000,48,小規模運航,120,2100000,1,1,4,35,40,97.0334132
14日,日本,新千歳,日本,那覇,12:00,180,9,1500000,30000,50,小規模運航,120,2100000,1,1,4,35,40,90.2665578
14日,日本,新千歳,日本,那覇,12:30,180,9,1290000,30000,43,小規模運航,120,2100000,1,1,4,35,40,77.838372
14日,日本,新千歳,日本,那覇,13:00,180,9,1410000,30000,47,小規模運航,120,2100000,1,1,4,35,40,96.2404514
14日,日本,新千歳,日本,那覇,13:30,180,9,1380000,30000,46,小規模運航,120,2100000,1,1,4,35,40,84.9680247
14日,日本,新千歳,日本,那覇,14:00,180,9,1320000,30000,44,小規模運航,120,2100000,1,1,4,35,40,91.6802843
14日,日本,新千歳,日本,那覇,14:30,180,9,1500000,30000,50,小規模運航,120,2100000,1,1,4,35,40,96.0828016
14日,日本,新千歳,日本,那覇,15:00,180,9,1500000,30000,50,小規模運航,120,2100000,1,1,4,35,40,77.0357112
14日,日本,新千歳,日本,那覇,15:30,180,9,1410000,30000,47,小規模運航,120,2100000,1,1,4,35,40,85.6056326
14日,日本,新千歳,日本,那覇,16:00,180,9,1290000,30000,43,小規模運航,120,2100000,1,1,4,35,40,97.6939087
14日,日本,新千歳,日本,那覇,16:30,180,9,1530000,30000,51,小規模運航,120,2100000,1,1,4,35,40,98.4496925
14日,日本,新千歳,日本,那覇,17:00,180,9,1740000,30000,58,小規模運航,120,2100000,1,1,4,35,40,99.0763774
14日,日本,新千歳,日本,那覇,17:30,180,9,1530000,30000,51,小規模運航,120,2100000,1,1,4,35,40,96.8278752
14日,日本,新千歳,日本,那覇,18:00,180,9,1530000,30000,51,小規模運航,120,2100000,1,1,4,35,40,82.8408387
14日,日本,新千歳,日本,那覇,18:30,180,9,1620000,30000,54,小規模運航,120,2100000,1,1,4,35,40,95.5250927
14日,日本,新千歳,日本,那覇,19:00,180,9,1800000,30000,60,小規模運航,120,2100000,1,1,4,35,40,96.3755351
14日,日本,新千歳,日本,那覇,19:30,180,9,1650000,30000,55,小規模運航,120,2100000,1,1,4,35,40,91.7924096
14日,日本,新千歳,日本,那覇,20:00,180,9,1350000,30000,45,小規模運航,120,2100000,1,1,4,35,40,79.7277335
14日,日本,新千歳,日本,那覇,20:30,180,9,1380000,30000,46,小規模運航,120,2100000,1,1,4,35,40,97.9427298
14日,日本,新千歳,日本,那覇,21:00,180,9,1500000,30000,50,小規模運航,120,2100000,1,1,4,35,40,96.5656938
14日,日本,新千歳,日本,那覇,21:30,180,9,1290000,30000,43,小規模運航,120,2100000,1,1,4,35,40,98.3038909
14日,日本,新千歳,日本,那覇,22:00,180,9,1050000,30000,35,小規模運航,120,2100000,1,1,4,35,40,78.0422497
14日,日本,新千歳,日本,那覇,22:30,180,9,1110000,30000,37,小規模運航,120,2100000,1,1,4,35,40,96.3570276
15日,日本,新千歳,日本,那覇,07:00,180,9,1140000,30000,38,小規模運航,120,2100000,1,1,4,35,40,94.86727
15日,日本,新千歳,日本,那覇,07:30,180,9,1230000,30000,41,小規模運航,120,2100000,1,1,4,35,40,88.8039914
15日,日本,新千歳,日本,那覇,08:00,180,9,1560000,30000,52,小規模運航,120,2100000,1,1,4,35,40,92.1003226
15日,日本,新千歳,日本,那覇,08:30,180,9,1650000,30000,55,小規模運航,120,2100000,1,1,4,35,40,95.8017844
15日,日本,新千歳,日本,那覇,09:00,180,9,1680000,30000,56,小規模運航,120,2100000,1,1,4,35,40,88.7880911
15日,日本,新千歳,日本,那覇,09:30,180,9,1590000,30000,53,小規模運航,120,2100000,1,1,4,35,40,96.5770174
15日,日本,新千歳,日本,那覇,10:00,180,9,1290000,30000,43,小規模運航,120,2100000,1,1,4,35,40,97.0103465
15日,日本,新千歳,日本,那覇,10:30,180,9,1410000,30000,47,小規模運航,120,2100000,1,1,4,35,40,84.9366319
15日,日本,新千歳,日本,那覇,11:00,180,9,1290000,30000,43,小規模運航,120,2100000,1,1,4,35,40,89.863559
15日,日本,新千歳,日本,那覇,11:30,180,9,1350000,30000,45,小規模運航,120,2100000,1,1,4,35,40,94.1584627
15日,日本,新千歳,日本,那覇,12:00,180,9,1320000,30000,44,小規模運航,120,2100000,1,1,4,35,40,95.0730825
15日,日本,新千歳,日本,那覇,12:30,180,9,1410000,30000,47,小規模運航,120,2100000,1,1,4,35,40,92.1182572
15日,日本,新千歳,日本,那覇,13:00,180,9,1290000,30000,43,小規模運航,120,2100000,1,1,4,35,40,95.3596427
15日,日本,新千歳,日本,那覇,13:30,180,9,1350000,30000,45,小規模運航,120,2100000,1,1,4,35,40,97.7450882
15日,日本,新千歳,日本,那覇,14:00,180,9,1290000,30000,43,小規模運航,120,2100000,1,1,4,35,40,84.2642285
15日,日本,新千歳,日本,那覇,14:30,180,9,1440000,30000,48,小規模運航,120,2100000,1,1,4,35,40,87.5692795
15日,日本,新千歳,日本,那覇,15:00,180,9,1320000,30000,44,小規模運航,120,2100000,1,1,4,35,40,98.0363124
15日,日本,新千歳,日本,那覇,15:30,180,9,1530000,30000,51,小規模運航,120,2100000,1,1,4,35,40,98.3032222
15日,日本,新千歳,日本,那覇,16:00,180,9,1470000,30000,49,小規模運航,120,2100000,1,1,4,35,40,81.8513852
15日,日本,新千歳,日本,那覇,16:30,180,9,1380000,30000,46,小規模運航,120,2100000,1,1,4,35,40,81.0725661
15日,日本,新千歳,日本,那覇,17:00,180,9,1560000,30000,52,小規模運航,120,2100000,1,1,4,35,40,98.6491391
15日,日本,新千歳,日本,那覇,17:30,180,9,1770000,30000,59,小規模運航,120,2100000,1,1,4,35,40,94.2146743
15日,日本,新千歳,日本,那覇,18:00,180,9,1710000,30000,57,小規模運航,120,2100000,1,1,4,35,40,91.2786922
15日,日本,新千歳,日本,那覇,18:30,180,9,1620000,30000,54,小規模運航,120,2100000,1,1,4,35,40,95.5250927
15日,日本,新千歳,日本,那覇,19:00,180,9,1680000,30000,56,小規模運航,120,2100000,1,1,4,35,40,95.4458732
15日,日本,新千歳,日本,那覇,19:30,180,9,1770000,30000,59,小規模運航,120,2100000,1,1,4,35,40,97.6967903
15日,日本,新千歳,日本,那覇,20:00,180,9,1290000,30000,43,小規模運航,120,2100000,1,1,4,35,40,88.1317002
15日,日本,新千歳,日本,那覇,20:30,180,9,1470000,30000,49,小規模運航,120,2100000,1,1,4,35,40,82.4610453
15日,日本,新千歳,日本,那覇,21:00,180,9,1290000,30000,43,小規模運航,120,2100000,1,1,4,35,40,93.0748524
15日,日本,新千歳,日本,那覇,21:30,180,9,1380000,30000,46,小規模運航,120,2100000,1,1,4,35,40,97.3657053
15日,日本,新千歳,日本,那覇,22:00,180,9,1080000,30000,36,小規模運航,120,2100000,1,1,4,35,40,95.3880675
15日,日本,新千歳,日本,那覇,22:30,180,9,1170000,30000,39,小規模運航,120,2100000,1,1,4,35,40,85.9708743
16日,日本,新千歳,日本,那覇,07:00,180,9,1080000,30000,36,小規模運航,120,2100000,1,1,4,35,40,87.4720601
16日,日本,新千歳,日本,那覇,07:30,180,9,1050000,30000,35,小規模運航,120,2100000,1,1,4,35,40,73.81878
16日,日本,新千歳,日本,那覇,08:00,180,9,1800000,30000,60,小規模運航,120,2100000,1,1,4,35,40,98.6209973
16日,日本,新千歳,日本,那覇,08:30,180,9,1560000,30000,52,小規模運航,120,2100000,1,1,4,35,40,89.7348099
16日,日本,新千歳,日本,那覇,09:00,180,9,1560000,30000,52,小規模運航,120,2100000,1,1,4,35,40,88.6289347
16日,日本,新千歳,日本,那覇,09:30,180,9,1530000,30000,51,小規模運航,120,2100000,1,1,4,35,40,98.4610035
16日,日本,新千歳,日本,那覇,10:00,180,9,1470000,30000,49,小規模運航,120,2100000,1,1,4,35,40,91.5081957
16日,日本,新千歳,日本,那覇,10:30,180,9,1260000,30000,42,小規模運航,120,2100000,1,1,4,35,40,98.2211352
16日,日本,新千歳,日本,那覇,11:00,180,9,1320000,30000,44,小規模運航,120,2100000,1,1,4,35,40,81.7241046
16日,日本,新千歳,日本,那覇,11:30,180,9,1260000,30000,42,小規模運航,120,2100000,1,1,4,35,40,86.7468655
16日,日本,新千歳,日本,那覇,12:00,180,9,1290000,30000,43,小規模運航,120,2100000,1,1,4,35,40,81.8272807
16日,日本,新千歳,日本,那覇,12:30,180,9,1410000,30000,47,小規模運航,120,2100000,1,1,4,35,40,92.1182572
16日,日本,新千歳,日本,那覇,13:00,180,9,1350000,30000,45,小規模運航,120,2100000,1,1,4,35,40,93.7737974
16日,日本,新千歳,日本,那覇,13:30,180,9,1320000,30000,44,小規模運航,120,2100000,1,1,4,35,40,94.3844406
16日,日本,新千歳,日本,那覇,14:00,180,9,1260000,30000,42,小規模運航,120,2100000,1,1,4,35,40,96.0591698
16日,日本,新千歳,日本,那覇,14:30,180,9,1530000,30000,51,小規模運航,120,2100000,1,1,4,35,40,93.3826475
16日,日本,新千歳,日本,那覇,15:00,180,9,1260000,30000,42,小規模運航,120,2100000,1,1,4,35,40,97.0349828
16日,日本,新千歳,日本,那覇,15:30,180,9,1500000,30000,50,小規模運航,120,2100000,1,1,4,35,40,97.2725352
16日,日本,新千歳,日本,那覇,16:00,180,9,1530000,30000,51,小規模運航,120,2100000,1,1,4,35,40,94.9168737
16日,日本,新千歳,日本,那覇,16:30,180,9,1320000,30000,44,小規模運航,120,2100000,1,1,4,35,40,98.0188443
16日,日本,新千歳,日本,那覇,17:00,180,9,1590000,30000,53,小規模運航,120,2100000,1,1,4,35,40,96.7946974
16日,日本,新千歳,日本,那覇,17:30,180,9,1800000,30000,60,小規模運航,120,2100000,1,1,4,35,40,98.6221557
16日,日本,新千歳,日本,那覇,18:00,180,9,1710000,30000,57,小規模運航,120,2100000,1,1,4,35,40,91.2786922
16日,日本,新千歳,日本,那覇,18:30,180,9,1770000,30000,59,小規模運航,120,2100000,1,1,4,35,40,96.4680835
16日,日本,新千歳,日本,那覇,19:00,180,9,1560000,30000,52,小規模運航,120,2100000,1,1,4,35,40,92.4833053
16日,日本,新千歳,日本,那覇,19:30,180,9,1710000,30000,57,小規模運航,120,2100000,1,1,4,35,40,96.8323881
16日,日本,新千歳,日本,那覇,20:00,180,9,1500000,30000,50,小規模運航,120,2100000,1,1,4,35,40,84.9720301
16日,日本,新千歳,日本,那覇,20:30,180,9,1350000,30000,45,小規模運航,120,2100000,1,1,4,35,40,92.8959096
16日,日本,新千歳,日本,那覇,21:00,180,9,1500000,30000,50,小規模運航,120,2100000,1,1,4,35,40,96.5656938
16日,日本,新千歳,日本,那覇,21:30,180,9,1470000,30000,49,小規模運航,120,2100000,1,1,4,35,40,80.0781249
16日,日本,新千歳,日本,那覇,22:00,180,9,1170000,30000,39,小規模運航,120,2100000,1,1,4,35,40,81.9336506
16日,日本,新千歳,日本,那覇,22:30,180,9,1200000,30000,40,小規模運航,120,2100000,1,1,4,35,40,95.6565848
17日,日本,新千歳,日本,那覇,07:00,180,9,1230000,30000,41,小規模運航,120,2100000,1,1,4,35,40,89.6376108
17日,日本,新千歳,日本,那覇,07:30,180,9,1170000,30000,39,小規模運航,120,2100000,1,1,4,35,40,88.5355118
17日,日本,新千歳,日本,那覇,08:00,180,9,1560000,30000,52,小規模運航,120,2100000,1,1,4,35,40,92.1003226
17日,日本,新千歳,日本,那覇,08:30,180,9,1710000,30000,57,小規模運航,120,2100000,1,1,4,35,40,98.3526453
17日,日本,新千歳,日本,那覇,09:00,180,9,1740000,30000,58,小規模運航,120,2100000,1,1,4,35,40,96.3439734
17日,日本,新千歳,日本,那覇,09:30,180,9,1740000,30000,58,小規模運航,120,2100000,1,1,4,35,40,94.1178551
17日,日本,新千歳,日本,那覇,10:00,180,9,1440000,30000,48,小規模運航,120,2100000,1,1,4,35,40,95.6738528
17日,日本,新千歳,日本,那覇,10:30,180,9,1410000,30000,47,小規模運航,120,2100000,1,1,4,35,40,84.9366319
17日,日本,新千歳,日本,那覇,11:00,180,9,1530000,30000,51,小規模運航,120,2100000,1,1,4,35,40,98.540153
17日,日本,新千歳,日本,那覇,11:30,180,9,1380000,30000,46,小規模運航,120,2100000,1,1,4,35,40,93.1591013
17日,日本,新千歳,日本,那覇,12:00,180,9,1410000,30000,47,小規模運航,120,2100000,1,1,4,35,40,84.5390541
17日,日本,新千歳,日本,那覇,12:30,180,9,1320000,30000,44,小規模運航,120,2100000,1,1,4,35,40,98.1274127
17日,日本,新千歳,日本,那覇,13:00,180,9,1440000,30000,48,小規模運航,120,2100000,1,1,4,35,40,91.3240318
17日,日本,新千歳,日本,那覇,13:30,180,9,1350000,30000,45,小規模運航,120,2100000,1,1,4,35,40,97.7450882
17日,日本,新千歳,日本,那覇,14:00,180,9,1410000,30000,47,小規模運航,120,2100000,1,1,4,35,40,98.0970133
17日,日本,新千歳,日本,那覇,14:30,180,9,1470000,30000,49,小規模運航,120,2100000,1,1,4,35,40,98.1330919
17日,日本,新千歳,日本,那覇,15:00,180,9,1380000,30000,46,小規模運航,120,2100000,1,1,4,35,40,93.9428781
17日,日本,新千歳,日本,那覇,15:30,180,9,1350000,30000,45,小規模運航,120,2100000,1,1,4,35,40,97.6577193
17日,日本,新千歳,日本,那覇,16:00,180,9,1410000,30000,47,小規模運航,120,2100000,1,1,4,35,40,87.0624303
17日,日本,新千歳,日本,那覇,16:30,180,9,1380000,30000,46,小規模運航,120,2100000,1,1,4,35,40,81.0725661
17日,日本,新千歳,日本,那覇,17:00,180,9,1590000,30000,53,小規模運航,120,2100000,1,1,4,35,40,96.7946974
17日,日本,新千歳,日本,那覇,17:30,180,9,1710000,30000,57,小規模運航,120,2100000,1,1,4,35,40,95.8121124
17日,日本,新千歳,日本,那覇,18:00,180,9,1740000,30000,58,小規模運航,120,2100000,1,1,4,35,40,97.6248181
17日,日本,新千歳,日本,那覇,18:30,180,9,1770000,30000,59,小規模運航,120,2100000,1,1,4,35,40,96.4680835
17日,日本,新千歳,日本,那覇,19:00,180,9,1560000,30000,52,小規模運航,120,2100000,1,1,4,35,40,92.4833053
17日,日本,新千歳,日本,那覇,19:30,180,9,1770000,30000,59,小規模運航,120,2100000,1,1,4,35,40,97.6967903
17日,日本,新千歳,日本,那覇,20:00,180,9,1470000,30000,49,小規模運航,120,2100000,1,1,4,35,40,91.0784176
17日,日本,新千歳,日本,那覇,20:30,180,9,1290000,30000,43,小規模運航,120,2100000,1,1,4,35,40,93.9902748
17日,日本,新千歳,日本,那覇,21:00,180,9,1380000,30000,46,小規模運航,120,2100000,1,1,4,35,40,83.613973
17日,日本,新千歳,日本,那覇,21:30,180,9,1350000,30000,45,小規模運航,120,2100000,1,1,4,35,40,95.1692032
17日,日本,新千歳,日本,那覇,22:00,180,9,990000,30000,33,小規模運航,120,2100000,1,1,4,35,40,93.5466621
17日,日本,新千歳,日本,那覇,22:30,180,9,1020000,30000,34,小規模運航,120,2100000,1,1,4,35,40,55.13953
18日,日本,新千歳,日本,那覇,07:00,180,9,1020000,30000,34,小規模運航,120,2100000,1,1,4,35,40,97.6554355
18日,日本,新千歳,日本,那覇,07:30,180,9,1020000,30000,34,小規模運航,120,2100000,1,1,4,35,40,91.3389986
18日,日本,新千歳,日本,那覇,08:00,180,9,1740000,30000,58,小規模運航,120,2100000,1,1,4,35,40,97.3150005
18日,日本,新千歳,日本,那覇,08:30,180,9,1650000,30000,55,小規模運航,120,2100000,1,1,4,35,40,95.8017844
18日,日本,新千歳,日本,那覇,09:00,180,9,1560000,30000,52,小規模運航,120,2100000,1,1,4,35,40,88.6289347
18日,日本,新千歳,日本,那覇,09:30,180,9,1650000,30000,55,小規模運航,120,2100000,1,1,4,35,40,97.4658634
18日,日本,新千歳,日本,那覇,10:00,180,9,1500000,30000,50,小規模運航,120,2100000,1,1,4,35,40,91.8669398
18日,日本,新千歳,日本,那覇,10:30,180,9,1320000,30000,44,小規模運航,120,2100000,1,1,4,35,40,93.7071851
18日,日本,新千歳,日本,那覇,11:00,180,9,1320000,30000,44,小規模運航,120,2100000,1,1,4,35,40,81.7241046
18日,日本,新千歳,日本,那覇,11:30,180,9,1320000,30000,44,小規模運航,120,2100000,1,1,4,35,40,91.3006128
18日,日本,新千歳,日本,那覇,12:00,180,9,1380000,30000,46,小規模運航,120,2100000,1,1,4,35,40,96.9022473
18日,日本,新千歳,日本,那覇,12:30,180,9,1290000,30000,43,小規模運航,120,2100000,1,1,4,35,40,77.838372
18日,日本,新千歳,日本,那覇,13:00,180,9,1410000,30000,47,小規模運航,120,2100000,1,1,4,35,40,96.2404514
18日,日本,新千歳,日本,那覇,13:30,180,9,1320000,30000,44,小規模運航,120,2100000,1,1,4,35,40,94.3844406
18日,日本,新千歳,日本,那覇,14:00,180,9,1440000,30000,48,小規模運航,120,2100000,1,1,4,35,40,94.2692999
18日,日本,新千歳,日本,那覇,14:30,180,9,1530000,30000,51,小規模運航,120,2100000,1,1,4,35,40,93.3826475
18日,日本,新千歳,日本,那覇,15:00,180,9,1500000,30000,50,小規模運航,120,2100000,1,1,4,35,40,77.0357112
18日,日本,新千歳,日本,那覇,15:30,180,9,1470000,30000,49,小規模運航,120,2100000,1,1,4,35,40,92.7702254
18日,日本,新千歳,日本,那覇,16:00,180,9,1470000,30000,49,小規模運航,120,2100000,1,1,4,35,40,81.8513852
18日,日本,新千歳,日本,那覇,16:30,180,9,1440000,30000,48,小規模運航,120,2100000,1,1,4,35,40,98.7442067
18日,日本,新千歳,日本,那覇,17:00,180,9,1620000,30000,54,小規模運航,120,2100000,1,1,4,35,40,82.7821185
18日,日本,新千歳,日本,那覇,17:30,180,9,1590000,30000,53,小規模運航,120,2100000,1,1,4,35,40,93.3262666
18日,日本,新千歳,日本,那覇,18:00,180,9,1680000,30000,56,小規模運航,120,2100000,1,1,4,35,40,94.9468014
18日,日本,新千歳,日本,那覇,18:30,180,9,1740000,30000,58,小規模運航,120,2100000,1,1,4,35,40,86.6951741
18日,日本,新千歳,日本,那覇,19:00,180,9,1770000,30000,59,小規模運航,120,2100000,1,1,4,35,40,92.282399
18日,日本,新千歳,日本,那覇,19:30,180,9,1560000,30000,52,小規模運航,120,2100000,1,1,4,35,40,93.0840841
18日,日本,新千歳,日本,那覇,20:00,180,9,1530000,30000,51,小規模運航,120,2100000,1,1,4,35,40,95.0738184
18日,日本,新千歳,日本,那覇,20:30,180,9,1380000,30000,46,小規模運航,120,2100000,1,1,4,35,40,97.9427298
18日,日本,新千歳,日本,那覇,21:00,180,9,1410000,30000,47,小規模運航,120,2100000,1,1,4,35,40,91.3688372
18日,日本,新千歳,日本,那覇,21:30,180,9,1500000,30000,50,小規模運航,120,2100000,1,1,4,35,40,92.0903178
18日,日本,新千歳,日本,那覇,22:00,180,9,1050000,30000,35,小規模運航,120,2100000,1,1,4,35,40,78.0422497
18日,日本,新千歳,日本,那覇,22:30,180,9,1110000,30000,37,小規模運航,120,2100000,1,1,4,35,40,96.3570276
19日,日本,新千歳,日本,那覇,07:00,180,9,990000,30000,33,小規模運航,120,2100000,1,1,4,35,40,61.3567125
19日,日本,新千歳,日本,那覇,07:30,180,9,1050000,30000,35,小規模運航,120,2100000,1,1,4,35,40,73.81878
19日,日本,新千歳,日本,那覇,08:00,180,9,1560000,30000,52,小規模運航,120,2100000,1,1,4,35,40,92.1003226
19日,日本,新千歳,日本,那覇,08:30,180,9,1800000,30000,60,小規模運航,120,2100000,1,1,4,35,40,96.851042
19日,日本,新千歳,日本,那覇,09:00,180,9,1740000,30000,58,小規模運航,120,2100000,1,1,4,35,40,96.3439734
19日,日本,新千歳,日本,那覇,09:30,180,9,1530000,30000,51,小規模運航,120,2100000,1,1,4,35,40,98.4610035
19日,日本,新千歳,日本,那覇,10:00,180,9,1350000,30000,45,小規模運航,120,2100000,1,1,4,35,40,96.272147
19日,日本,新千歳,日本,那覇,10:30,180,9,1530000,30000,51,小規模運航,120,2100000,1,1,4,35,40,97.4219469
19日,日本,新千歳,日本,那覇,11:00,180,9,1380000,30000,46,小規模運航,120,2100000,1,1,4,35,40,97.8355751
19日,日本,新千歳,日本,那覇,11:30,180,9,1350000,30000,45,小規模運航,120,2100000,1,1,4,35,40,94.1584627
19日,日本,新千歳,日本,那覇,12:00,180,9,1470000,30000,49,小規模運航,120,2100000,1,1,4,35,40,84.4365263
19日,日本,新千歳,日本,那覇,12:30,180,9,1290000,30000,43,小規模運航,120,2100000,1,1,4,35,40,77.838372
19日,日本,新千歳,日本,那覇,13:00,180,9,1410000,30000,47,小規模運航,120,2100000,1,1,4,35,40,96.2404514
19日,日本,新千歳,日本,那覇,13:30,180,9,1530000,30000,51,小規模運航,120,2100000,1,1,4,35,40,98.4856353
19日,日本,新千歳,日本,那覇,14:00,180,9,1410000,30000,47,小規模運航,120,2100000,1,1,4,35,40,98.0970133
19日,日本,新千歳,日本,那覇,14:30,180,9,1320000,30000,44,小規模運航,120,2100000,1,1,4,35,40,98.6441159
19日,日本,新千歳,日本,那覇,15:00,180,9,1440000,30000,48,小規模運航,120,2100000,1,1,4,35,40,97.7714212
19日,日本,新千歳,日本,那覇,15:30,180,9,1530000,30000,51,小規模運航,120,2100000,1,1,4,35,40,98.3032222
19日,日本,新千歳,日本,那覇,16:00,180,9,1350000,30000,45,小規模運航,120,2100000,1,1,4,35,40,97.2623253
19日,日本,新千歳,日本,那覇,16:30,180,9,1410000,30000,47,小規模運航,120,2100000,1,1,4,35,40,97.3919262
19日,日本,新千歳,日本,那覇,17:00,180,9,1590000,30000,53,小規模運航,120,2100000,1,1,4,35,40,96.7946974
19日,日本,新千歳,日本,那覇,17:30,180,9,1530000,30000,51,小規模運航,120,2100000,1,1,4,35,40,96.8278752
19日,日本,新千歳,日本,那覇,18:00,180,9,1800000,30000,60,小規模運航,120,2100000,1,1,4,35,40,93.9641033
19日,日本,新千歳,日本,那覇,18:30,180,9,1650000,30000,55,小規模運航,120,2100000,1,1,4,35,40,94.9760696
19日,日本,新千歳,日本,那覇,19:00,180,9,1770000,30000,59,小規模運航,120,2100000,1,1,4,35,40,92.282399
19日,日本,新千歳,日本,那覇,19:30,180,9,1560000,30000,52,小規模運航,120,2100000,1,1,4,35,40,93.0840841
19日,日本,新千歳,日本,那覇,20:00,180,9,1410000,30000,47,小規模運航,120,2100000,1,1,4,35,40,78.1584907
19日,日本,新千歳,日本,那覇,20:30,180,9,1440000,30000,48,小規模運航,120,2100000,1,1,4,35,40,95.8140363
19日,日本,新千歳,日本,那覇,21:00,180,9,1350000,30000,45,小規模運航,120,2100000,1,1,4,35,40,95.4415415
19日,日本,新千歳,日本,那覇,21:30,180,9,1260000,30000,42,小規模運航,120,2100000,1,1,4,35,40,93.5154911
19日,日本,新千歳,日本,那覇,22:00,180,9,1260000,30000,42,小規模運航,120,2100000,1,1,4,35,40,94.9216346
19日,日本,新千歳,日本,那覇,22:30,180,9,1200000,30000,40,小規模運航,120,2100000,1,1,4,35,40,95.6565848
20日,日本,新千歳,日本,那覇,07:00,180,9,1050000,30000,35,小規模運航,120,2100000,1,1,4,35,40,79.4131163
20日,日本,新千歳,日本,那覇,07:30,180,9,1230000,30000,41,小規模運航,120,2100000,1,1,4,35,40,88.8039914
20日,日本,新千歳,日本,那覇,08:00,180,9,1740000,30000,58,小規模運航,120,2100000,1,1,4,35,40,97.3150005
20日,日本,新千歳,日本,那覇,08:30,180,9,1770000,30000,59,小規模運航,120,2100000,1,1,4,35,40,88.6151558
20日,日本,新千歳,日本,那覇,09:00,180,9,1770000,30000,59,小規模運航,120,2100000,1,1,4,35,40,94.0678846
20日,日本,新千歳,日本,那覇,09:30,180,9,1620000,30000,54,小規模運航,120,2100000,1,1,4,35,40,95.6364026
20日,日本,新千歳,日本,那覇,10:00,180,9,1260000,30000,42,小規模運航,120,2100000,1,1,4,35,40,83.6078536
20日,日本,新千歳,日本,那覇,10:30,180,9,1410000,30000,47,小規模運航,120,2100000,1,1,4,35,40,84.9366319
20日,日本,新千歳,日本,那覇,11:00,180,9,1320000,30000,44,小規模運航,120,2100000,1,1,4,35,40,81.7241046
20日,日本,新千歳,日本,那覇,11:30,180,9,1410000,30000,47,小規模運航,120,2100000,1,1,4,35,40,86.1445219
20日,日本,新千歳,日本,那覇,12:00,180,9,1260000,30000,42,小規模運航,120,2100000,1,1,4,35,40,96.3251473
20日,日本,新千歳,日本,那覇,12:30,180,9,1410000,30000,47,小規模運航,120,2100000,1,1,4,35,40,92.1182572
20日,日本,新千歳,日本,那覇,13:00,180,9,1380000,30000,46,小規模運航,120,2100000,1,1,4,35,40,89.421678
20日,日本,新千歳,日本,那覇,13:30,180,9,1290000,30000,43,小規模運航,120,2100000,1,1,4,35,40,91.5338633
20日,日本,新千歳,日本,那覇,14:00,180,9,1320000,30000,44,小規模運航,120,2100000,1,1,4,35,40,91.6802843
20日,日本,新千歳,日本,那覇,14:30,180,9,1260000,30000,42,小規模運航,120,2100000,1,1,4,35,40,98.5690728
20日,日本,新千歳,日本,那覇,15:00,180,9,1410000,30000,47,小規模運航,120,2100000,1,1,4,35,40,96.1687192
20日,日本,新千歳,日本,那覇,15:30,180,9,1290000,30000,43,小規模運航,120,2100000,1,1,4,35,40,93.925849
20日,日本,新千歳,日本,那覇,16:00,180,9,1410000,30000,47,小規模運航,120,2100000,1,1,4,35,40,87.0624303
20日,日本,新千歳,日本,那覇,16:30,180,9,1410000,30000,47,小規模運航,120,2100000,1,1,4,35,40,97.3919262
20日,日本,新千歳,日本,那覇,17:00,180,9,1560000,30000,52,小規模運航,120,2100000,1,1,4,35,40,98.6491391
20日,日本,新千歳,日本,那覇,17:30,180,9,1560000,30000,52,小規模運航,120,2100000,1,1,4,35,40,98.5030226
20日,日本,新千歳,日本,那覇,18:00,180,9,1590000,30000,53,小規模運航,120,2100000,1,1,4,35,40,94.8975211
20日,日本,新千歳,日本,那覇,18:30,180,9,1620000,30000,54,小規模運航,120,2100000,1,1,4,35,40,95.5250927
20日,日本,新千歳,日本,那覇,19:00,180,9,1740000,30000,58,小規模運航,120,2100000,1,1,4,35,40,98.512154
20日,日本,新千歳,日本,那覇,19:30,180,9,1770000,30000,59,小規模運航,120,2100000,1,1,4,35,40,97.6967903
20日,日本,新千歳,日本,那覇,20:00,180,9,1440000,30000,48,小規模運航,120,2100000,1,1,4,35,40,98.0141526
20日,日本,新千歳,日本,那覇,20:30,180,9,1320000,30000,44,小規模運航,120,2100000,1,1,4,35,40,95.6790933
20日,日本,新千歳,日本,那覇,21:00,180,9,1350000,30000,45,小規模運航,120,2100000,1,1,4,35,40,95.4415415
20日,日本,新千歳,日本,那覇,21:30,180,9,1440000,30000,48,小規模運航,120,2100000,1,1,4,35,40,69.4242932
20日,日本,新千歳,日本,那覇,22:00,180,9,1050000,30000,35,小規模運航,120,2100000,1,1,4,35,40,78.0422497
20日,日本,新千歳,日本,那覇,22:30,180,9,1050000,30000,35,小規模運航,120,2100000,1,1,4,35,40,96.4756127
21日,日本,新千歳,日本,那覇,07:00,180,9,1050000,30000,35,小規模運航,120,2100000,1,1,4,35,40,79.4131163
21日,日本,新千歳,日本,那覇,07:30,180,9,1110000,30000,37,小規模運航,120,2100000,1,1,4,35,40,96.2370571
21日,日本,新千歳,日本,那覇,08:00,180,9,1800000,30000,60,小規模運航,120,2100000,1,1,4,35,40,98.6209973
21日,日本,新千歳,日本,那覇,08:30,180,9,1770000,30000,59,小規模運航,120,2100000,1,1,4,35,40,88.6151558
21日,日本,新千歳,日本,那覇,09:00,180,9,1530000,30000,51,小規模運航,120,2100000,1,1,4,35,40,95.8381445
21日,日本,新千歳,日本,那覇,09:30,180,9,1770000,30000,59,小規模運航,120,2100000,1,1,4,35,40,96.4913055
21日,日本,新千歳,日本,那覇,10:00,180,9,1380000,30000,46,小規模運航,120,2100000,1,1,4,35,40,83.8796027
21日,日本,新千歳,日本,那覇,10:30,180,9,1470000,30000,49,小規模運航,120,2100000,1,1,4,35,40,88.8842619
21日,日本,新千歳,日本,那覇,11:00,180,9,1410000,30000,47,小規模運航,120,2100000,1,1,4,35,40,93.7167928
21日,日本,新千歳,日本,那覇,11:30,180,9,1410000,30000,47,小規模運航,120,2100000,1,1,4,35,40,86.1445219
21日,日本,新千歳,日本,那覇,12:00,180,9,1440000,30000,48,小規模運航,120,2100000,1,1,4,35,40,96.8090866
21日,日本,新千歳,日本,那覇,12:30,180,9,1290000,30000,43,小規模運航,120,2100000,1,1,4,35,40,77.838372
21日,日本,新千歳,日本,那覇,13:00,180,9,1470000,30000,49,小規模運航,120,2100000,1,1,4,35,40,93.6513261
21日,日本,新千歳,日本,那覇,13:30,180,9,1320000,30000,44,小規模運航,120,2100000,1,1,4,35,40,94.3844406
21日,日本,新千歳,日本,那覇,14:00,180,9,1260000,30000,42,小規模運航,120,2100000,1,1,4,35,40,96.0591698
21日,日本,新千歳,日本,那覇,14:30,180,9,1350000,30000,45,小規模運航,120,2100000,1,1,4,35,40,93.8486394
21日,日本,新千歳,日本,那覇,15:00,180,9,1320000,30000,44,小規模運航,120,2100000,1,1,4,35,40,98.0363124
21日,日本,新千歳,日本,那覇,15:30,180,9,1320000,30000,44,小規模運航,120,2100000,1,1,4,35,40,97.9537668
21日,日本,新千歳,日本,那覇,16:00,180,9,1500000,30000,50,小規模運航,120,2100000,1,1,4,35,40,85.2178924
21日,日本,新千歳,日本,那覇,16:30,180,9,1320000,30000,44,小規模運航,120,2100000,1,1,4,35,40,98.0188443
21日,日本,新千歳,日本,那覇,17:00,180,9,1740000,30000,58,小規模運航,120,2100000,1,1,4,35,40,99.0763774
21日,日本,新千歳,日本,那覇,17:30,180,9,1590000,30000,53,小規模運航,120,2100000,1,1,4,35,40,93.3262666
21日,日本,新千歳,日本,那覇,18:00,180,9,1740000,30000,58,小規模運航,120,2100000,1,1,4,35,40,97.6248181
21日,日本,新千歳,日本,那覇,18:30,180,9,1770000,30000,59,小規模運航,120,2100000,1,1,4,35,40,96.4680835
21日,日本,新千歳,日本,那覇,19:00,180,9,1680000,30000,56,小規模運航,120,2100000,1,1,4,35,40,95.4458732
21日,日本,新千歳,日本,那覇,19:30,180,9,1680000,30000,56,小規模運航,120,2100000,1,1,4,35,40,92.8573575
21日,日本,新千歳,日本,那覇,20:00,180,9,1440000,30000,48,小規模運航,120,2100000,1,1,4,35,40,98.0141526
21日,日本,新千歳,日本,那覇,20:30,180,9,1470000,30000,49,小規模運航,120,2100000,1,1,4,35,40,82.4610453
21日,日本,新千歳,日本,那覇,21:00,180,9,1440000,30000,48,小規模運航,120,2100000,1,1,4,35,40,97.6668205
21日,日本,新千歳,日本,那覇,21:30,180,9,1470000,30000,49,小規模運航,120,2100000,1,1,4,35,40,80.0781249
21日,日本,新千歳,日本,那覇,22:00,180,9,1200000,30000,40,小規模運航,120,2100000,1,1,4,35,40,96.2424675
21日,日本,新千歳,日本,那覇,22:30,180,9,1110000,30000,37,小規模運航,120,2100000,1,1,4,35,40,96.3570276
22日,日本,新千歳,日本,那覇,07:00,180,9,1200000,30000,40,小規模運航,120,2100000,1,1,4,35,40,96.6409941
22日,日本,新千歳,日本,那覇,07:30,180,9,1020000,30000,34,小規模運航,120,2100000,1,1,4,35,40,91.3389986
22日,日本,新千歳,日本,那覇,08:00,180,9,1680000,30000,56,小規模運航,120,2100000,1,1,4,35,40,98.1668241
22日,日本,新千歳,日本,那覇,08:30,180,9,1710000,30000,57,小規模運航,120,2100000,1,1,4,35,40,98.3526453
22日,日本,新千歳,日本,那覇,09:00,180,9,1620000,30000,54,小規模運航,120,2100000,1,1,4,35,40,96.696784
22日,日本,新千歳,日本,那覇,09:30,180,9,1710000,30000,57,小規模運航,120,2100000,1,1,4,35,40,94.884955
22日,日本,新千歳,日本,那覇,10:00,180,9,1410000,30000,47,小規模運航,120,2100000,1,1,4,35,40,96.8512528
22日,日本,新千歳,日本,那覇,10:30,180,9,1380000,30000,46,小規模運航,120,2100000,1,1,4,35,40,96.4626786
22日,日本,新千歳,日本,那覇,11:00,180,9,1410000,30000,47,小規模運航,120,2100000,1,1,4,35,40,93.7167928
22日,日本,新千歳,日本,那覇,11:30,180,9,1440000,30000,48,小規模運航,120,2100000,1,1,4,35,40,97.0334132
22日,日本,新千歳,日本,那覇,12:00,180,9,1440000,30000,48,小規模運航,120,2100000,1,1,4,35,40,96.8090866
22日,日本,新千歳,日本,那覇,12:30,180,9,1380000,30000,46,小規模運航,120,2100000,1,1,4,35,40,93.9748335
22日,日本,新千歳,日本,那覇,13:00,180,9,1410000,30000,47,小規模運航,120,2100000,1,1,4,35,40,96.2404514
22日,日本,新千歳,日本,那覇,13:30,180,9,1500000,30000,50,小規模運航,120,2100000,1,1,4,35,40,92.5363876
22日,日本,新千歳,日本,那覇,14:00,180,9,1440000,30000,48,小規模運航,120,2100000,1,1,4,35,40,94.2692999
22日,日本,新千歳,日本,那覇,14:30,180,9,1320000,30000,44,小規模運航,120,2100000,1,1,4,35,40,98.6441159
22日,日本,新千歳,日本,那覇,15:00,180,9,1530000,30000,51,小規模運航,120,2100000,1,1,4,35,40,97.4663222
22日,日本,新千歳,日本,那覇,15:30,180,9,1440000,30000,48,小規模運航,120,2100000,1,1,4,35,40,92.7594371
22日,日本,新千歳,日本,那覇,16:00,180,9,1500000,30000,50,小規模運航,120,2100000,1,1,4,35,40,85.2178924
22日,日本,新千歳,日本,那覇,16:30,180,9,1260000,30000,42,小規模運航,120,2100000,1,1,4,35,40,93.3635165
22日,日本,新千歳,日本,那覇,17:00,180,9,1770000,30000,59,小規模運航,120,2100000,1,1,4,35,40,97.0368362
22日,日本,新千歳,日本,那覇,17:30,180,9,1560000,30000,52,小規模運航,120,2100000,1,1,4,35,40,98.5030226
22日,日本,新千歳,日本,那覇,18:00,180,9,1680000,30000,56,小規模運航,120,2100000,1,1,4,35,40,94.9468014
22日,日本,新千歳,日本,那覇,18:30,180,9,1710000,30000,57,小規模運航,120,2100000,1,1,4,35,40,96.2366981
22日,日本,新千歳,日本,那覇,19:00,180,9,1800000,30000,60,小規模運航,120,2100000,1,1,4,35,40,96.3755351
22日,日本,新千歳,日本,那覇,19:30,180,9,1590000,30000,53,小規模運航,120,2100000,1,1,4,35,40,96.5544207
22日,日本,新千歳,日本,那覇,20:00,180,9,1380000,30000,46,小規模運航,120,2100000,1,1,4,35,40,98.3354759
22日,日本,新千歳,日本,那覇,20:30,180,9,1350000,30000,45,小規模運航,120,2100000,1,1,4,35,40,92.8959096
22日,日本,新千歳,日本,那覇,21:00,180,9,1500000,30000,50,小規模運航,120,2100000,1,1,4,35,40,96.5656938
22日,日本,新千歳,日本,那覇,21:30,180,9,1440000,30000,48,小規模運航,120,2100000,1,1,4,35,40,69.4242932
22日,日本,新千歳,日本,那覇,22:00,180,9,990000,30000,33,小規模運航,120,2100000,1,1,4,35,40,93.5466621
22日,日本,新千歳,日本,那覇,22:30,180,9,1020000,30000,34,小規模運航,120,2100000,1,1,4,35,40,55.13953
23日,日本,新千歳,日本,那覇,07:00,180,9,1050000,30000,35,小規模運航,120,2100000,1,1,4,35,40,79.4131163
23日,日本,新千歳,日本,那覇,07:30,180,9,1080000,30000,36,小規模運航,120,2100000,1,1,4,35,40,74.8408471
23日,日本,新千歳,日本,那覇,08:00,180,9,1560000,30000,52,小規模運航,120,2100000,1,1,4,35,40,92.1003226
23日,日本,新千歳,日本,那覇,08:30,180,9,1560000,30000,52,小規模運航,120,2100000,1,1,4,35,40,89.7348099
23日,日本,新千歳,日本,那覇,09:00,180,9,1590000,30000,53,小規模運航,120,2100000,1,1,4,35,40,97.9263945
23日,日本,新千歳,日本,那覇,09:30,180,9,1800000,30000,60,小規模運航,120,2100000,1,1,4,35,40,94.3957482
23日,日本,新千歳,日本,那覇,10:00,180,9,1530000,30000,51,小規模運航,120,2100000,1,1,4,35,40,93.4574805
23日,日本,新千歳,日本,那覇,10:30,180,9,1350000,30000,45,小規模運航,120,2100000,1,1,4,35,40,95.592048
23日,日本,新千歳,日本,那覇,11:00,180,9,1440000,30000,48,小規模運航,120,2100000,1,1,4,35,40,89.5023337
23日,日本,新千歳,日本,那覇,11:30,180,9,1440000,30000,48,小規模運航,120,2100000,1,1,4,35,40,97.0334132
23日,日本,新千歳,日本,那覇,12:00,180,9,1440000,30000,48,小規模運航,120,2100000,1,1,4,35,40,96.8090866
23日,日本,新千歳,日本,那覇,12:30,180,9,1410000,30000,47,小規模運航,120,2100000,1,1,4,35,40,92.1182572
23日,日本,新千歳,日本,那覇,13:00,180,9,1410000,30000,47,小規模運航,120,2100000,1,1,4,35,40,96.2404514
23日,日本,新千歳,日本,那覇,13:30,180,9,1380000,30000,46,小規模運航,120,2100000,1,1,4,35,40,84.9680247
23日,日本,新千歳,日本,那覇,14:00,180,9,1350000,30000,45,小規模運航,120,2100000,1,1,4,35,40,94.1994742
23日,日本,新千歳,日本,那覇,14:30,180,9,1440000,30000,48,小規模運航,120,2100000,1,1,4,35,40,87.5692795
23日,日本,新千歳,日本,那覇,15:00,180,9,1290000,30000,43,小規模運航,120,2100000,1,1,4,35,40,96.8883633
23日,日本,新千歳,日本,那覇,15:30,180,9,1350000,30000,45,小規模運航,120,2100000,1,1,4,35,40,97.6577193
23日,日本,新千歳,日本,那覇,16:00,180,9,1470000,30000,49,小規模運航,120,2100000,1,1,4,35,40,81.8513852
23日,日本,新千歳,日本,那覇,16:30,180,9,1290000,30000,43,小規模運航,120,2100000,1,1,4,35,40,93.8967582
23日,日本,新千歳,日本,那覇,17:00,180,9,1800000,30000,60,小規模運航,120,2100000,1,1,4,35,40,85.2365526
23日,日本,新千歳,日本,那覇,17:30,180,9,1740000,30000,58,小規模運航,120,2100000,1,1,4,35,40,97.2512494
23日,日本,新千歳,日本,那覇,18:00,180,9,1650000,30000,55,小規模運航,120,2100000,1,1,4,35,40,98.0261042
23日,日本,新千歳,日本,那覇,18:30,180,9,1650000,30000,55,小規模運航,120,2100000,1,1,4,35,40,94.9760696
23日,日本,新千歳,日本,那覇,19:00,180,9,1710000,30000,57,小規模運航,120,2100000,1,1,4,35,40,93.0992883
23日,日本,新千歳,日本,那覇,19:30,180,9,1770000,30000,59,小規模運航,120,2100000,1,1,4,35,40,97.6967903
23日,日本,新千歳,日本,那覇,20:00,180,9,1410000,30000,47,小規模運航,120,2100000,1,1,4,35,40,78.1584907
23日,日本,新千歳,日本,那覇,20:30,180,9,1350000,30000,45,小規模運航,120,2100000,1,1,4,35,40,92.8959096
23日,日本,新千歳,日本,那覇,21:00,180,9,1410000,30000,47,小規模運航,120,2100000,1,1,4,35,40,91.3688372
23日,日本,新千歳,日本,那覇,21:30,180,9,1290000,30000,43,小規模運航,120,2100000,1,1,4,35,40,98.3038909
23日,日本,新千歳,日本,那覇,22:00,180,9,1140000,30000,38,小規模運航,120,2100000,1,1,4,35,40,79.1502252
23日,日本,新千歳,日本,那覇,22:30,180,9,1260000,30000,42,小規模運航,120,2100000,1,1,4,35,40,77.4467732
24日,日本,新千歳,日本,那覇,07:00,180,9,1200000,30000,40,小規模運航,120,2100000,1,1,4,35,40,96.6409941
24日,日本,新千歳,日本,那覇,07:30,180,9,1050000,30000,35,小規模運航,120,2100000,1,1,4,35,40,73.81878
24日,日本,新千歳,日本,那覇,08:00,180,9,1530000,30000,51,小規模運航,120,2100000,1,1,4,35,40,97.900192
24日,日本,新千歳,日本,那覇,08:30,180,9,1560000,30000,52,小規模運航,120,2100000,1,1,4,35,40,89.7348099
24日,日本,新千歳,日本,那覇,09:00,180,9,1530000,30000,51,小規模運航,120,2100000,1,1,4,35,40,95.8381445
24日,日本,新千歳,日本,那覇,09:30,180,9,1740000,30000,58,小規模運航,120,2100000,1,1,4,35,40,94.1178551
24日,日本,新千歳,日本,那覇,10:00,180,9,1320000,30000,44,小規模運航,120,2100000,1,1,4,35,40,85.363129
24日,日本,新千歳,日本,那覇,10:30,180,9,1260000,30000,42,小規模運航,120,2100000,1,1,4,35,40,98.2211352
24日,日本,新千歳,日本,那覇,11:00,180,9,1260000,30000,42,小規模運航,120,2100000,1,1,4,35,40,89.8791604
24日,日本,新千歳,日本,那覇,11:30,180,9,1470000,30000,49,小規模運航,120,2100000,1,1,4,35,40,93.2304968
24日,日本,新千歳,日本,那覇,12:00,180,9,1320000,30000,44,小規模運航,120,2100000,1,1,4,35,40,95.0730825
24日,日本,新千歳,日本,那覇,12:30,180,9,1380000,30000,46,小規模運航,120,2100000,1,1,4,35,40,93.9748335
24日,日本,新千歳,日本,那覇,13:00,180,9,1410000,30000,47,小規模運航,120,2100000,1,1,4,35,40,96.2404514
24日,日本,新千歳,日本,那覇,13:30,180,9,1350000,30000,45,小規模運航,120,2100000,1,1,4,35,40,97.7450882
24日,日本,新千歳,日本,那覇,14:00,180,9,1320000,30000,44,小規模運航,120,2100000,1,1,4,35,40,91.6802843
24日,日本,新千歳,日本,那覇,14:30,180,9,1260000,30000,42,小規模運航,120,2100000,1,1,4,35,40,98.5690728
24日,日本,新千歳,日本,那覇,15:00,180,9,1410000,30000,47,小規模運航,120,2100000,1,1,4,35,40,96.1687192
24日,日本,新千歳,日本,那覇,15:30,180,9,1320000,30000,44,小規模運航,120,2100000,1,1,4,35,40,97.9537668
24日,日本,新千歳,日本,那覇,16:00,180,9,1380000,30000,46,小規模運航,120,2100000,1,1,4,35,40,98.0927047
24日,日本,新千歳,日本,那覇,16:30,180,9,1380000,30000,46,小規模運航,120,2100000,1,1,4,35,40,81.0725661
24日,日本,新千歳,日本,那覇,17:00,180,9,1650000,30000,55,小規模運航,120,2100000,1,1,4,35,40,93.243442
24日,日本,新千歳,日本,那覇,17:30,180,9,1710000,30000,57,小規模運航,120,2100000,1,1,4,35,40,95.8121124
24日,日本,新千歳,日本,那覇,18:00,180,9,1800000,30000,60,小規模運航,120,2100000,1,1,4,35,40,93.9641033
24日,日本,新千歳,日本,那覇,18:30,180,9,1650000,30000,55,小規模運航,120,2100000,1,1,4,35,40,94.9760696
24日,日本,新千歳,日本,那覇,19:00,180,9,1620000,30000,54,小規模運航,120,2100000,1,1,4,35,40,98.802622
24日,日本,新千歳,日本,那覇,19:30,180,9,1770000,30000,59,小規模運航,120,2100000,1,1,4,35,40,97.6967903
24日,日本,新千歳,日本,那覇,20:00,180,9,1410000,30000,47,小規模運航,120,2100000,1,1,4,35,40,78.1584907
24日,日本,新千歳,日本,那覇,20:30,180,9,1470000,30000,49,小規模運航,120,2100000,1,1,4,35,40,82.4610453
24日,日本,新千歳,日本,那覇,21:00,180,9,1410000,30000,47,小規模運航,120,2100000,1,1,4,35,40,91.3688372
24日,日本,新千歳,日本,那覇,21:30,180,9,1500000,30000,50,小規模運航,120,2100000,1,1,4,35,40,92.0903178
24日,日本,新千歳,日本,那覇,22:00,180,9,1200000,30000,40,小規模運航,120,2100000,1,1,4,35,40,96.2424675
24日,日本,新千歳,日本,那覇,22:30,180,9,1170000,30000,39,小規模運航,120,2100000,1,1,4,35,40,85.9708743
25日,日本,新千歳,日本,那覇,07:00,180,9,1110000,30000,37,小規模運航,120,2100000,1,1,4,35,40,96.0370398
25日,日本,新千歳,日本,那覇,07:30,180,9,1020000,30000,34,小規模運航,120,2100000,1,1,4,35,40,91.3389986
25日,日本,新千歳,日本,那覇,08:00,180,9,1590000,30000,53,小規模運航,120,2100000,1,1,4,35,40,93.7704056
25日,日本,新千歳,日本,那覇,08:30,180,9,1620000,30000,54,小規模運航,120,2100000,1,1,4,35,40,98.1575453
25日,日本,新千歳,日本,那覇,09:00,180,9,1710000,30000,57,小規模運航,120,2100000,1,1,4,35,40,96.798727
25日,日本,新千歳,日本,那覇,09:30,180,9,1680000,30000,56,小規模運航,120,2100000,1,1,4,35,40,98.2958753
25日,日本,新千歳,日本,那覇,10:00,180,9,1440000,30000,48,小規模運航,120,2100000,1,1,4,35,40,95.6738528
25日,日本,新千歳,日本,那覇,10:30,180,9,1410000,30000,47,小規模運航,120,2100000,1,1,4,35,40,84.9366319
25日,日本,新千歳,日本,那覇,11:00,180,9,1380000,30000,46,小規模運航,120,2100000,1,1,4,35,40,97.8355751
25日,日本,新千歳,日本,那覇,11:30,180,9,1350000,30000,45,小規模運航,120,2100000,1,1,4,35,40,94.1584627
25日,日本,新千歳,日本,那覇,12:00,180,9,1380000,30000,46,小規模運航,120,2100000,1,1,4,35,40,96.9022473
25日,日本,新千歳,日本,那覇,12:30,180,9,1500000,30000,50,小規模運航,120,2100000,1,1,4,35,40,81.0225387
25日,日本,新千歳,日本,那覇,13:00,180,9,1410000,30000,47,小規模運航,120,2100000,1,1,4,35,40,96.2404514
25日,日本,新千歳,日本,那覇,13:30,180,9,1320000,30000,44,小規模運航,120,2100000,1,1,4,35,40,94.3844406
25日,日本,新千歳,日本,那覇,14:00,180,9,1410000,30000,47,小規模運航,120,2100000,1,1,4,35,40,98.0970133
25日,日本,新千歳,日本,那覇,14:30,180,9,1380000,30000,46,小規模運航,120,2100000,1,1,4,35,40,92.8982315
25日,日本,新千歳,日本,那覇,15:00,180,9,1410000,30000,47,小規模運航,120,2100000,1,1,4,35,40,96.1687192
25日,日本,新千歳,日本,那覇,15:30,180,9,1530000,30000,51,小規模運航,120,2100000,1,1,4,35,40,98.3032222
25日,日本,新千歳,日本,那覇,16:00,180,9,1500000,30000,50,小規模運航,120,2100000,1,1,4,35,40,85.2178924
25日,日本,新千歳,日本,那覇,16:30,180,9,1500000,30000,50,小規模運航,120,2100000,1,1,4,35,40,84.9718416
25日,日本,新千歳,日本,那覇,17:00,180,9,1680000,30000,56,小規模運航,120,2100000,1,1,4,35,40,97.8827927
25日,日本,新千歳,日本,那覇,17:30,180,9,1560000,30000,52,小規模運航,120,2100000,1,1,4,35,40,98.5030226
25日,日本,新千歳,日本,那覇,18:00,180,9,1800000,30000,60,小規模運航,120,2100000,1,1,4,35,40,93.9641033
25日,日本,新千歳,日本,那覇,18:30,180,9,1680000,30000,56,小規模運航,120,2100000,1,1,4,35,40,87.2828445
25日,日本,新千歳,日本,那覇,19:00,180,9,1710000,30000,57,小規模運航,120,2100000,1,1,4,35,40,93.0992883
25日,日本,新千歳,日本,那覇,19:30,180,9,1590000,30000,53,小規模運航,120,2100000,1,1,4,35,40,96.5544207
25日,日本,新千歳,日本,那覇,20:00,180,9,1470000,30000,49,小規模運航,120,2100000,1,1,4,35,40,91.0784176
25日,日本,新千歳,日本,那覇,20:30,180,9,1380000,30000,46,小規模運航,120,2100000,1,1,4,35,40,97.9427298
25日,日本,新千歳,日本,那覇,21:00,180,9,1500000,30000,50,小規模運航,120,2100000,1,1,4,35,40,96.5656938
25日,日本,新千歳,日本,那覇,21:30,180,9,1410000,30000,47,小規模運航,120,2100000,1,1,4,35,40,89.7503619
25日,日本,新千歳,日本,那覇,22:00,180,9,1050000,30000,35,小規模運航,120,2100000,1,1,4,35,40,78.0422497
25日,日本,新千歳,日本,那覇,22:30,180,9,1080000,30000,36,小規模運航,120,2100000,1,1,4,35,40,70.3930827
26日,日本,新千歳,日本,那覇,07:00,180,9,1140000,30000,38,小規模運航,120,2100000,1,1,4,35,40,94.86727
26日,日本,新千歳,日本,那覇,07:30,180,9,1080000,30000,36,小規模運航,120,2100000,1,1,4,35,40,74.8408471
26日,日本,新千歳,日本,那覇,08:00,180,9,1680000,30000,56,小規模運航,120,2100000,1,1,4,35,40,98.1668241
26日,日本,新千歳,日本,那覇,08:30,180,9,1560000,30000,52,小規模運航,120,2100000,1,1,4,35,40,89.7348099
26日,日本,新千歳,日本,那覇,09:00,180,9,1770000,30000,59,小規模運航,120,2100000,1,1,4,35,40,94.0678846
26日,日本,新千歳,日本,那覇,09:30,180,9,1800000,30000,60,小規模運航,120,2100000,1,1,4,35,40,94.3957482
26日,日本,新千歳,日本,那覇,10:00,180,9,1320000,30000,44,小規模運航,120,2100000,1,1,4,35,40,85.363129
26日,日本,新千歳,日本,那覇,10:30,180,9,1500000,30000,50,小規模運航,120,2100000,1,1,4,35,40,87.6140867
26日,日本,新千歳,日本,那覇,11:00,180,9,1410000,30000,47,小規模運航,120,2100000,1,1,4,35,40,93.7167928
26日,日本,新千歳,日本,那覇,11:30,180,9,1380000,30000,46,小規模運航,120,2100000,1,1,4,35,40,93.1591013
26日,日本,新千歳,日本,那覇,12:00,180,9,1290000,30000,43,小規模運航,120,2100000,1,1,4,35,40,81.8272807
26日,日本,新千歳,日本,那覇,12:30,180,9,1260000,30000,42,小規模運航,120,2100000,1,1,4,35,40,89.0909073
26日,日本,新千歳,日本,那覇,13:00,180,9,1320000,30000,44,小規模運航,120,2100000,1,1,4,35,40,97.5435315
26日,日本,新千歳,日本,那覇,13:30,180,9,1500000,30000,50,小規模運航,120,2100000,1,1,4,35,40,92.5363876
26日,日本,新千歳,日本,那覇,14:00,180,9,1320000,30000,44,小規模運航,120,2100000,1,1,4,35,40,91.6802843
26日,日本,新千歳,日本,那覇,14:30,180,9,1440000,30000,48,小規模運航,120,2100000,1,1,4,35,40,87.5692795
26日,日本,新千歳,日本,那覇,15:00,180,9,1410000,30000,47,小規模運航,120,2100000,1,1,4,35,40,96.1687192
26日,日本,新千歳,日本,那覇,15:30,180,9,1290000,30000,43,小規模運航,120,2100000,1,1,4,35,40,93.925849
26日,日本,新千歳,日本,那覇,16:00,180,9,1500000,30000,50,小規模運航,120,2100000,1,1,4,35,40,85.2178924
26日,日本,新千歳,日本,那覇,16:30,180,9,1440000,30000,48,小規模運航,120,2100000,1,1,4,35,40,98.7442067
26日,日本,新千歳,日本,那覇,17:00,180,9,1740000,30000,58,小規模運航,120,2100000,1,1,4,35,40,99.0763774
26日,日本,新千歳,日本,那覇,17:30,180,9,1590000,30000,53,小規模運航,120,2100000,1,1,4,35,40,93.3262666
26日,日本,新千歳,日本,那覇,18:00,180,9,1680000,30000,56,小規模運航,120,2100000,1,1,4,35,40,94.9468014
26日,日本,新千歳,日本,那覇,18:30,180,9,1680000,30000,56,小規模運航,120,2100000,1,1,4,35,40,87.2828445
26日,日本,新千歳,日本,那覇,19:00,180,9,1590000,30000,53,小規模運航,120,2100000,1,1,4,35,40,95.2359465
26日,日本,新千歳,日本,那覇,19:30,180,9,1740000,30000,58,小規模運航,120,2100000,1,1,4,35,40,79.3722624
26日,日本,新千歳,日本,那覇,20:00,180,9,1320000,30000,44,小規模運航,120,2100000,1,1,4,35,40,75.7295603
26日,日本,新千歳,日本,那覇,20:30,180,9,1350000,30000,45,小規模運航,120,2100000,1,1,4,35,40,92.8959096
26日,日本,新千歳,日本,那覇,21:00,180,9,1290000,30000,43,小規模運航,120,2100000,1,1,4,35,40,93.0748524
26日,日本,新千歳,日本,那覇,21:30,180,9,1290000,30000,43,小規模運航,120,2100000,1,1,4,35,40,98.3038909
26日,日本,新千歳,日本,那覇,22:00,180,9,1020000,30000,34,小規模運航,120,2100000,1,1,4,35,40,77.322139
26日,日本,新千歳,日本,那覇,22:30,180,9,1140000,30000,38,小規模運航,120,2100000,1,1,4,35,40,79.6773004
27日,日本,新千歳,日本,那覇,07:00,180,9,1200000,30000,40,小規模運航,120,2100000,1,1,4,35,40,96.6409941
27日,日本,新千歳,日本,那覇,07:30,180,9,1140000,30000,38,小規模運航,120,2100000,1,1,4,35,40,73.5859297
27日,日本,新千歳,日本,那覇,08:00,180,9,1590000,30000,53,小規模運航,120,2100000,1,1,4,35,40,93.7704056
27日,日本,新千歳,日本,那覇,08:30,180,9,1620000,30000,54,小規模運航,120,2100000,1,1,4,35,40,98.1575453
27日,日本,新千歳,日本,那覇,09:00,180,9,1770000,30000,59,小規模運航,120,2100000,1,1,4,35,40,94.0678846
27日,日本,新千歳,日本,那覇,09:30,180,9,1560000,30000,52,小規模運航,120,2100000,1,1,4,35,40,98.7996231
27日,日本,新千歳,日本,那覇,10:00,180,9,1260000,30000,42,小規模運航,120,2100000,1,1,4,35,40,83.6078536
27日,日本,新千歳,日本,那覇,10:30,180,9,1410000,30000,47,小規模運航,120,2100000,1,1,4,35,40,84.9366319
27日,日本,新千歳,日本,那覇,11:00,180,9,1440000,30000,48,小規模運航,120,2100000,1,1,4,35,40,89.5023337
27日,日本,新千歳,日本,那覇,11:30,180,9,1410000,30000,47,小規模運航,120,2100000,1,1,4,35,40,86.1445219
27日,日本,新千歳,日本,那覇,12:00,180,9,1320000,30000,44,小規模運航,120,2100000,1,1,4,35,40,95.0730825
27日,日本,新千歳,日本,那覇,12:30,180,9,1410000,30000,47,小規模運航,120,2100000,1,1,4,35,40,92.1182572
27日,日本,新千歳,日本,那覇,13:00,180,9,1380000,30000,46,小規模運航,120,2100000,1,1,4,35,40,89.421678
27日,日本,新千歳,日本,那覇,13:30,180,9,1260000,30000,42,小規模運航,120,2100000,1,1,4,35,40,94.1723853
27日,日本,新千歳,日本,那覇,14:00,180,9,1410000,30000,47,小規模運航,120,2100000,1,1,4,35,40,98.0970133
27日,日本,新千歳,日本,那覇,14:30,180,9,1350000,30000,45,小規模運航,120,2100000,1,1,4,35,40,93.8486394
27日,日本,新千歳,日本,那覇,15:00,180,9,1290000,30000,43,小規模運航,120,2100000,1,1,4,35,40,96.8883633
27日,日本,新千歳,日本,那覇,15:30,180,9,1410000,30000,47,小規模運航,120,2100000,1,1,4,35,40,85.6056326
27日,日本,新千歳,日本,那覇,16:00,180,9,1320000,30000,44,小規模運航,120,2100000,1,1,4,35,40,93.9513381
27日,日本,新千歳,日本,那覇,16:30,180,9,1500000,30000,50,小規模運航,120,2100000,1,1,4,35,40,84.9718416
27日,日本,新千歳,日本,那覇,17:00,180,9,1620000,30000,54,小規模運航,120,2100000,1,1,4,35,40,82.7821185
27日,日本,新千歳,日本,那覇,17:30,180,9,1620000,30000,54,小規模運航,120,2100000,1,1,4,35,40,95.7899344
27日,日本,新千歳,日本,那覇,18:00,180,9,1710000,30000,57,小規模運航,120,2100000,1,1,4,35,40,91.2786922
27日,日本,新千歳,日本,那覇,18:30,180,9,1710000,30000,57,小規模運航,120,2100000,1,1,4,35,40,96.2366981
27日,日本,新千歳,日本,那覇,19:00,180,9,1560000,30000,52,小規模運航,120,2100000,1,1,4,35,40,92.4833053
27日,日本,新千歳,日本,那覇,19:30,180,9,1740000,30000,58,小規模運航,120,2100000,1,1,4,35,40,79.3722624
27日,日本,新千歳,日本,那覇,20:00,180,9,1500000,30000,50,小規模運航,120,2100000,1,1,4,35,40,84.9720301
27日,日本,新千歳,日本,那覇,20:30,180,9,1350000,30000,45,小規模運航,120,2100000,1,1,4,35,40,92.8959096
27日,日本,新千歳,日本,那覇,21:00,180,9,1440000,30000,48,小規模運航,120,2100000,1,1,4,35,40,97.6668205
27日,日本,新千歳,日本,那覇,21:30,180,9,1350000,30000,45,小規模運航,120,2100000,1,1,4,35,40,95.1692032
27日,日本,新千歳,日本,那覇,22:00,180,9,990000,30000,33,小規模運航,120,2100000,1,1,4,35,40,93.5466621
27日,日本,新千歳,日本,那覇,22:30,180,9,1050000,30000,35,小規模運航,120,2100000,1,1,4,35,40,96.4756127
28日,日本,新千歳,日本,那覇,07:00,180,9,990000,30000,33,小規模運航,120,2100000,1,1,4,35,40,61.3567125
28日,日本,新千歳,日本,那覇,07:30,180,9,1110000,30000,37,小規模運航,120,2100000,1,1,4,35,40,96.2370571
28日,日本,新千歳,日本,那覇,08:00,180,9,1710000,30000,57,小規模運航,120,2100000,1,1,4,35,40,92.2473571
28日,日本,新千歳,日本,那覇,08:30,180,9,1770000,30000,59,小規模運航,120,2100000,1,1,4,35,40,88.6151558
28日,日本,新千歳,日本,那覇,09:00,180,9,1710000,30000,57,小規模運航,120,2100000,1,1,4,35,40,96.798727
28日,日本,新千歳,日本,那覇,09:30,180,9,1680000,30000,56,小規模運航,120,2100000,1,1,4,35,40,98.2958753
28日,日本,新千歳,日本,那覇,10:00,180,9,1500000,30000,50,小規模運航,120,2100000,1,1,4,35,40,91.8669398
28日,日本,新千歳,日本,那覇,10:30,180,9,1500000,30000,50,小規模運航,120,2100000,1,1,4,35,40,87.6140867
28日,日本,新千歳,日本,那覇,11:00,180,9,1440000,30000,48,小規模運航,120,2100000,1,1,4,35,40,89.5023337
28日,日本,新千歳,日本,那覇,11:30,180,9,1380000,30000,46,小規模運航,120,2100000,1,1,4,35,40,93.1591013
28日,日本,新千歳,日本,那覇,12:00,180,9,1260000,30000,42,小規模運航,120,2100000,1,1,4,35,40,96.3251473
28日,日本,新千歳,日本,那覇,12:30,180,9,1440000,30000,48,小規模運航,120,2100000,1,1,4,35,40,96.1199677
28日,日本,新千歳,日本,那覇,13:00,180,9,1260000,30000,42,小規模運航,120,2100000,1,1,4,35,40,97.8426978
28日,日本,新千歳,日本,那覇,13:30,180,9,1410000,30000,47,小規模運航,120,2100000,1,1,4,35,40,74.9103444
28日,日本,新千歳,日本,那覇,14:00,180,9,1410000,30000,47,小規模運航,120,2100000,1,1,4,35,40,98.0970133
28日,日本,新千歳,日本,那覇,14:30,180,9,1410000,30000,47,小規模運航,120,2100000,1,1,4,35,40,91.8254556
28日,日本,新千歳,日本,那覇,15:00,180,9,1290000,30000,43,小規模運航,120,2100000,1,1,4,35,40,96.8883633
28日,日本,新千歳,日本,那覇,15:30,180,9,1350000,30000,45,小規模運航,120,2100000,1,1,4,35,40,97.6577193
28日,日本,新千歳,日本,那覇,16:00,180,9,1470000,30000,49,小規模運航,120,2100000,1,1,4,35,40,81.8513852
28日,日本,新千歳,日本,那覇,16:30,180,9,1500000,30000,50,小規模運航,120,2100000,1,1,4,35,40,84.9718416
28日,日本,新千歳,日本,那覇,17:00,180,9,1560000,30000,52,小規模運航,120,2100000,1,1,4,35,40,98.6491391
28日,日本,新千歳,日本,那覇,17:30,180,9,1620000,30000,54,小規模運航,120,2100000,1,1,4,35,40,95.7899344
28日,日本,新千歳,日本,那覇,18:00,180,9,1740000,30000,58,小規模運航,120,2100000,1,1,4,35,40,97.6248181
28日,日本,新千歳,日本,那覇,18:30,180,9,1560000,30000,52,小規模運航,120,2100000,1,1,4,35,40,96.8261227
28日,日本,新千歳,日本,那覇,19:00,180,9,1560000,30000,52,小規模運航,120,2100000,1,1,4,35,40,92.4833053
28日,日本,新千歳,日本,那覇,19:30,180,9,1680000,30000,56,小規模運航,120,2100000,1,1,4,35,40,92.8573575
28日,日本,新千歳,日本,那覇,20:00,180,9,1530000,30000,51,小規模運航,120,2100000,1,1,4,35,40,95.0738184
28日,日本,新千歳,日本,那覇,20:30,180,9,1530000,30000,51,小規模運航,120,2100000,1,1,4,35,40,96.1189812
28日,日本,新千歳,日本,那覇,21:00,180,9,1440000,30000,48,小規模運航,120,2100000,1,1,4,35,40,97.6668205
28日,日本,新千歳,日本,那覇,21:30,180,9,1440000,30000,48,小規模運航,120,2100000,1,1,4,35,40,69.4242932
28日,日本,新千歳,日本,那覇,22:00,180,9,1080000,30000,36,小規模運航,120,2100000,1,1,4,35,40,95.3880675
28日,日本,新千歳,日本,那覇,22:30,180,9,1170000,30000,39,小規模運航,120,2100000,1,1,4,35,40,85.9708743
29日,日本,新千歳,日本,那覇,07:00,180,9,1200000,30000,40,小規模運航,120,2100000,1,1,4,35,40,96.6409941
29日,日本,新千歳,日本,那覇,07:30,180,9,1230000,30000,41,小規模運航,120,2100000,1,1,4,35,40,88.8039914
29日,日本,新千歳,日本,那覇,08:00,180,9,1680000,30000,56,小規模運航,120,2100000,1,1,4,35,40,98.1668241
29日,日本,新千歳,日本,那覇,08:30,180,9,1680000,30000,56,小規模運航,120,2100000,1,1,4,35,40,98.1701139
29日,日本,新千歳,日本,那覇,09:00,180,9,1770000,30000,59,小規模運航,120,2100000,1,1,4,35,40,94.0678846
29日,日本,新千歳,日本,那覇,09:30,180,9,1740000,30000,58,小規模運航,120,2100000,1,1,4,35,40,94.1178551
29日,日本,新千歳,日本,那覇,10:00,180,9,1350000,30000,45,小規模運航,120,2100000,1,1,4,35,40,96.272147
29日,日本,新千歳,日本,那覇,10:30,180,9,1320000,30000,44,小規模運航,120,2100000,1,1,4,35,40,93.7071851
29日,日本,新千歳,日本,那覇,11:00,180,9,1320000,30000,44,小規模運航,120,2100000,1,1,4,35,40,81.7241046
29日,日本,新千歳,日本,那覇,11:30,180,9,1500000,30000,50,小規模運航,120,2100000,1,1,4,35,40,87.9398291
29日,日本,新千歳,日本,那覇,12:00,180,9,1440000,30000,48,小規模運航,120,2100000,1,1,4,35,40,96.8090866
29日,日本,新千歳,日本,那覇,12:30,180,9,1290000,30000,43,小規模運航,120,2100000,1,1,4,35,40,77.838372
29日,日本,新千歳,日本,那覇,13:00,180,9,1410000,30000,47,小規模運航,120,2100000,1,1,4,35,40,96.2404514
29日,日本,新千歳,日本,那覇,13:30,180,9,1260000,30000,42,小規模運航,120,2100000,1,1,4,35,40,94.1723853
29日,日本,新千歳,日本,那覇,14:00,180,9,1410000,30000,47,小規模運航,120,2100000,1,1,4,35,40,98.0970133
29日,日本,新千歳,日本,那覇,14:30,180,9,1440000,30000,48,小規模運航,120,2100000,1,1,4,35,40,87.5692795
29日,日本,新千歳,日本,那覇,15:00,180,9,1350000,30000,45,小規模運航,120,2100000,1,1,4,35,40,80.1575269
29日,日本,新千歳,日本,那覇,15:30,180,9,1290000,30000,43,小規模運航,120,2100000,1,1,4,35,40,93.925849
29日,日本,新千歳,日本,那覇,16:00,180,9,1290000,30000,43,小規模運航,120,2100000,1,1,4,35,40,97.6939087
29日,日本,新千歳,日本,那覇,16:30,180,9,1260000,30000,42,小規模運航,120,2100000,1,1,4,35,40,93.3635165
29日,日本,新千歳,日本,那覇,17:00,180,9,1680000,30000,56,小規模運航,120,2100000,1,1,4,35,40,97.8827927
29日,日本,新千歳,日本,那覇,17:30,180,9,1770000,30000,59,小規模運航,120,2100000,1,1,4,35,40,94.2146743
29日,日本,新千歳,日本,那覇,18:00,180,9,1650000,30000,55,小規模運航,120,2100000,1,1,4,35,40,98.0261042
29日,日本,新千歳,日本,那覇,18:30,180,9,1620000,30000,54,小規模運航,120,2100000,1,1,4,35,40,95.5250927
29日,日本,新千歳,日本,那覇,19:00,180,9,1560000,30000,52,小規模運航,120,2100000,1,1,4,35,40,92.4833053
29日,日本,新千歳,日本,那覇,19:30,180,9,1740000,30000,58,小規模運航,120,2100000,1,1,4,35,40,79.3722624
29日,日本,新千歳,日本,那覇,20:00,180,9,1380000,30000,46,小規模運航,120,2100000,1,1,4,35,40,98.3354759
29日,日本,新千歳,日本,那覇,20:30,180,9,1530000,30000,51,小規模運航,120,2100000,1,1,4,35,40,96.1189812
29日,日本,新千歳,日本,那覇,21:00,180,9,1500000,30000,50,小規模運航,120,2100000,1,1,4,35,40,96.5656938
29日,日本,新千歳,日本,那覇,21:30,180,9,1470000,30000,49,小規模運航,120,2100000,1,1,4,35,40,80.0781249
29日,日本,新千歳,日本,那覇,22:00,180,9,1230000,30000,41,小規模運航,120,2100000,1,1,4,35,40,98.3078692
29日,日本,新千歳,日本,那覇,22:30,180,9,1200000,30000,40,小規模運航,120,2100000,1,1,4,35,40,95.6565848
30日,日本,新千歳,日本,那覇,07:00,180,9,1080000,30000,36,小規模運航,120,2100000,1,1,4,35,40,87.4720601
30日,日本,新千歳,日本,那覇,07:30,180,9,1050000,30000,35,小規模運航,120,2100000,1,1,4,35,40,73.81878
30日,日本,新千歳,日本,那覇,08:00,180,9,1710000,30000,57,小規模運航,120,2100000,1,1,4,35,40,92.2473571
30日,日本,新千歳,日本,那覇,08:30,180,9,1770000,30000,59,小規模運航,120,2100000,1,1,4,35,40,88.6151558
30日,日本,新千歳,日本,那覇,09:00,180,9,1710000,30000,57,小規模運航,120,2100000,1,1,4,35,40,96.798727
30日,日本,新千歳,日本,那覇,09:30,180,9,1590000,30000,53,小規模運航,120,2100000,1,1,4,35,40,96.5770174
30日,日本,新千歳,日本,那覇,10:00,180,9,1320000,30000,44,小規模運航,120,2100000,1,1,4,35,40,85.363129
30日,日本,新千歳,日本,那覇,10:30,180,9,1380000,30000,46,小規模運航,120,2100000,1,1,4,35,40,96.4626786
30日,日本,新千歳,日本,那覇,11:00,180,9,1530000,30000,51,小規模運航,120,2100000,1,1,4,35,40,98.540153
30日,日本,新千歳,日本,那覇,11:30,180,9,1410000,30000,47,小規模運航,120,2100000,1,1,4,35,40,86.1445219
30日,日本,新千歳,日本,那覇,12:00,180,9,1500000,30000,50,小規模運航,120,2100000,1,1,4,35,40,90.2665578
30日,日本,新千歳,日本,那覇,12:30,180,9,1470000,30000,49,小規模運航,120,2100000,1,1,4,35,40,97.7321499
30日,日本,新千歳,日本,那覇,13:00,180,9,1320000,30000,44,小規模運航,120,2100000,1,1,4,35,40,97.5435315
30日,日本,新千歳,日本,那覇,13:30,180,9,1410000,30000,47,小規模運航,120,2100000,1,1,4,35,40,74.9103444
30日,日本,新千歳,日本,那覇,14:00,180,9,1410000,30000,47,小規模運航,120,2100000,1,1,4,35,40,98.0970133
30日,日本,新千歳,日本,那覇,14:30,180,9,1440000,30000,48,小規模運航,120,2100000,1,1,4,35,40,87.5692795
30日,日本,新千歳,日本,那覇,15:00,180,9,1410000,30000,47,小規模運航,120,2100000,1,1,4,35,40,96.1687192
30日,日本,新千歳,日本,那覇,15:30,180,9,1500000,30000,50,小規模運航,120,2100000,1,1,4,35,40,97.2725352
30日,日本,新千歳,日本,那覇,16:00,180,9,1290000,30000,43,小規模運航,120,2100000,1,1,4,35,40,97.6939087
30日,日本,新千歳,日本,那覇,16:30,180,9,1410000,30000,47,小規模運航,120,2100000,1,1,4,35,40,97.3919262
30日,日本,新千歳,日本,那覇,17:00,180,9,1620000,30000,54,小規模運航,120,2100000,1,1,4,35,40,82.7821185
30日,日本,新千歳,日本,那覇,17:30,180,9,1590000,30000,53,小規模運航,120,2100000,1,1,4,35,40,93.3262666
30日,日本,新千歳,日本,那覇,18:00,180,9,1800000,30000,60,小規模運航,120,2100000,1,1,4,35,40,93.9641033
30日,日本,新千歳,日本,那覇,18:30,180,9,1770000,30000,59,小規模運航,120,2100000,1,1,4,35,40,96.4680835
30日,日本,新千歳,日本,那覇,19:00,180,9,1680000,30000,56,小規模運航,120,2100000,1,1,4,35,40,95.4458732
30日,日本,新千歳,日本,那覇,19:30,180,9,1530000,30000,51,小規模運航,120,2100000,1,1,4,35,40,98.192201
30日,日本,新千歳,日本,那覇,20:00,180,9,1350000,30000,45,小規模運航,120,2100000,1,1,4,35,40,79.7277335
30日,日本,新千歳,日本,那覇,20:30,180,9,1440000,30000,48,小規模運航,120,2100000,1,1,4,35,40,95.8140363
30日,日本,新千歳,日本,那覇,21:00,180,9,1410000,30000,47,小規模運航,120,2100000,1,1,4,35,40,91.3688372
30日,日本,新千歳,日本,那覇,21:30,180,9,1290000,30000,43,小規模運航,120,2100000,1,1,4,35,40,98.3038909
30日,日本,新千歳,日本,那覇,22:00,180,9,1170000,30000,39,小規模運航,120,2100000,1,1,4,35,40,81.9336506
30日,日本,新千歳,日本,那覇,22:30,180,9,1080000,30000,36,小規模運航,120,2100000,1,1,4,35,40,70.3930827
31日,日本,新千歳,日本,那覇,07:00,180,9,1230000,30000,41,小規模運航,120,2100000,1,1,4,35,40,89.6376108
31日,日本,新千歳,日本,那覇,07:30,180,9,1230000,30000,41,小規模運航,120,2100000,1,1,4,35,40,88.8039914
31日,日本,新千歳,日本,那覇,08:00,180,9,1710000,30000,57,小規模運航,120,2100000,1,1,4,35,40,92.2473571
31日,日本,新千歳,日本,那覇,08:30,180,9,1650000,30000,55,小規模運航,120,2100000,1,1,4,35,40,95.8017844
31日,日本,新千歳,日本,那覇,09:00,180,9,1710000,30000,57,小規模運航,120,2100000,1,1,4,35,40,96.798727
31日,日本,新千歳,日本,那覇,09:30,180,9,1710000,30000,57,小規模運航,120,2100000,1,1,4,35,40,94.884955
31日,日本,新千歳,日本,那覇,10:00,180,9,1410000,30000,47,小規模運航,120,2100000,1,1,4,35,40,96.8512528
31日,日本,新千歳,日本,那覇,10:30,180,9,1320000,30000,44,小規模運航,120,2100000,1,1,4,35,40,93.7071851
31日,日本,新千歳,日本,那覇,11:00,180,9,1410000,30000,47,小規模運航,120,2100000,1,1,4,35,40,93.7167928
31日,日本,新千歳,日本,那覇,11:30,180,9,1260000,30000,42,小規模運航,120,2100000,1,1,4,35,40,86.7468655
31日,日本,新千歳,日本,那覇,12:00,180,9,1470000,30000,49,小規模運航,120,2100000,1,1,4,35,40,84.4365263
31日,日本,新千歳,日本,那覇,12:30,180,9,1440000,30000,48,小規模運航,120,2100000,1,1,4,35,40,96.1199677
31日,日本,新千歳,日本,那覇,13:00,180,9,1380000,30000,46,小規模運航,120,2100000,1,1,4,35,40,89.421678
31日,日本,新千歳,日本,那覇,13:30,180,9,1440000,30000,48,小規模運航,120,2100000,1,1,4,35,40,98.5356996
31日,日本,新千歳,日本,那覇,14:00,180,9,1260000,30000,42,小規模運航,120,2100000,1,1,4,35,40,96.0591698
31日,日本,新千歳,日本,那覇,14:30,180,9,1530000,30000,51,小規模運航,120,2100000,1,1,4,35,40,93.3826475
31日,日本,新千歳,日本,那覇,15:00,180,9,1380000,30000,46,小規模運航,120,2100000,1,1,4,35,40,93.9428781
31日,日本,新千歳,日本,那覇,15:30,180,9,1410000,30000,47,小規模運航,120,2100000,1,1,4,35,40,85.6056326
31日,日本,新千歳,日本,那覇,16:00,180,9,1380000,30000,46,小規模運航,120,2100000,1,1,4,35,40,98.0927047
31日,日本,新千歳,日本,那覇,16:30,180,9,1260000,30000,42,小規模運航,120,2100000,1,1,4,35,40,93.3635165
31日,日本,新千歳,日本,那覇,17:00,180,9,1710000,30000,57,小規模運航,120,2100000,1,1,4,35,40,91.5536597
31日,日本,新千歳,日本,那覇,17:30,180,9,1770000,30000,59,小規模運航,120,2100000,1,1,4,35,40,94.2146743
31日,日本,新千歳,日本,那覇,18:00,180,9,1590000,30000,53,小規模運航,120,2100000,1,1,4,35,40,94.8975211
31日,日本,新千歳,日本,那覇,18:30,180,9,1710000,30000,57,小規模運航,120,2100000,1,1,4,35,40,96.2366981
31日,日本,新千歳,日本,那覇,19:00,180,9,1530000,30000,51,小規模運航,120,2100000,1,1,4,35,40,91.752718
31日,日本,新千歳,日本,那覇,19:30,180,9,1740000,30000,58,小規模運航,120,2100000,1,1,4,35,40,79.3722624
31日,日本,新千歳,日本,那覇,20:00,180,9,1410000,30000,47,小規模運航,120,2100000,1,1,4,35,40,78.1584907
31日,日本,新千歳,日本,那覇,20:30,180,9,1470000,30000,49,小規模運航,120,2100000,1,1,4,35,40,82.4610453
31日,日本,新千歳,日本,那覇,21:00,180,9,1260000,30000,42,小規模運航,120,2100000,1,1,4,35,40,92.2809069
31日,日本,新千歳,日本,那覇,21:30,180,9,1290000,30000,43,小規模運航,120,2100000,1,1,4,35,40,98.3038909
31日,日本,新千歳,日本,那覇,22:00,180,9,1080000,30000,36,小規模運航,120,2100000,1,1,4,35,40,95.3880675
31日,日本,新千歳,日本,那覇,22:30,180,9,1050000,30000,35,小規模運航,120,2100000,1,1,4,35,40,96.4756127
1日,日本,羽田,日本,中部,07:00,30,11,1230000,30000,41,小規模運航,120,2100000,1,1,4,35,40,72.3421466
1日,日本,羽田,日本,中部,07:30,30,11,1020000,30000,34,小規模運航,120,2100000,1,1,4,35,40,96.7083787
1日,日本,羽田,日本,中部,08:00,30,11,1620000,30000,54,小規模運航,120,2100000,1,1,4,35,40,91.0383162
1日,日本,羽田,日本,中部,08:30,30,11,1560000,30000,52,小規模運航,120,2100000,1,1,4,35,40,88.9918896
1日,日本,羽田,日本,中部,09:00,30,11,1530000,30000,51,小規模運航,120,2100000,1,1,4,35,40,91.7920955
1日,日本,羽田,日本,中部,09:30,30,11,1800000,30000,60,小規模運航,120,2100000,1,1,4,35,40,96.3374404
1日,日本,羽田,日本,中部,10:00,30,11,1350000,30000,45,小規模運航,120,2100000,1,1,4,35,40,83.0948083
1日,日本,羽田,日本,中部,10:30,30,11,1410000,30000,47,小規模運航,120,2100000,1,1,4,35,40,97.986839
1日,日本,羽田,日本,中部,11:00,30,11,1500000,30000,50,小規模運航,120,2100000,1,1,4,35,40,93.5511803
1日,日本,羽田,日本,中部,11:30,30,11,1530000,30000,51,小規模運航,120,2100000,1,1,4,35,40,78.0796791
1日,日本,羽田,日本,中部,12:00,30,11,1440000,30000,48,小規模運航,120,2100000,1,1,4,35,40,90.2527804
1日,日本,羽田,日本,中部,12:30,30,11,1320000,30000,44,小規模運航,120,2100000,1,1,4,35,40,98.1617706
1日,日本,羽田,日本,中部,13:00,30,11,1440000,30000,48,小規模運航,120,2100000,1,1,4,35,40,93.8019449
1日,日本,羽田,日本,中部,13:30,30,11,1500000,30000,50,小規模運航,120,2100000,1,1,4,35,40,97.0313748
1日,日本,羽田,日本,中部,14:00,30,11,1380000,30000,46,小規模運航,120,2100000,1,1,4,35,40,87.4883889
1日,日本,羽田,日本,中部,14:30,30,11,1470000,30000,49,小規模運航,120,2100000,1,1,4,35,40,83.5248133
1日,日本,羽田,日本,中部,15:00,30,11,1440000,30000,48,小規模運航,120,2100000,1,1,4,35,40,93.4817277
1日,日本,羽田,日本,中部,15:30,30,11,1440000,30000,48,小規模運航,120,2100000,1,1,4,35,40,80.0009246
1日,日本,羽田,日本,中部,16:00,30,11,1410000,30000,47,小規模運航,120,2100000,1,1,4,35,40,72.3549556
1日,日本,羽田,日本,中部,16:30,30,11,1440000,30000,48,小規模運航,120,2100000,1,1,4,35,40,93.572171
1日,日本,羽田,日本,中部,17:00,30,11,1560000,30000,52,小規模運航,120,2100000,1,1,4,35,40,94.2392505
1日,日本,羽田,日本,中部,17:30,30,11,1680000,30000,56,小規模運航,120,2100000,1,1,4,35,40,94.8786686
1日,日本,羽田,日本,中部,18:00,30,11,1800000,30000,60,小規模運航,120,2100000,1,1,4,35,40,86.3424656
1日,日本,羽田,日本,中部,18:30,30,11,1800000,30000,60,小規模運航,120,2100000,1,1,4,35,40,93.3988533
1日,日本,羽田,日本,中部,19:00,30,11,1770000,30000,59,小規模運航,120,2100000,1,1,4,35,40,93.1592842
1日,日本,羽田,日本,中部,19:30,30,11,1770000,30000,59,小規模運航,120,2100000,1,1,4,35,40,84.8117079
1日,日本,羽田,日本,中部,20:00,30,11,1350000,30000,45,小規模運航,120,2100000,1,1,4,35,40,98.5638324
1日,日本,羽田,日本,中部,20:30,30,11,1380000,30000,46,小規模運航,120,2100000,1,1,4,35,40,78.7592435
1日,日本,羽田,日本,中部,21:00,30,11,1410000,30000,47,小規模運航,120,2100000,1,1,4,35,40,87.7511403
1日,日本,羽田,日本,中部,21:30,30,11,1470000,30000,49,小規模運航,120,2100000,1,1,4,35,40,95.8631653
1日,日本,羽田,日本,中部,22:00,30,11,1050000,30000,35,小規模運航,120,2100000,1,1,4,35,40,97.15015
1日,日本,羽田,日本,中部,22:30,30,11,1050000,30000,35,小規模運航,120,2100000,1,1,4,35,40,93.5130792
2日,日本,羽田,日本,中部,07:00,30,11,1110000,30000,37,小規模運航,120,2100000,1,1,4,35,40,70.9546064
2日,日本,羽田,日本,中部,07:30,30,11,1140000,30000,38,小規模運航,120,2100000,1,1,4,35,40,90.4691163
2日,日本,羽田,日本,中部,08:00,30,11,1620000,30000,54,小規模運航,120,2100000,1,1,4,35,40,91.0383162
2日,日本,羽田,日本,中部,08:30,30,11,1740000,30000,58,小規模運航,120,2100000,1,1,4,35,40,97.7897727
2日,日本,羽田,日本,中部,09:00,30,11,1800000,30000,60,小規模運航,120,2100000,1,1,4,35,40,90.1135653
2日,日本,羽田,日本,中部,09:30,30,11,1770000,30000,59,小規模運航,120,2100000,1,1,4,35,40,96.4610979
2日,日本,羽田,日本,中部,10:00,30,11,1410000,30000,47,小規模運航,120,2100000,1,1,4,35,40,79.107171
2日,日本,羽田,日本,中部,10:30,30,11,1470000,30000,49,小規模運航,120,2100000,1,1,4,35,40,85.5862992
2日,日本,羽田,日本,中部,11:00,30,11,1470000,30000,49,小規模運航,120,2100000,1,1,4,35,40,95.6557952
2日,日本,羽田,日本,中部,11:30,30,11,1410000,30000,47,小規模運航,120,2100000,1,1,4,35,40,95.4864632
2日,日本,羽田,日本,中部,12:00,30,11,1440000,30000,48,小規模運航,120,2100000,1,1,4,35,40,90.2527804
2日,日本,羽田,日本,中部,12:30,30,11,1320000,30000,44,小規模運航,120,2100000,1,1,4,35,40,98.1617706
2日,日本,羽田,日本,中部,13:00,30,11,1290000,30000,43,小規模運航,120,2100000,1,1,4,35,40,84.6294196
2日,日本,羽田,日本,中部,13:30,30,11,1410000,30000,47,小規模運航,120,2100000,1,1,4,35,40,92.239994
2日,日本,羽田,日本,中部,14:00,30,11,1290000,30000,43,小規模運航,120,2100000,1,1,4,35,40,71.251569
2日,日本,羽田,日本,中部,14:30,30,11,1320000,30000,44,小規模運航,120,2100000,1,1,4,35,40,78.3305594
2日,日本,羽田,日本,中部,15:00,30,11,1500000,30000,50,小規模運航,120,2100000,1,1,4,35,40,96.240318
2日,日本,羽田,日本,中部,15:30,30,11,1260000,30000,42,小規模運航,120,2100000,1,1,4,35,40,79.0270448
2日,日本,羽田,日本,中部,16:00,30,11,1380000,30000,46,小規模運航,120,2100000,1,1,4,35,40,92.6790051
2日,日本,羽田,日本,中部,16:30,30,11,1410000,30000,47,小規模運航,120,2100000,1,1,4,35,40,82.6983805
2日,日本,羽田,日本,中部,17:00,30,11,1740000,30000,58,小規模運航,120,2100000,1,1,4,35,40,86.4072991
2日,日本,羽田,日本,中部,17:30,30,11,1590000,30000,53,小規模運航,120,2100000,1,1,4,35,40,95.3836743
2日,日本,羽田,日本,中部,18:00,30,11,1800000,30000,60,小規模運航,120,2100000,1,1,4,35,40,86.3424656
2日,日本,羽田,日本,中部,18:30,30,11,1650000,30000,55,小規模運航,120,2100000,1,1,4,35,40,98.6784105
2日,日本,羽田,日本,中部,19:00,30,11,1620000,30000,54,小規模運航,120,2100000,1,1,4,35,40,98.6777162
2日,日本,羽田,日本,中部,19:30,30,11,1620000,30000,54,小規模運航,120,2100000,1,1,4,35,40,70.4902346
2日,日本,羽田,日本,中部,20:00,30,11,1290000,30000,43,小規模運航,120,2100000,1,1,4,35,40,97.1100892
2日,日本,羽田,日本,中部,20:30,30,11,1350000,30000,45,小規模運航,120,2100000,1,1,4,35,40,79.3477593
2日,日本,羽田,日本,中部,21:00,30,11,1350000,30000,45,小規模運航,120,2100000,1,1,4,35,40,94.9940916
2日,日本,羽田,日本,中部,21:30,30,11,1380000,30000,46,小規模運航,120,2100000,1,1,4,35,40,96.9992135
2日,日本,羽田,日本,中部,22:00,30,11,1200000,30000,40,小規模運航,120,2100000,1,1,4,35,40,97.8433769
2日,日本,羽田,日本,中部,22:30,30,11,1050000,30000,35,小規模運航,120,2100000,1,1,4,35,40,93.5130792
3日,日本,羽田,日本,中部,07:00,30,11,990000,30000,33,小規模運航,120,2100000,1,1,4,35,40,97.7031442
3日,日本,羽田,日本,中部,07:30,30,11,1200000,30000,40,小規模運航,120,2100000,1,1,4,35,40,97.5489535
3日,日本,羽田,日本,中部,08:00,30,11,1650000,30000,55,小規模運航,120,2100000,1,1,4,35,40,98.3560875
3日,日本,羽田,日本,中部,08:30,30,11,1800000,30000,60,小規模運航,120,2100000,1,1,4,35,40,93.7747628
3日,日本,羽田,日本,中部,09:00,30,11,1530000,30000,51,小規模運航,120,2100000,1,1,4,35,40,91.7920955
3日,日本,羽田,日本,中部,09:30,30,11,1590000,30000,53,小規模運航,120,2100000,1,1,4,35,40,95.6301367
3日,日本,羽田,日本,中部,10:00,30,11,1380000,30000,46,小規模運航,120,2100000,1,1,4,35,40,89.7482224
3日,日本,羽田,日本,中部,10:30,30,11,1260000,30000,42,小規模運航,120,2100000,1,1,4,35,40,97.8775251
3日,日本,羽田,日本,中部,11:00,30,11,1410000,30000,47,小規模運航,120,2100000,1,1,4,35,40,94.1926482
3日,日本,羽田,日本,中部,11:30,30,11,1260000,30000,42,小規模運航,120,2100000,1,1,4,35,40,97.7533544
3日,日本,羽田,日本,中部,12:00,30,11,1260000,30000,42,小規模運航,120,2100000,1,1,4,35,40,98.1973597
3日,日本,羽田,日本,中部,12:30,30,11,1470000,30000,49,小規模運航,120,2100000,1,1,4,35,40,91.5584335
3日,日本,羽田,日本,中部,13:00,30,11,1500000,30000,50,小規模運航,120,2100000,1,1,4,35,40,94.3078367
3日,日本,羽田,日本,中部,13:30,30,11,1440000,30000,48,小規模運航,120,2100000,1,1,4,35,40,95.6332278
3日,日本,羽田,日本,中部,14:00,30,11,1500000,30000,50,小規模運航,120,2100000,1,1,4,35,40,96.2120929
3日,日本,羽田,日本,中部,14:30,30,11,1380000,30000,46,小規模運航,120,2100000,1,1,4,35,40,98.4767256
3日,日本,羽田,日本,中部,15:00,30,11,1380000,30000,46,小規模運航,120,2100000,1,1,4,35,40,95.0815987
3日,日本,羽田,日本,中部,15:30,30,11,1320000,30000,44,小規模運航,120,2100000,1,1,4,35,40,98.597928
3日,日本,羽田,日本,中部,16:00,30,11,1500000,30000,50,小規模運航,120,2100000,1,1,4,35,40,96.0315332
3日,日本,羽田,日本,中部,16:30,30,11,1410000,30000,47,小規模運航,120,2100000,1,1,4,35,40,82.6983805
3日,日本,羽田,日本,中部,17:00,30,11,1770000,30000,59,小規模運航,120,2100000,1,1,4,35,40,98.4392033
3日,日本,羽田,日本,中部,17:30,30,11,1560000,30000,52,小規模運航,120,2100000,1,1,4,35,40,84.3532546
3日,日本,羽田,日本,中部,18:00,30,11,1770000,30000,59,小規模運航,120,2100000,1,1,4,35,40,98.7401441
3日,日本,羽田,日本,中部,18:30,30,11,1770000,30000,59,小規模運航,120,2100000,1,1,4,35,40,95.787962
3日,日本,羽田,日本,中部,19:00,30,11,1590000,30000,53,小規模運航,120,2100000,1,1,4,35,40,88.36839
3日,日本,羽田,日本,中部,19:30,30,11,1560000,30000,52,小規模運航,120,2100000,1,1,4,35,40,96.9629872
3日,日本,羽田,日本,中部,20:00,30,11,1410000,30000,47,小規模運航,120,2100000,1,1,4,35,40,98.8493943
3日,日本,羽田,日本,中部,20:30,30,11,1320000,30000,44,小規模運航,120,2100000,1,1,4,35,40,82.7044843
3日,日本,羽田,日本,中部,21:00,30,11,1470000,30000,49,小規模運航,120,2100000,1,1,4,35,40,97.258721
3日,日本,羽田,日本,中部,21:30,30,11,1410000,30000,47,小規模運航,120,2100000,1,1,4,35,40,78.9857053
3日,日本,羽田,日本,中部,22:00,30,11,1050000,30000,35,小規模運航,120,2100000,1,1,4,35,40,97.15015
3日,日本,羽田,日本,中部,22:30,30,11,1170000,30000,39,小規模運航,120,2100000,1,1,4,35,40,96.3508069
4日,日本,羽田,日本,中部,07:00,30,11,990000,30000,33,小規模運航,120,2100000,1,1,4,35,40,97.7031442
4日,日本,羽田,日本,中部,07:30,30,11,1050000,30000,35,小規模運航,120,2100000,1,1,4,35,40,95.9965453
4日,日本,羽田,日本,中部,08:00,30,11,1680000,30000,56,小規模運航,120,2100000,1,1,4,35,40,93.4694894
4日,日本,羽田,日本,中部,08:30,30,11,1740000,30000,58,小規模運航,120,2100000,1,1,4,35,40,97.7897727
4日,日本,羽田,日本,中部,09:00,30,11,1650000,30000,55,小規模運航,120,2100000,1,1,4,35,40,89.9037096
4日,日本,羽田,日本,中部,09:30,30,11,1680000,30000,56,小規模運航,120,2100000,1,1,4,35,40,98.4035673
4日,日本,羽田,日本,中部,10:00,30,11,1380000,30000,46,小規模運航,120,2100000,1,1,4,35,40,89.7482224
4日,日本,羽田,日本,中部,10:30,30,11,1500000,30000,50,小規模運航,120,2100000,1,1,4,35,40,98.1687251
4日,日本,羽田,日本,中部,11:00,30,11,1290000,30000,43,小規模運航,120,2100000,1,1,4,35,40,92.7357257
4日,日本,羽田,日本,中部,11:30,30,11,1500000,30000,50,小規模運航,120,2100000,1,1,4,35,40,93.2438925
4日,日本,羽田,日本,中部,12:00,30,11,1260000,30000,42,小規模運航,120,2100000,1,1,4,35,40,98.1973597
4日,日本,羽田,日本,中部,12:30,30,11,1410000,30000,47,小規模運航,120,2100000,1,1,4,35,40,91.981997
4日,日本,羽田,日本,中部,13:00,30,11,1470000,30000,49,小規模運航,120,2100000,1,1,4,35,40,98.5289212
4日,日本,羽田,日本,中部,13:30,30,11,1350000,30000,45,小規模運航,120,2100000,1,1,4,35,40,84.182077
4日,日本,羽田,日本,中部,14:00,30,11,1440000,30000,48,小規模運航,120,2100000,1,1,4,35,40,79.4006282
4日,日本,羽田,日本,中部,14:30,30,11,1350000,30000,45,小規模運航,120,2100000,1,1,4,35,40,97.1260845
4日,日本,羽田,日本,中部,15:00,30,11,1290000,30000,43,小規模運航,120,2100000,1,1,4,35,40,98.0780701
4日,日本,羽田,日本,中部,15:30,30,11,1410000,30000,47,小規模運航,120,2100000,1,1,4,35,40,97.758487
4日,日本,羽田,日本,中部,16:00,30,11,1440000,30000,48,小規模運航,120,2100000,1,1,4,35,40,92.7818886
4日,日本,羽田,日本,中部,16:30,30,11,1260000,30000,42,小規模運航,120,2100000,1,1,4,35,40,88.5638771
4日,日本,羽田,日本,中部,17:00,30,11,1770000,30000,59,小規模運航,120,2100000,1,1,4,35,40,98.4392033
4日,日本,羽田,日本,中部,17:30,30,11,1680000,30000,56,小規模運航,120,2100000,1,1,4,35,40,94.8786686
4日,日本,羽田,日本,中部,18:00,30,11,1770000,30000,59,小規模運航,120,2100000,1,1,4,35,40,98.7401441
4日,日本,羽田,日本,中部,18:30,30,11,1620000,30000,54,小規模運航,120,2100000,1,1,4,35,40,80.1725183
4日,日本,羽田,日本,中部,19:00,30,11,1650000,30000,55,小規模運航,120,2100000,1,1,4,35,40,94.2761101
4日,日本,羽田,日本,中部,19:30,30,11,1770000,30000,59,小規模運航,120,2100000,1,1,4,35,40,84.8117079
4日,日本,羽田,日本,中部,20:00,30,11,1260000,30000,42,小規模運航,120,2100000,1,1,4,35,40,91.2222776
4日,日本,羽田,日本,中部,20:30,30,11,1410000,30000,47,小規模運航,120,2100000,1,1,4,35,40,92.6733428
4日,日本,羽田,日本,中部,21:00,30,11,1500000,30000,50,小規模運航,120,2100000,1,1,4,35,40,92.3941532
4日,日本,羽田,日本,中部,21:30,30,11,1440000,30000,48,小規模運航,120,2100000,1,1,4,35,40,82.4103399
4日,日本,羽田,日本,中部,22:00,30,11,1230000,30000,41,小規模運航,120,2100000,1,1,4,35,40,94.2408262
4日,日本,羽田,日本,中部,22:30,30,11,1080000,30000,36,小規模運航,120,2100000,1,1,4,35,40,78.0625286
5日,日本,羽田,日本,中部,07:00,30,11,1080000,30000,36,小規模運航,120,2100000,1,1,4,35,40,96.4526348
5日,日本,羽田,日本,中部,07:30,30,11,1050000,30000,35,小規模運航,120,2100000,1,1,4,35,40,95.9965453
5日,日本,羽田,日本,中部,08:00,30,11,1680000,30000,56,小規模運航,120,2100000,1,1,4,35,40,93.4694894
5日,日本,羽田,日本,中部,08:30,30,11,1680000,30000,56,小規模運航,120,2100000,1,1,4,35,40,98.636775
5日,日本,羽田,日本,中部,09:00,30,11,1590000,30000,53,小規模運航,120,2100000,1,1,4,35,40,95.4677338
5日,日本,羽田,日本,中部,09:30,30,11,1650000,30000,55,小規模運航,120,2100000,1,1,4,35,40,85.1842033
5日,日本,羽田,日本,中部,10:00,30,11,1350000,30000,45,小規模運航,120,2100000,1,1,4,35,40,83.0948083
5日,日本,羽田,日本,中部,10:30,30,11,1500000,30000,50,小規模運航,120,2100000,1,1,4,35,40,98.1687251
5日,日本,羽田,日本,中部,11:00,30,11,1290000,30000,43,小規模運航,120,2100000,1,1,4,35,40,92.7357257
5日,日本,羽田,日本,中部,11:30,30,11,1290000,30000,43,小規模運航,120,2100000,1,1,4,35,40,89.8047889
5日,日本,羽田,日本,中部,12:00,30,11,1440000,30000,48,小規模運航,120,2100000,1,1,4,35,40,90.2527804
5日,日本,羽田,日本,中部,12:30,30,11,1470000,30000,49,小規模運航,120,2100000,1,1,4,35,40,91.5584335
5日,日本,羽田,日本,中部,13:00,30,11,1290000,30000,43,小規模運航,120,2100000,1,1,4,35,40,84.6294196
5日,日本,羽田,日本,中部,13:30,30,11,1500000,30000,50,小規模運航,120,2100000,1,1,4,35,40,97.0313748
5日,日本,羽田,日本,中部,14:00,30,11,1260000,30000,42,小規模運航,120,2100000,1,1,4,35,40,98.2198021
5日,日本,羽田,日本,中部,14:30,30,11,1320000,30000,44,小規模運航,120,2100000,1,1,4,35,40,78.3305594
5日,日本,羽田,日本,中部,15:00,30,11,1350000,30000,45,小規模運航,120,2100000,1,1,4,35,40,93.2686999
5日,日本,羽田,日本,中部,15:30,30,11,1380000,30000,46,小規模運航,120,2100000,1,1,4,35,40,89.2844546
5日,日本,羽田,日本,中部,16:00,30,11,1500000,30000,50,小規模運航,120,2100000,1,1,4,35,40,96.0315332
5日,日本,羽田,日本,中部,16:30,30,11,1530000,30000,51,小規模運航,120,2100000,1,1,4,35,40,93.0187757
5日,日本,羽田,日本,中部,17:00,30,11,1710000,30000,57,小規模運航,120,2100000,1,1,4,35,40,98.9621065
5日,日本,羽田,日本,中部,17:30,30,11,1560000,30000,52,小規模運航,120,2100000,1,1,4,35,40,84.3532546
5日,日本,羽田,日本,中部,18:00,30,11,1680000,30000,56,小規模運航,120,2100000,1,1,4,35,40,94.3617177
5日,日本,羽田,日本,中部,18:30,30,11,1800000,30000,60,小規模運航,120,2100000,1,1,4,35,40,93.3988533
5日,日本,羽田,日本,中部,19:00,30,11,1740000,30000,58,小規模運航,120,2100000,1,1,4,35,40,98.4720241
5日,日本,羽田,日本,中部,19:30,30,11,1710000,30000,57,小規模運航,120,2100000,1,1,4,35,40,98.8679171
5日,日本,羽田,日本,中部,20:00,30,11,1350000,30000,45,小規模運航,120,2100000,1,1,4,35,40,98.5638324
5日,日本,羽田,日本,中部,20:30,30,11,1320000,30000,44,小規模運航,120,2100000,1,1,4,35,40,82.7044843
5日,日本,羽田,日本,中部,21:00,30,11,1410000,30000,47,小規模運航,120,2100000,1,1,4,35,40,87.7511403
5日,日本,羽田,日本,中部,21:30,30,11,1320000,30000,44,小規模運航,120,2100000,1,1,4,35,40,95.4670435
5日,日本,羽田,日本,中部,22:00,30,11,1050000,30000,35,小規模運航,120,2100000,1,1,4,35,40,97.15015
5日,日本,羽田,日本,中部,22:30,30,11,1020000,30000,34,小規模運航,120,2100000,1,1,4,35,40,89.4765126
6日,日本,羽田,日本,中部,07:00,30,11,1200000,30000,40,小規模運航,120,2100000,1,1,4,35,40,79.4752261
6日,日本,羽田,日本,中部,07:30,30,11,1200000,30000,40,小規模運航,120,2100000,1,1,4,35,40,97.5489535
6日,日本,羽田,日本,中部,08:00,30,11,1800000,30000,60,小規模運航,120,2100000,1,1,4,35,40,93.4520297
6日,日本,羽田,日本,中部,08:30,30,11,1770000,30000,59,小規模運航,120,2100000,1,1,4,35,40,98.2162213
6日,日本,羽田,日本,中部,09:00,30,11,1590000,30000,53,小規模運航,120,2100000,1,1,4,35,40,95.4677338
6日,日本,羽田,日本,中部,09:30,30,11,1740000,30000,58,小規模運航,120,2100000,1,1,4,35,40,98.5705513
6日,日本,羽田,日本,中部,10:00,30,11,1320000,30000,44,小規模運航,120,2100000,1,1,4,35,40,93.3488241
6日,日本,羽田,日本,中部,10:30,30,11,1410000,30000,47,小規模運航,120,2100000,1,1,4,35,40,97.986839
6日,日本,羽田,日本,中部,11:00,30,11,1350000,30000,45,小規模運航,120,2100000,1,1,4,35,40,97.7975584
6日,日本,羽田,日本,中部,11:30,30,11,1500000,30000,50,小規模運航,120,2100000,1,1,4,35,40,93.2438925
6日,日本,羽田,日本,中部,12:00,30,11,1260000,30000,42,小規模運航,120,2100000,1,1,4,35,40,98.1973597
6日,日本,羽田,日本,中部,12:30,30,11,1260000,30000,42,小規模運航,120,2100000,1,1,4,35,40,96.6163686
6日,日本,羽田,日本,中部,13:00,30,11,1320000,30000,44,小規模運航,120,2100000,1,1,4,35,40,96.319326
6日,日本,羽田,日本,中部,13:30,30,11,1440000,30000,48,小規模運航,120,2100000,1,1,4,35,40,95.6332278
6日,日本,羽田,日本,中部,14:00,30,11,1440000,30000,48,小規模運航,120,2100000,1,1,4,35,40,79.4006282
6日,日本,羽田,日本,中部,14:30,30,11,1260000,30000,42,小規模運航,120,2100000,1,1,4,35,40,83.5086127
6日,日本,羽田,日本,中部,15:00,30,11,1500000,30000,50,小規模運航,120,2100000,1,1,4,35,40,96.240318
6日,日本,羽田,日本,中部,15:30,30,11,1350000,30000,45,小規模運航,120,2100000,1,1,4,35,40,95.0616077
6日,日本,羽田,日本,中部,16:00,30,11,1380000,30000,46,小規模運航,120,2100000,1,1,4,35,40,92.6790051
6日,日本,羽田,日本,中部,16:30,30,11,1440000,30000,48,小規模運航,120,2100000,1,1,4,35,40,93.572171
6日,日本,羽田,日本,中部,17:00,30,11,1680000,30000,56,小規模運航,120,2100000,1,1,4,35,40,95.8196195
6日,日本,羽田,日本,中部,17:30,30,11,1770000,30000,59,小規模運航,120,2100000,1,1,4,35,40,88.0144803
6日,日本,羽田,日本,中部,18:00,30,11,1650000,30000,55,小規模運航,120,2100000,1,1,4,35,40,82.9452431
6日,日本,羽田,日本,中部,18:30,30,11,1650000,30000,55,小規模運航,120,2100000,1,1,4,35,40,98.6784105
6日,日本,羽田,日本,中部,19:00,30,11,1800000,30000,60,小規模運航,120,2100000,1,1,4,35,40,95.3508855
6日,日本,羽田,日本,中部,19:30,30,11,1680000,30000,56,小規模運航,120,2100000,1,1,4,35,40,96.9767097
6日,日本,羽田,日本,中部,20:00,30,11,1500000,30000,50,小規模運航,120,2100000,1,1,4,35,40,92.8335749
6日,日本,羽田,日本,中部,20:30,30,11,1290000,30000,43,小規模運航,120,2100000,1,1,4,35,40,81.048246
6日,日本,羽田,日本,中部,21:00,30,11,1440000,30000,48,小規模運航,120,2100000,1,1,4,35,40,93.4349847
6日,日本,羽田,日本,中部,21:30,30,11,1320000,30000,44,小規模運航,120,2100000,1,1,4,35,40,95.4670435
6日,日本,羽田,日本,中部,22:00,30,11,1200000,30000,40,小規模運航,120,2100000,1,1,4,35,40,97.8433769
6日,日本,羽田,日本,中部,22:30,30,11,1020000,30000,34,小規模運航,120,2100000,1,1,4,35,40,89.4765126
7日,日本,羽田,日本,中部,07:00,30,11,1050000,30000,35,小規模運航,120,2100000,1,1,4,35,40,69.9626654
7日,日本,羽田,日本,中部,07:30,30,11,1110000,30000,37,小規模運航,120,2100000,1,1,4,35,40,80.5991516
7日,日本,羽田,日本,中部,08:00,30,11,1740000,30000,58,小規模運航,120,2100000,1,1,4,35,40,97.0108202
7日,日本,羽田,日本,中部,08:30,30,11,1800000,30000,60,小規模運航,120,2100000,1,1,4,35,40,93.7747628
7日,日本,羽田,日本,中部,09:00,30,11,1770000,30000,59,小規模運航,120,2100000,1,1,4,35,40,97.9305397
7日,日本,羽田,日本,中部,09:30,30,11,1800000,30000,60,小規模運航,120,2100000,1,1,4,35,40,96.3374404
7日,日本,羽田,日本,中部,10:00,30,11,1410000,30000,47,小規模運航,120,2100000,1,1,4,35,40,79.107171
7日,日本,羽田,日本,中部,10:30,30,11,1260000,30000,42,小規模運航,120,2100000,1,1,4,35,40,97.8775251
7日,日本,羽田,日本,中部,11:00,30,11,1350000,30000,45,小規模運航,120,2100000,1,1,4,35,40,97.7975584
7日,日本,羽田,日本,中部,11:30,30,11,1320000,30000,44,小規模運航,120,2100000,1,1,4,35,40,97.6162965
7日,日本,羽田,日本,中部,12:00,30,11,1290000,30000,43,小規模運航,120,2100000,1,1,4,35,40,97.8348021
7日,日本,羽田,日本,中部,12:30,30,11,1470000,30000,49,小規模運航,120,2100000,1,1,4,35,40,91.5584335
7日,日本,羽田,日本,中部,13:00,30,11,1410000,30000,47,小規模運航,120,2100000,1,1,4,35,40,93.8274883
7日,日本,羽田,日本,中部,13:30,30,11,1500000,30000,50,小規模運航,120,2100000,1,1,4,35,40,97.0313748
7日,日本,羽田,日本,中部,14:00,30,11,1350000,30000,45,小規模運航,120,2100000,1,1,4,35,40,94.1308482
7日,日本,羽田,日本,中部,14:30,30,11,1260000,30000,42,小規模運航,120,2100000,1,1,4,35,40,83.5086127
7日,日本,羽田,日本,中部,15:00,30,11,1410000,30000,47,小規模運航,120,2100000,1,1,4,35,40,83.8718287
7日,日本,羽田,日本,中部,15:30,30,11,1290000,30000,43,小規模運航,120,2100000,1,1,4,35,40,83.211813
7日,日本,羽田,日本,中部,16:00,30,11,1500000,30000,50,小規模運航,120,2100000,1,1,4,35,40,96.0315332
7日,日本,羽田,日本,中部,16:30,30,11,1470000,30000,49,小規模運航,120,2100000,1,1,4,35,40,94.5645678
7日,日本,羽田,日本,中部,17:00,30,11,1710000,30000,57,小規模運航,120,2100000,1,1,4,35,40,98.9621065
7日,日本,羽田,日本,中部,17:30,30,11,1530000,30000,51,小規模運航,120,2100000,1,1,4,35,40,95.4860661
7日,日本,羽田,日本,中部,18:00,30,11,1740000,30000,58,小規模運航,120,2100000,1,1,4,35,40,93.4685478
7日,日本,羽田,日本,中部,18:30,30,11,1710000,30000,57,小規模運航,120,2100000,1,1,4,35,40,89.8753305
7日,日本,羽田,日本,中部,19:00,30,11,1620000,30000,54,小規模運航,120,2100000,1,1,4,35,40,98.6777162
7日,日本,羽田,日本,中部,19:30,30,11,1620000,30000,54,小規模運航,120,2100000,1,1,4,35,40,70.4902346
7日,日本,羽田,日本,中部,20:00,30,11,1500000,30000,50,小規模運航,120,2100000,1,1,4,35,40,92.8335749
7日,日本,羽田,日本,中部,20:30,30,11,1470000,30000,49,小規模運航,120,2100000,1,1,4,35,40,96.5835232
7日,日本,羽田,日本,中部,21:00,30,11,1320000,30000,44,小規模運航,120,2100000,1,1,4,35,40,78.5733983
7日,日本,羽田,日本,中部,21:30,30,11,1260000,30000,42,小規模運航,120,2100000,1,1,4,35,40,83.5482624
7日,日本,羽田,日本,中部,22:00,30,11,1050000,30000,35,小規模運航,120,2100000,1,1,4,35,40,97.15015
7日,日本,羽田,日本,中部,22:30,30,11,1260000,30000,42,小規模運航,120,2100000,1,1,4,35,40,94.8503774
8日,日本,羽田,日本,中部,07:00,30,11,1230000,30000,41,小規模運航,120,2100000,1,1,4,35,40,72.3421466
8日,日本,羽田,日本,中部,07:30,30,11,1050000,30000,35,小規模運航,120,2100000,1,1,4,35,40,95.9965453
8日,日本,羽田,日本,中部,08:00,30,11,1770000,30000,59,小規模運航,120,2100000,1,1,4,35,40,96.8313188
8日,日本,羽田,日本,中部,08:30,30,11,1530000,30000,51,小規模運航,120,2100000,1,1,4,35,40,92.2289756
8日,日本,羽田,日本,中部,09:00,30,11,1650000,30000,55,小規模運航,120,2100000,1,1,4,35,40,89.9037096
8日,日本,羽田,日本,中部,09:30,30,11,1800000,30000,60,小規模運航,120,2100000,1,1,4,35,40,96.3374404
8日,日本,羽田,日本,中部,10:00,30,11,1260000,30000,42,小規模運航,120,2100000,1,1,4,35,40,95.1699587
8日,日本,羽田,日本,中部,10:30,30,11,1410000,30000,47,小規模運航,120,2100000,1,1,4,35,40,97.986839
8日,日本,羽田,日本,中部,11:00,30,11,1410000,30000,47,小規模運航,120,2100000,1,1,4,35,40,94.1926482
8日,日本,羽田,日本,中部,11:30,30,11,1380000,30000,46,小規模運航,120,2100000,1,1,4,35,40,95.6400822
8日,日本,羽田,日本,中部,12:00,30,11,1290000,30000,43,小規模運航,120,2100000,1,1,4,35,40,97.8348021
8日,日本,羽田,日本,中部,12:30,30,11,1440000,30000,48,小規模運航,120,2100000,1,1,4,35,40,89.6638497
8日,日本,羽田,日本,中部,13:00,30,11,1440000,30000,48,小規模運航,120,2100000,1,1,4,35,40,93.8019449
8日,日本,羽田,日本,中部,13:30,30,11,1350000,30000,45,小規模運航,120,2100000,1,1,4,35,40,84.182077
8日,日本,羽田,日本,中部,14:00,30,11,1410000,30000,47,小規模運航,120,2100000,1,1,4,35,40,98.5072415
8日,日本,羽田,日本,中部,14:30,30,11,1410000,30000,47,小規模運航,120,2100000,1,1,4,35,40,92.1743121
8日,日本,羽田,日本,中部,15:00,30,11,1350000,30000,45,小規模運航,120,2100000,1,1,4,35,40,93.2686999
8日,日本,羽田,日本,中部,15:30,30,11,1410000,30000,47,小規模運航,120,2100000,1,1,4,35,40,97.758487
8日,日本,羽田,日本,中部,16:00,30,11,1410000,30000,47,小規模運航,120,2100000,1,1,4,35,40,72.3549556
8日,日本,羽田,日本,中部,16:30,30,11,1260000,30000,42,小規模運航,120,2100000,1,1,4,35,40,88.5638771
8日,日本,羽田,日本,中部,17:00,30,11,1770000,30000,59,小規模運航,120,2100000,1,1,4,35,40,98.4392033
8日,日本,羽田,日本,中部,17:30,30,11,1770000,30000,59,小規模運航,120,2100000,1,1,4,35,40,88.0144803
8日,日本,羽田,日本,中部,18:00,30,11,1680000,30000,56,小規模運航,120,2100000,1,1,4,35,40,94.3617177
8日,日本,羽田,日本,中部,18:30,30,11,1680000,30000,56,小規模運航,120,2100000,1,1,4,35,40,94.085251
8日,日本,羽田,日本,中部,19:00,30,11,1710000,30000,57,小規模運航,120,2100000,1,1,4,35,40,94.8936984
8日,日本,羽田,日本,中部,19:30,30,11,1800000,30000,60,小規模運航,120,2100000,1,1,4,35,40,98.3709833
8日,日本,羽田,日本,中部,20:00,30,11,1350000,30000,45,小規模運航,120,2100000,1,1,4,35,40,98.5638324
8日,日本,羽田,日本,中部,20:30,30,11,1380000,30000,46,小規模運航,120,2100000,1,1,4,35,40,78.7592435
8日,日本,羽田,日本,中部,21:00,30,11,1350000,30000,45,小規模運航,120,2100000,1,1,4,35,40,94.9940916
8日,日本,羽田,日本,中部,21:30,30,11,1410000,30000,47,小規模運航,120,2100000,1,1,4,35,40,78.9857053
8日,日本,羽田,日本,中部,22:00,30,11,1200000,30000,40,小規模運航,120,2100000,1,1,4,35,40,97.8433769
8日,日本,羽田,日本,中部,22:30,30,11,1050000,30000,35,小規模運航,120,2100000,1,1,4,35,40,93.5130792
9日,日本,羽田,日本,中部,07:00,30,11,1230000,30000,41,小規模運航,120,2100000,1,1,4,35,40,72.3421466
9日,日本,羽田,日本,中部,07:30,30,11,1260000,30000,42,小規模運航,120,2100000,1,1,4,35,40,93.1292384
9日,日本,羽田,日本,中部,08:00,30,11,1590000,30000,53,小規模運航,120,2100000,1,1,4,35,40,96.755708
9日,日本,羽田,日本,中部,08:30,30,11,1620000,30000,54,小規模運航,120,2100000,1,1,4,35,40,92.2323427
9日,日本,羽田,日本,中部,09:00,30,11,1800000,30000,60,小規模運航,120,2100000,1,1,4,35,40,90.1135653
9日,日本,羽田,日本,中部,09:30,30,11,1680000,30000,56,小規模運航,120,2100000,1,1,4,35,40,98.4035673
9日,日本,羽田,日本,中部,10:00,30,11,1290000,30000,43,小規模運航,120,2100000,1,1,4,35,40,96.0735594
9日,日本,羽田,日本,中部,10:30,30,11,1410000,30000,47,小規模運航,120,2100000,1,1,4,35,40,97.986839
9日,日本,羽田,日本,中部,11:00,30,11,1410000,30000,47,小規模運航,120,2100000,1,1,4,35,40,94.1926482
9日,日本,羽田,日本,中部,11:30,30,11,1440000,30000,48,小規模運航,120,2100000,1,1,4,35,40,87.0552647
9日,日本,羽田,日本,中部,12:00,30,11,1320000,30000,44,小規模運航,120,2100000,1,1,4,35,40,93.6433245
9日,日本,羽田,日本,中部,12:30,30,11,1320000,30000,44,小規模運航,120,2100000,1,1,4,35,40,98.1617706
9日,日本,羽田,日本,中部,13:00,30,11,1260000,30000,42,小規模運航,120,2100000,1,1,4,35,40,95.7660872
9日,日本,羽田,日本,中部,13:30,30,11,1410000,30000,47,小規模運航,120,2100000,1,1,4,35,40,92.239994
9日,日本,羽田,日本,中部,14:00,30,11,1410000,30000,47,小規模運航,120,2100000,1,1,4,35,40,98.5072415
9日,日本,羽田,日本,中部,14:30,30,11,1320000,30000,44,小規模運航,120,2100000,1,1,4,35,40,78.3305594
9日,日本,羽田,日本,中部,15:00,30,11,1290000,30000,43,小規模運航,120,2100000,1,1,4,35,40,98.0780701
9日,日本,羽田,日本,中部,15:30,30,11,1500000,30000,50,小規模運航,120,2100000,1,1,4,35,40,95.8925956
9日,日本,羽田,日本,中部,16:00,30,11,1320000,30000,44,小規模運航,120,2100000,1,1,4,35,40,91.4844267
9日,日本,羽田,日本,中部,16:30,30,11,1410000,30000,47,小規模運航,120,2100000,1,1,4,35,40,82.6983805
9日,日本,羽田,日本,中部,17:00,30,11,1770000,30000,59,小規模運航,120,2100000,1,1,4,35,40,98.4392033
9日,日本,羽田,日本,中部,17:30,30,11,1530000,30000,51,小規模運航,120,2100000,1,1,4,35,40,95.4860661
9日,日本,羽田,日本,中部,18:00,30,11,1740000,30000,58,小規模運航,120,2100000,1,1,4,35,40,93.4685478
9日,日本,羽田,日本,中部,18:30,30,11,1770000,30000,59,小規模運航,120,2100000,1,1,4,35,40,95.787962
9日,日本,羽田,日本,中部,19:00,30,11,1710000,30000,57,小規模運航,120,2100000,1,1,4,35,40,94.8936984
9日,日本,羽田,日本,中部,19:30,30,11,1560000,30000,52,小規模運航,120,2100000,1,1,4,35,40,96.9629872
9日,日本,羽田,日本,中部,20:00,30,11,1290000,30000,43,小規模運航,120,2100000,1,1,4,35,40,97.1100892
9日,日本,羽田,日本,中部,20:30,30,11,1350000,30000,45,小規模運航,120,2100000,1,1,4,35,40,79.3477593
9日,日本,羽田,日本,中部,21:00,30,11,1410000,30000,47,小規模運航,120,2100000,1,1,4,35,40,87.7511403
9日,日本,羽田,日本,中部,21:30,30,11,1440000,30000,48,小規模運航,120,2100000,1,1,4,35,40,82.4103399
9日,日本,羽田,日本,中部,22:00,30,11,990000,30000,33,小規模運航,120,2100000,1,1,4,35,40,92.5303148
9日,日本,羽田,日本,中部,22:30,30,11,1200000,30000,40,小規模運航,120,2100000,1,1,4,35,40,89.7759769
10日,日本,羽田,日本,中部,07:00,30,11,1080000,30000,36,小規模運航,120,2100000,1,1,4,35,40,96.4526348
10日,日本,羽田,日本,中部,07:30,30,11,1020000,30000,34,小規模運航,120,2100000,1,1,4,35,40,96.7083787
10日,日本,羽田,日本,中部,08:00,30,11,1620000,30000,54,小規模運航,120,2100000,1,1,4,35,40,91.0383162
10日,日本,羽田,日本,中部,08:30,30,11,1680000,30000,56,小規模運航,120,2100000,1,1,4,35,40,98.636775
10日,日本,羽田,日本,中部,09:00,30,11,1650000,30000,55,小規模運航,120,2100000,1,1,4,35,40,89.9037096
10日,日本,羽田,日本,中部,09:30,30,11,1770000,30000,59,小規模運航,120,2100000,1,1,4,35,40,96.4610979
10日,日本,羽田,日本,中部,10:00,30,11,1290000,30000,43,小規模運航,120,2100000,1,1,4,35,40,96.0735594
10日,日本,羽田,日本,中部,10:30,30,11,1350000,30000,45,小規模運航,120,2100000,1,1,4,35,40,93.9600592
10日,日本,羽田,日本,中部,11:00,30,11,1260000,30000,42,小規模運航,120,2100000,1,1,4,35,40,97.0677384
10日,日本,羽田,日本,中部,11:30,30,11,1530000,30000,51,小規模運航,120,2100000,1,1,4,35,40,78.0796791
10日,日本,羽田,日本,中部,12:00,30,11,1320000,30000,44,小規模運航,120,2100000,1,1,4,35,40,93.6433245
10日,日本,羽田,日本,中部,12:30,30,11,1440000,30000,48,小規模運航,120,2100000,1,1,4,35,40,89.6638497
10日,日本,羽田,日本,中部,13:00,30,11,1320000,30000,44,小規模運航,120,2100000,1,1,4,35,40,96.319326
10日,日本,羽田,日本,中部,13:30,30,11,1350000,30000,45,小規模運航,120,2100000,1,1,4,35,40,84.182077
10日,日本,羽田,日本,中部,14:00,30,11,1260000,30000,42,小規模運航,120,2100000,1,1,4,35,40,98.2198021
10日,日本,羽田,日本,中部,14:30,30,11,1350000,30000,45,小規模運航,120,2100000,1,1,4,35,40,97.1260845
10日,日本,羽田,日本,中部,15:00,30,11,1260000,30000,42,小規模運航,120,2100000,1,1,4,35,40,93.4026861
10日,日本,羽田,日本,中部,15:30,30,11,1440000,30000,48,小規模運航,120,2100000,1,1,4,35,40,80.0009246
10日,日本,羽田,日本,中部,16:00,30,11,1410000,30000,47,小規模運航,120,2100000,1,1,4,35,40,72.3549556
10日,日本,羽田,日本,中部,16:30,30,11,1410000,30000,47,小規模運航,120,2100000,1,1,4,35,40,82.6983805
10日,日本,羽田,日本,中部,17:00,30,11,1680000,30000,56,小規模運航,120,2100000,1,1,4,35,40,95.8196195
10日,日本,羽田,日本,中部,17:30,30,11,1650000,30000,55,小規模運航,120,2100000,1,1,4,35,40,92.4045686
10日,日本,羽田,日本,中部,18:00,30,11,1710000,30000,57,小規模運航,120,2100000,1,1,4,35,40,98.1397793
10日,日本,羽田,日本,中部,18:30,30,11,1710000,30000,57,小規模運航,120,2100000,1,1,4,35,40,89.8753305
10日,日本,羽田,日本,中部,19:00,30,11,1650000,30000,55,小規模運航,120,2100000,1,1,4,35,40,94.2761101
10日,日本,羽田,日本,中部,19:30,30,11,1650000,30000,55,小規模運航,120,2100000,1,1,4,35,40,79.6887927
10日,日本,羽田,日本,中部,20:00,30,11,1320000,30000,44,小規模運航,120,2100000,1,1,4,35,40,81.5939812
10日,日本,羽田,日本,中部,20:30,30,11,1320000,30000,44,小規模運航,120,2100000,1,1,4,35,40,82.7044843
10日,日本,羽田,日本,中部,21:00,30,11,1320000,30000,44,小規模運航,120,2100000,1,1,4,35,40,78.5733983
10日,日本,羽田,日本,中部,21:30,30,11,1320000,30000,44,小規模運航,120,2100000,1,1,4,35,40,95.4670435
10日,日本,羽田,日本,中部,22:00,30,11,1170000,30000,39,小規模運航,120,2100000,1,1,4,35,40,75.9862733
10日,日本,羽田,日本,中部,22:30,30,11,1050000,30000,35,小規模運航,120,2100000,1,1,4,35,40,93.5130792
11日,日本,羽田,日本,中部,07:00,30,11,1050000,30000,35,小規模運航,120,2100000,1,1,4,35,40,69.9626654
11日,日本,羽田,日本,中部,07:30,30,11,1200000,30000,40,小規模運航,120,2100000,1,1,4,35,40,97.5489535
11日,日本,羽田,日本,中部,08:00,30,11,1770000,30000,59,小規模運航,120,2100000,1,1,4,35,40,96.8313188
11日,日本,羽田,日本,中部,08:30,30,11,1740000,30000,58,小規模運航,120,2100000,1,1,4,35,40,97.7897727
11日,日本,羽田,日本,中部,09:00,30,11,1710000,30000,57,小規模運航,120,2100000,1,1,4,35,40,98.5394858
11日,日本,羽田,日本,中部,09:30,30,11,1740000,30000,58,小規模運航,120,2100000,1,1,4,35,40,98.5705513
11日,日本,羽田,日本,中部,10:00,30,11,1470000,30000,49,小規模運航,120,2100000,1,1,4,35,40,93.2504149
11日,日本,羽田,日本,中部,10:30,30,11,1440000,30000,48,小規模運航,120,2100000,1,1,4,35,40,92.9612803
11日,日本,羽田,日本,中部,11:00,30,11,1290000,30000,43,小規模運航,120,2100000,1,1,4,35,40,92.7357257
11日,日本,羽田,日本,中部,11:30,30,11,1290000,30000,43,小規模運航,120,2100000,1,1,4,35,40,89.8047889
11日,日本,羽田,日本,中部,12:00,30,11,1530000,30000,51,小規模運航,120,2100000,1,1,4,35,40,94.7246548
11日,日本,羽田,日本,中部,12:30,30,11,1410000,30000,47,小規模運航,120,2100000,1,1,4,35,40,91.981997
11日,日本,羽田,日本,中部,13:00,30,11,1470000,30000,49,小規模運航,120,2100000,1,1,4,35,40,98.5289212
11日,日本,羽田,日本,中部,13:30,30,11,1260000,30000,42,小規模運航,120,2100000,1,1,4,35,40,97.6881474
11日,日本,羽田,日本,中部,14:00,30,11,1380000,30000,46,小規模運航,120,2100000,1,1,4,35,40,87.4883889
11日,日本,羽田,日本,中部,14:30,30,11,1440000,30000,48,小規模運航,120,2100000,1,1,4,35,40,98.6300796
11日,日本,羽田,日本,中部,15:00,30,11,1530000,30000,51,小規模運航,120,2100000,1,1,4,35,40,98.5198699
11日,日本,羽田,日本,中部,15:30,30,11,1380000,30000,46,小規模運航,120,2100000,1,1,4,35,40,89.2844546
11日,日本,羽田,日本,中部,16:00,30,11,1500000,30000,50,小規模運航,120,2100000,1,1,4,35,40,96.0315332
11日,日本,羽田,日本,中部,16:30,30,11,1350000,30000,45,小規模運航,120,2100000,1,1,4,35,40,95.4920328
11日,日本,羽田,日本,中部,17:00,30,11,1710000,30000,57,小規模運航,120,2100000,1,1,4,35,40,98.9621065
11日,日本,羽田,日本,中部,17:30,30,11,1770000,30000,59,小規模運航,120,2100000,1,1,4,35,40,88.0144803
11日,日本,羽田,日本,中部,18:00,30,11,1740000,30000,58,小規模運航,120,2100000,1,1,4,35,40,93.4685478
11日,日本,羽田,日本,中部,18:30,30,11,1590000,30000,53,小規模運航,120,2100000,1,1,4,35,40,94.2011589
11日,日本,羽田,日本,中部,19:00,30,11,1710000,30000,57,小規模運航,120,2100000,1,1,4,35,40,94.8936984
11日,日本,羽田,日本,中部,19:30,30,11,1560000,30000,52,小規模運航,120,2100000,1,1,4,35,40,96.9629872
11日,日本,羽田,日本,中部,20:00,30,11,1470000,30000,49,小規模運航,120,2100000,1,1,4,35,40,96.9207943
11日,日本,羽田,日本,中部,20:30,30,11,1410000,30000,47,小規模運航,120,2100000,1,1,4,35,40,92.6733428
11日,日本,羽田,日本,中部,21:00,30,11,1530000,30000,51,小規模運航,120,2100000,1,1,4,35,40,95.1418663
11日,日本,羽田,日本,中部,21:30,30,11,1470000,30000,49,小規模運航,120,2100000,1,1,4,35,40,95.8631653
11日,日本,羽田,日本,中部,22:00,30,11,1200000,30000,40,小規模運航,120,2100000,1,1,4,35,40,97.8433769
11日,日本,羽田,日本,中部,22:30,30,11,1020000,30000,34,小規模運航,120,2100000,1,1,4,35,40,89.4765126
12日,日本,羽田,日本,中部,07:00,30,11,1170000,30000,39,小規模運航,120,2100000,1,1,4,35,40,95.7838748
12日,日本,羽田,日本,中部,07:30,30,11,1080000,30000,36,小規模運航,120,2100000,1,1,4,35,40,96.307062
12日,日本,羽田,日本,中部,08:00,30,11,1650000,30000,55,小規模運航,120,2100000,1,1,4,35,40,98.3560875
12日,日本,羽田,日本,中部,08:30,30,11,1530000,30000,51,小規模運航,120,2100000,1,1,4,35,40,92.2289756
12日,日本,羽田,日本,中部,09:00,30,11,1620000,30000,54,小規模運航,120,2100000,1,1,4,35,40,83.4112966
12日,日本,羽田,日本,中部,09:30,30,11,1710000,30000,57,小規模運航,120,2100000,1,1,4,35,40,98.0064262
12日,日本,羽田,日本,中部,10:00,30,11,1350000,30000,45,小規模運航,120,2100000,1,1,4,35,40,83.0948083
12日,日本,羽田,日本,中部,10:30,30,11,1470000,30000,49,小規模運航,120,2100000,1,1,4,35,40,85.5862992
12日,日本,羽田,日本,中部,11:00,30,11,1320000,30000,44,小規模運航,120,2100000,1,1,4,35,40,85.4285811
12日,日本,羽田,日本,中部,11:30,30,11,1440000,30000,48,小規模運航,120,2100000,1,1,4,35,40,87.0552647
12日,日本,羽田,日本,中部,12:00,30,11,1260000,30000,42,小規模運航,120,2100000,1,1,4,35,40,98.1973597
12日,日本,羽田,日本,中部,12:30,30,11,1500000,30000,50,小規模運航,120,2100000,1,1,4,35,40,98.223059
12日,日本,羽田,日本,中部,13:00,30,11,1500000,30000,50,小規模運航,120,2100000,1,1,4,35,40,94.3078367
12日,日本,羽田,日本,中部,13:30,30,11,1290000,30000,43,小規模運航,120,2100000,1,1,4,35,40,95.961988
12日,日本,羽田,日本,中部,14:00,30,11,1500000,30000,50,小規模運航,120,2100000,1,1,4,35,40,96.2120929
12日,日本,羽田,日本,中部,14:30,30,11,1500000,30000,50,小規模運航,120,2100000,1,1,4,35,40,91.895545
12日,日本,羽田,日本,中部,15:00,30,11,1350000,30000,45,小規模運航,120,2100000,1,1,4,35,40,93.2686999
12日,日本,羽田,日本,中部,15:30,30,11,1500000,30000,50,小規模運航,120,2100000,1,1,4,35,40,95.8925956
12日,日本,羽田,日本,中部,16:00,30,11,1410000,30000,47,小規模運航,120,2100000,1,1,4,35,40,72.3549556
12日,日本,羽田,日本,中部,16:30,30,11,1380000,30000,46,小規模運航,120,2100000,1,1,4,35,40,95.1242669
12日,日本,羽田,日本,中部,17:00,30,11,1650000,30000,55,小規模運航,120,2100000,1,1,4,35,40,95.3938781
12日,日本,羽田,日本,中部,17:30,30,11,1650000,30000,55,小規模運航,120,2100000,1,1,4,35,40,92.4045686
12日,日本,羽田,日本,中部,18:00,30,11,1770000,30000,59,小規模運航,120,2100000,1,1,4,35,40,98.7401441
12日,日本,羽田,日本,中部,18:30,30,11,1740000,30000,58,小規模運航,120,2100000,1,1,4,35,40,98.484616
12日,日本,羽田,日本,中部,19:00,30,11,1590000,30000,53,小規模運航,120,2100000,1,1,4,35,40,88.36839
12日,日本,羽田,日本,中部,19:30,30,11,1680000,30000,56,小規模運航,120,2100000,1,1,4,35,40,96.9767097
12日,日本,羽田,日本,中部,20:00,30,11,1290000,30000,43,小規模運航,120,2100000,1,1,4,35,40,97.1100892
12日,日本,羽田,日本,中部,20:30,30,11,1380000,30000,46,小規模運航,120,2100000,1,1,4,35,40,78.7592435
12日,日本,羽田,日本,中部,21:00,30,11,1320000,30000,44,小規模運航,120,2100000,1,1,4,35,40,78.5733983
12日,日本,羽田,日本,中部,21:30,30,11,1410000,30000,47,小規模運航,120,2100000,1,1,4,35,40,78.9857053
12日,日本,羽田,日本,中部,22:00,30,11,990000,30000,33,小規模運航,120,2100000,1,1,4,35,40,92.5303148
12日,日本,羽田,日本,中部,22:30,30,11,1050000,30000,35,小規模運航,120,2100000,1,1,4,35,40,93.5130792
13日,日本,羽田,日本,中部,07:00,30,11,1140000,30000,38,小規模運航,120,2100000,1,1,4,35,40,90.0865604
13日,日本,羽田,日本,中部,07:30,30,11,1020000,30000,34,小規模運航,120,2100000,1,1,4,35,40,96.7083787
13日,日本,羽田,日本,中部,08:00,30,11,1590000,30000,53,小規模運航,120,2100000,1,1,4,35,40,96.755708
13日,日本,羽田,日本,中部,08:30,30,11,1800000,30000,60,小規模運航,120,2100000,1,1,4,35,40,93.7747628
13日,日本,羽田,日本,中部,09:00,30,11,1560000,30000,52,小規模運航,120,2100000,1,1,4,35,40,95.6837298
13日,日本,羽田,日本,中部,09:30,30,11,1680000,30000,56,小規模運航,120,2100000,1,1,4,35,40,98.4035673
13日,日本,羽田,日本,中部,10:00,30,11,1470000,30000,49,小規模運航,120,2100000,1,1,4,35,40,93.2504149
13日,日本,羽田,日本,中部,10:30,30,11,1410000,30000,47,小規模運航,120,2100000,1,1,4,35,40,97.986839
13日,日本,羽田,日本,中部,11:00,30,11,1470000,30000,49,小規模運航,120,2100000,1,1,4,35,40,95.6557952
13日,日本,羽田,日本,中部,11:30,30,11,1500000,30000,50,小規模運航,120,2100000,1,1,4,35,40,93.2438925
13日,日本,羽田,日本,中部,12:00,30,11,1260000,30000,42,小規模運航,120,2100000,1,1,4,35,40,98.1973597
13日,日本,羽田,日本,中部,12:30,30,11,1260000,30000,42,小規模運航,120,2100000,1,1,4,35,40,96.6163686
13日,日本,羽田,日本,中部,13:00,30,11,1320000,30000,44,小規模運航,120,2100000,1,1,4,35,40,96.319326
13日,日本,羽田,日本,中部,13:30,30,11,1440000,30000,48,小規模運航,120,2100000,1,1,4,35,40,95.6332278
13日,日本,羽田,日本,中部,14:00,30,11,1500000,30000,50,小規模運航,120,2100000,1,1,4,35,40,96.2120929
13日,日本,羽田,日本,中部,14:30,30,11,1410000,30000,47,小規模運航,120,2100000,1,1,4,35,40,92.1743121
13日,日本,羽田,日本,中部,15:00,30,11,1260000,30000,42,小規模運航,120,2100000,1,1,4,35,40,93.4026861
13日,日本,羽田,日本,中部,15:30,30,11,1290000,30000,43,小規模運航,120,2100000,1,1,4,35,40,83.211813
13日,日本,羽田,日本,中部,16:00,30,11,1320000,30000,44,小規模運航,120,2100000,1,1,4,35,40,91.4844267
13日,日本,羽田,日本,中部,16:30,30,11,1410000,30000,47,小規模運航,120,2100000,1,1,4,35,40,82.6983805
13日,日本,羽田,日本,中部,17:00,30,11,1770000,30000,59,小規模運航,120,2100000,1,1,4,35,40,98.4392033
13日,日本,羽田,日本,中部,17:30,30,11,1770000,30000,59,小規模運航,120,2100000,1,1,4,35,40,88.0144803
13日,日本,羽田,日本,中部,18:00,30,11,1770000,30000,59,小規模運航,120,2100000,1,1,4,35,40,98.7401441
13日,日本,羽田,日本,中部,18:30,30,11,1800000,30000,60,小規模運航,120,2100000,1,1,4,35,40,93.3988533
13日,日本,羽田,日本,中部,19:00,30,11,1680000,30000,56,小規模運航,120,2100000,1,1,4,35,40,98.9400567
13日,日本,羽田,日本,中部,19:30,30,11,1800000,30000,60,小規模運航,120,2100000,1,1,4,35,40,98.3709833
13日,日本,羽田,日本,中部,20:00,30,11,1530000,30000,51,小規模運航,120,2100000,1,1,4,35,40,96.210704
13日,日本,羽田,日本,中部,20:30,30,11,1470000,30000,49,小規模運航,120,2100000,1,1,4,35,40,96.5835232
13日,日本,羽田,日本,中部,21:00,30,11,1410000,30000,47,小規模運航,120,2100000,1,1,4,35,40,87.7511403
13日,日本,羽田,日本,中部,21:30,30,11,1410000,30000,47,小規模運航,120,2100000,1,1,4,35,40,78.9857053
13日,日本,羽田,日本,中部,22:00,30,11,1170000,30000,39,小規模運航,120,2100000,1,1,4,35,40,75.9862733
13日,日本,羽田,日本,中部,22:30,30,11,1140000,30000,38,小規模運航,120,2100000,1,1,4,35,40,92.2048578
14日,日本,羽田,日本,中部,07:00,30,11,1230000,30000,41,小規模運航,120,2100000,1,1,4,35,40,72.3421466
14日,日本,羽田,日本,中部,07:30,30,11,1200000,30000,40,小規模運航,120,2100000,1,1,4,35,40,97.5489535
14日,日本,羽田,日本,中部,08:00,30,11,1560000,30000,52,小規模運航,120,2100000,1,1,4,35,40,98.1479048
14日,日本,羽田,日本,中部,08:30,30,11,1650000,30000,55,小規模運航,120,2100000,1,1,4,35,40,93.2191987
14日,日本,羽田,日本,中部,09:00,30,11,1770000,30000,59,小規模運航,120,2100000,1,1,4,35,40,97.9305397
14日,日本,羽田,日本,中部,09:30,30,11,1650000,30000,55,小規模運航,120,2100000,1,1,4,35,40,85.1842033
14日,日本,羽田,日本,中部,10:00,30,11,1470000,30000,49,小規模運航,120,2100000,1,1,4,35,40,93.2504149
14日,日本,羽田,日本,中部,10:30,30,11,1500000,30000,50,小規模運航,120,2100000,1,1,4,35,40,98.1687251
14日,日本,羽田,日本,中部,11:00,30,11,1380000,30000,46,小規模運航,120,2100000,1,1,4,35,40,98.2026287
14日,日本,羽田,日本,中部,11:30,30,11,1410000,30000,47,小規模運航,120,2100000,1,1,4,35,40,95.4864632
14日,日本,羽田,日本,中部,12:00,30,11,1260000,30000,42,小規模運航,120,2100000,1,1,4,35,40,98.1973597
14日,日本,羽田,日本,中部,12:30,30,11,1260000,30000,42,小規模運航,120,2100000,1,1,4,35,40,96.6163686
14日,日本,羽田,日本,中部,13:00,30,11,1530000,30000,51,小規模運航,120,2100000,1,1,4,35,40,98.189806
14日,日本,羽田,日本,中部,13:30,30,11,1410000,30000,47,小規模運航,120,2100000,1,1,4,35,40,92.239994
14日,日本,羽田,日本,中部,14:00,30,11,1290000,30000,43,小規模運航,120,2100000,1,1,4,35,40,71.251569
14日,日本,羽田,日本,中部,14:30,30,11,1470000,30000,49,小規模運航,120,2100000,1,1,4,35,40,83.5248133
14日,日本,羽田,日本,中部,15:00,30,11,1500000,30000,50,小規模運航,120,2100000,1,1,4,35,40,96.240318
14日,日本,羽田,日本,中部,15:30,30,11,1350000,30000,45,小規模運航,120,2100000,1,1,4,35,40,95.0616077
14日,日本,羽田,日本,中部,16:00,30,11,1410000,30000,47,小規模運航,120,2100000,1,1,4,35,40,72.3549556
14日,日本,羽田,日本,中部,16:30,30,11,1410000,30000,47,小規模運航,120,2100000,1,1,4,35,40,82.6983805
14日,日本,羽田,日本,中部,17:00,30,11,1650000,30000,55,小規模運航,120,2100000,1,1,4,35,40,95.3938781
14日,日本,羽田,日本,中部,17:30,30,11,1770000,30000,59,小規模運航,120,2100000,1,1,4,35,40,88.0144803
14日,日本,羽田,日本,中部,18:00,30,11,1590000,30000,53,小規模運航,120,2100000,1,1,4,35,40,94.9184569
14日,日本,羽田,日本,中部,18:30,30,11,1560000,30000,52,小規模運航,120,2100000,1,1,4,35,40,95.6195291
14日,日本,羽田,日本,中部,19:00,30,11,1650000,30000,55,小規模運航,120,2100000,1,1,4,35,40,94.2761101
14日,日本,羽田,日本,中部,19:30,30,11,1710000,30000,57,小規模運航,120,2100000,1,1,4,35,40,98.8679171
14日,日本,羽田,日本,中部,20:00,30,11,1500000,30000,50,小規模運航,120,2100000,1,1,4,35,40,92.8335749
14日,日本,羽田,日本,中部,20:30,30,11,1500000,30000,50,小規模運航,120,2100000,1,1,4,35,40,98.0523134
14日,日本,羽田,日本,中部,21:00,30,11,1410000,30000,47,小規模運航,120,2100000,1,1,4,35,40,87.7511403
14日,日本,羽田,日本,中部,21:30,30,11,1290000,30000,43,小規模運航,120,2100000,1,1,4,35,40,97.6595929
14日,日本,羽田,日本,中部,22:00,30,11,1050000,30000,35,小規模運航,120,2100000,1,1,4,35,40,97.15015
14日,日本,羽田,日本,中部,22:30,30,11,1050000,30000,35,小規模運航,120,2100000,1,1,4,35,40,93.5130792
15日,日本,羽田,日本,中部,07:00,30,11,1200000,30000,40,小規模運航,120,2100000,1,1,4,35,40,79.4752261
15日,日本,羽田,日本,中部,07:30,30,11,1230000,30000,41,小規模運航,120,2100000,1,1,4,35,40,97.1581222
15日,日本,羽田,日本,中部,08:00,30,11,1680000,30000,56,小規模運航,120,2100000,1,1,4,35,40,93.4694894
15日,日本,羽田,日本,中部,08:30,30,11,1650000,30000,55,小規模運航,120,2100000,1,1,4,35,40,93.2191987
15日,日本,羽田,日本,中部,09:00,30,11,1770000,30000,59,小規模運航,120,2100000,1,1,4,35,40,97.9305397
15日,日本,羽田,日本,中部,09:30,30,11,1590000,30000,53,小規模運航,120,2100000,1,1,4,35,40,95.6301367
15日,日本,羽田,日本,中部,10:00,30,11,1350000,30000,45,小規模運航,120,2100000,1,1,4,35,40,83.0948083
15日,日本,羽田,日本,中部,10:30,30,11,1440000,30000,48,小規模運航,120,2100000,1,1,4,35,40,92.9612803
15日,日本,羽田,日本,中部,11:00,30,11,1530000,30000,51,小規模運航,120,2100000,1,1,4,35,40,78.9009158
15日,日本,羽田,日本,中部,11:30,30,11,1320000,30000,44,小規模運航,120,2100000,1,1,4,35,40,97.6162965
15日,日本,羽田,日本,中部,12:00,30,11,1500000,30000,50,小規模運航,120,2100000,1,1,4,35,40,94.6636442
15日,日本,羽田,日本,中部,12:30,30,11,1470000,30000,49,小規模運航,120,2100000,1,1,4,35,40,91.5584335
15日,日本,羽田,日本,中部,13:00,30,11,1290000,30000,43,小規模運航,120,2100000,1,1,4,35,40,84.6294196
15日,日本,羽田,日本,中部,13:30,30,11,1440000,30000,48,小規模運航,120,2100000,1,1,4,35,40,95.6332278
15日,日本,羽田,日本,中部,14:00,30,11,1500000,30000,50,小規模運航,120,2100000,1,1,4,35,40,96.2120929
15日,日本,羽田,日本,中部,14:30,30,11,1500000,30000,50,小規模運航,120,2100000,1,1,4,35,40,91.895545
15日,日本,羽田,日本,中部,15:00,30,11,1470000,30000,49,小規模運航,120,2100000,1,1,4,35,40,89.9324668
15日,日本,羽田,日本,中部,15:30,30,11,1500000,30000,50,小規模運航,120,2100000,1,1,4,35,40,95.8925956
15日,日本,羽田,日本,中部,16:00,30,11,1380000,30000,46,小規模運航,120,2100000,1,1,4,35,40,92.6790051
15日,日本,羽田,日本,中部,16:30,30,11,1260000,30000,42,小規模運航,120,2100000,1,1,4,35,40,88.5638771
15日,日本,羽田,日本,中部,17:00,30,11,1650000,30000,55,小規模運航,120,2100000,1,1,4,35,40,95.3938781
15日,日本,羽田,日本,中部,17:30,30,11,1650000,30000,55,小規模運航,120,2100000,1,1,4,35,40,92.4045686
15日,日本,羽田,日本,中部,18:00,30,11,1770000,30000,59,小規模運航,120,2100000,1,1,4,35,40,98.7401441
15日,日本,羽田,日本,中部,18:30,30,11,1650000,30000,55,小規模運航,120,2100000,1,1,4,35,40,98.6784105
15日,日本,羽田,日本,中部,19:00,30,11,1710000,30000,57,小規模運航,120,2100000,1,1,4,35,40,94.8936984
15日,日本,羽田,日本,中部,19:30,30,11,1710000,30000,57,小規模運航,120,2100000,1,1,4,35,40,98.8679171
15日,日本,羽田,日本,中部,20:00,30,11,1440000,30000,48,小規模運航,120,2100000,1,1,4,35,40,92.1579613
15日,日本,羽田,日本,中部,20:30,30,11,1350000,30000,45,小規模運航,120,2100000,1,1,4,35,40,79.3477593
15日,日本,羽田,日本,中部,21:00,30,11,1500000,30000,50,小規模運航,120,2100000,1,1,4,35,40,92.3941532
15日,日本,羽田,日本,中部,21:30,30,11,1410000,30000,47,小規模運航,120,2100000,1,1,4,35,40,78.9857053
15日,日本,羽田,日本,中部,22:00,30,11,990000,30000,33,小規模運航,120,2100000,1,1,4,35,40,92.5303148
15日,日本,羽田,日本,中部,22:30,30,11,1170000,30000,39,小規模運航,120,2100000,1,1,4,35,40,96.3508069
16日,日本,羽田,日本,中部,07:00,30,11,1170000,30000,39,小規模運航,120,2100000,1,1,4,35,40,95.7838748
16日,日本,羽田,日本,中部,07:30,30,11,1230000,30000,41,小規模運航,120,2100000,1,1,4,35,40,97.1581222
16日,日本,羽田,日本,中部,08:00,30,11,1680000,30000,56,小規模運航,120,2100000,1,1,4,35,40,93.4694894
16日,日本,羽田,日本,中部,08:30,30,11,1560000,30000,52,小規模運航,120,2100000,1,1,4,35,40,88.9918896
16日,日本,羽田,日本,中部,09:00,30,11,1710000,30000,57,小規模運航,120,2100000,1,1,4,35,40,98.5394858
16日,日本,羽田,日本,中部,09:30,30,11,1530000,30000,51,小規模運航,120,2100000,1,1,4,35,40,82.9073522
16日,日本,羽田,日本,中部,10:00,30,11,1410000,30000,47,小規模運航,120,2100000,1,1,4,35,40,79.107171
16日,日本,羽田,日本,中部,10:30,30,11,1260000,30000,42,小規模運航,120,2100000,1,1,4,35,40,97.8775251
16日,日本,羽田,日本,中部,11:00,30,11,1410000,30000,47,小規模運航,120,2100000,1,1,4,35,40,94.1926482
16日,日本,羽田,日本,中部,11:30,30,11,1290000,30000,43,小規模運航,120,2100000,1,1,4,35,40,89.8047889
16日,日本,羽田,日本,中部,12:00,30,11,1410000,30000,47,小規模運航,120,2100000,1,1,4,35,40,81.5724857
16日,日本,羽田,日本,中部,12:30,30,11,1290000,30000,43,小規模運航,120,2100000,1,1,4,35,40,91.7727224
16日,日本,羽田,日本,中部,13:00,30,11,1320000,30000,44,小規模運航,120,2100000,1,1,4,35,40,96.319326
16日,日本,羽田,日本,中部,13:30,30,11,1410000,30000,47,小規模運航,120,2100000,1,1,4,35,40,92.239994
16日,日本,羽田,日本,中部,14:00,30,11,1410000,30000,47,小規模運航,120,2100000,1,1,4,35,40,98.5072415
16日,日本,羽田,日本,中部,14:30,30,11,1260000,30000,42,小規模運航,120,2100000,1,1,4,35,40,83.5086127
16日,日本,羽田,日本,中部,15:00,30,11,1410000,30000,47,小規模運航,120,2100000,1,1,4,35,40,83.8718287
16日,日本,羽田,日本,中部,15:30,30,11,1440000,30000,48,小規模運航,120,2100000,1,1,4,35,40,80.0009246
16日,日本,羽田,日本,中部,16:00,30,11,1410000,30000,47,小規模運航,120,2100000,1,1,4,35,40,72.3549556
16日,日本,羽田,日本,中部,16:30,30,11,1290000,30000,43,小規模運航,120,2100000,1,1,4,35,40,82.8209217
16日,日本,羽田,日本,中部,17:00,30,11,1770000,30000,59,小規模運航,120,2100000,1,1,4,35,40,98.4392033
16日,日本,羽田,日本,中部,17:30,30,11,1800000,30000,60,小規模運航,120,2100000,1,1,4,35,40,94.7575359
16日,日本,羽田,日本,中部,18:00,30,11,1770000,30000,59,小規模運航,120,2100000,1,1,4,35,40,98.7401441
16日,日本,羽田,日本,中部,18:30,30,11,1800000,30000,60,小規模運航,120,2100000,1,1,4,35,40,93.3988533
16日,日本,羽田,日本,中部,19:00,30,11,1770000,30000,59,小規模運航,120,2100000,1,1,4,35,40,93.1592842
16日,日本,羽田,日本,中部,19:30,30,11,1710000,30000,57,小規模運航,120,2100000,1,1,4,35,40,98.8679171
16日,日本,羽田,日本,中部,20:00,30,11,1320000,30000,44,小規模運航,120,2100000,1,1,4,35,40,81.5939812
16日,日本,羽田,日本,中部,20:30,30,11,1350000,30000,45,小規模運航,120,2100000,1,1,4,35,40,79.3477593
16日,日本,羽田,日本,中部,21:00,30,11,1380000,30000,46,小規模運航,120,2100000,1,1,4,35,40,96.3147655
16日,日本,羽田,日本,中部,21:30,30,11,1500000,30000,50,小規模運航,120,2100000,1,1,4,35,40,95.2879821
16日,日本,羽田,日本,中部,22:00,30,11,1200000,30000,40,小規模運航,120,2100000,1,1,4,35,40,97.8433769
16日,日本,羽田,日本,中部,22:30,30,11,1080000,30000,36,小規模運航,120,2100000,1,1,4,35,40,78.0625286
17日,日本,羽田,日本,中部,07:00,30,11,1050000,30000,35,小規模運航,120,2100000,1,1,4,35,40,69.9626654
17日,日本,羽田,日本,中部,07:30,30,11,1110000,30000,37,小規模運航,120,2100000,1,1,4,35,40,80.5991516
17日,日本,羽田,日本,中部,08:00,30,11,1770000,30000,59,小規模運航,120,2100000,1,1,4,35,40,96.8313188
17日,日本,羽田,日本,中部,08:30,30,11,1770000,30000,59,小規模運航,120,2100000,1,1,4,35,40,98.2162213
17日,日本,羽田,日本,中部,09:00,30,11,1710000,30000,57,小規模運航,120,2100000,1,1,4,35,40,98.5394858
17日,日本,羽田,日本,中部,09:30,30,11,1770000,30000,59,小規模運航,120,2100000,1,1,4,35,40,96.4610979
17日,日本,羽田,日本,中部,10:00,30,11,1530000,30000,51,小規模運航,120,2100000,1,1,4,35,40,81.8323638
17日,日本,羽田,日本,中部,10:30,30,11,1380000,30000,46,小規模運航,120,2100000,1,1,4,35,40,70.5780505
17日,日本,羽田,日本,中部,11:00,30,11,1290000,30000,43,小規模運航,120,2100000,1,1,4,35,40,92.7357257
17日,日本,羽田,日本,中部,11:30,30,11,1350000,30000,45,小規模運航,120,2100000,1,1,4,35,40,88.7041573
17日,日本,羽田,日本,中部,12:00,30,11,1320000,30000,44,小規模運航,120,2100000,1,1,4,35,40,93.6433245
17日,日本,羽田,日本,中部,12:30,30,11,1500000,30000,50,小規模運航,120,2100000,1,1,4,35,40,98.223059
17日,日本,羽田,日本,中部,13:00,30,11,1380000,30000,46,小規模運航,120,2100000,1,1,4,35,40,94.1294641
17日,日本,羽田,日本,中部,13:30,30,11,1500000,30000,50,小規模運航,120,2100000,1,1,4,35,40,97.0313748
17日,日本,羽田,日本,中部,14:00,30,11,1260000,30000,42,小規模運航,120,2100000,1,1,4,35,40,98.2198021
17日,日本,羽田,日本,中部,14:30,30,11,1380000,30000,46,小規模運航,120,2100000,1,1,4,35,40,98.4767256
17日,日本,羽田,日本,中部,15:00,30,11,1290000,30000,43,小規模運航,120,2100000,1,1,4,35,40,98.0780701
17日,日本,羽田,日本,中部,15:30,30,11,1470000,30000,49,小規模運航,120,2100000,1,1,4,35,40,96.8181627
17日,日本,羽田,日本,中部,16:00,30,11,1470000,30000,49,小規模運航,120,2100000,1,1,4,35,40,76.0776768
17日,日本,羽田,日本,中部,16:30,30,11,1350000,30000,45,小規模運航,120,2100000,1,1,4,35,40,95.4920328
17日,日本,羽田,日本,中部,17:00,30,11,1770000,30000,59,小規模運航,120,2100000,1,1,4,35,40,98.4392033
17日,日本,羽田,日本,中部,17:30,30,11,1800000,30000,60,小規模運航,120,2100000,1,1,4,35,40,94.7575359
17日,日本,羽田,日本,中部,18:00,30,11,1770000,30000,59,小規模運航,120,2100000,1,1,4,35,40,98.7401441
17日,日本,羽田,日本,中部,18:30,30,11,1620000,30000,54,小規模運航,120,2100000,1,1,4,35,40,80.1725183
17日,日本,羽田,日本,中部,19:00,30,11,1800000,30000,60,小規模運航,120,2100000,1,1,4,35,40,95.3508855
17日,日本,羽田,日本,中部,19:30,30,11,1650000,30000,55,小規模運航,120,2100000,1,1,4,35,40,79.6887927
17日,日本,羽田,日本,中部,20:00,30,11,1350000,30000,45,小規模運航,120,2100000,1,1,4,35,40,98.5638324
17日,日本,羽田,日本,中部,20:30,30,11,1290000,30000,43,小規模運航,120,2100000,1,1,4,35,40,81.048246
17日,日本,羽田,日本,中部,21:00,30,11,1380000,30000,46,小規模運航,120,2100000,1,1,4,35,40,96.3147655
17日,日本,羽田,日本,中部,21:30,30,11,1350000,30000,45,小規模運航,120,2100000,1,1,4,35,40,93.609876
17日,日本,羽田,日本,中部,22:00,30,11,1140000,30000,38,小規模運航,120,2100000,1,1,4,35,40,92.5349325
17日,日本,羽田,日本,中部,22:30,30,11,1230000,30000,41,小規模運航,120,2100000,1,1,4,35,40,91.2883838
18日,日本,羽田,日本,中部,07:00,30,11,1050000,30000,35,小規模運航,120,2100000,1,1,4,35,40,69.9626654
18日,日本,羽田,日本,中部,07:30,30,11,1170000,30000,39,小規模運航,120,2100000,1,1,4,35,40,94.6535521
18日,日本,羽田,日本,中部,08:00,30,11,1680000,30000,56,小規模運航,120,2100000,1,1,4,35,40,93.4694894
18日,日本,羽田,日本,中部,08:30,30,11,1620000,30000,54,小規模運航,120,2100000,1,1,4,35,40,92.2323427
18日,日本,羽田,日本,中部,09:00,30,11,1770000,30000,59,小規模運航,120,2100000,1,1,4,35,40,97.9305397
18日,日本,羽田,日本,中部,09:30,30,11,1800000,30000,60,小規模運航,120,2100000,1,1,4,35,40,96.3374404
18日,日本,羽田,日本,中部,10:00,30,11,1410000,30000,47,小規模運航,120,2100000,1,1,4,35,40,79.107171
18日,日本,羽田,日本,中部,10:30,30,11,1350000,30000,45,小規模運航,120,2100000,1,1,4,35,40,93.9600592
18日,日本,羽田,日本,中部,11:00,30,11,1320000,30000,44,小規模運航,120,2100000,1,1,4,35,40,85.4285811
18日,日本,羽田,日本,中部,11:30,30,11,1350000,30000,45,小規模運航,120,2100000,1,1,4,35,40,88.7041573
18日,日本,羽田,日本,中部,12:00,30,11,1410000,30000,47,小規模運航,120,2100000,1,1,4,35,40,81.5724857
18日,日本,羽田,日本,中部,12:30,30,11,1350000,30000,45,小規模運航,120,2100000,1,1,4,35,40,90.6026796
18日,日本,羽田,日本,中部,13:00,30,11,1260000,30000,42,小規模運航,120,2100000,1,1,4,35,40,95.7660872
18日,日本,羽田,日本,中部,13:30,30,11,1320000,30000,44,小規模運航,120,2100000,1,1,4,35,40,97.2028267
18日,日本,羽田,日本,中部,14:00,30,11,1290000,30000,43,小規模運航,120,2100000,1,1,4,35,40,71.251569
18日,日本,羽田,日本,中部,14:30,30,11,1350000,30000,45,小規模運航,120,2100000,1,1,4,35,40,97.1260845
18日,日本,羽田,日本,中部,15:00,30,11,1260000,30000,42,小規模運航,120,2100000,1,1,4,35,40,93.4026861
18日,日本,羽田,日本,中部,15:30,30,11,1500000,30000,50,小規模運航,120,2100000,1,1,4,35,40,95.8925956
18日,日本,羽田,日本,中部,16:00,30,11,1260000,30000,42,小規模運航,120,2100000,1,1,4,35,40,97.4817748
18日,日本,羽田,日本,中部,16:30,30,11,1500000,30000,50,小規模運航,120,2100000,1,1,4,35,40,98.2802861
18日,日本,羽田,日本,中部,17:00,30,11,1770000,30000,59,小規模運航,120,2100000,1,1,4,35,40,98.4392033
18日,日本,羽田,日本,中部,17:30,30,11,1770000,30000,59,小規模運航,120,2100000,1,1,4,35,40,88.0144803
18日,日本,羽田,日本,中部,18:00,30,11,1740000,30000,58,小規模運航,120,2100000,1,1,4,35,40,93.4685478
18日,日本,羽田,日本,中部,18:30,30,11,1680000,30000,56,小規模運航,120,2100000,1,1,4,35,40,94.085251
18日,日本,羽田,日本,中部,19:00,30,11,1530000,30000,51,小規模運航,120,2100000,1,1,4,35,40,90.0317783
18日,日本,羽田,日本,中部,19:30,30,11,1770000,30000,59,小規模運航,120,2100000,1,1,4,35,40,84.8117079
18日,日本,羽田,日本,中部,20:00,30,11,1530000,30000,51,小規模運航,120,2100000,1,1,4,35,40,96.210704
18日,日本,羽田,日本,中部,20:30,30,11,1320000,30000,44,小規模運航,120,2100000,1,1,4,35,40,82.7044843
18日,日本,羽田,日本,中部,21:00,30,11,1470000,30000,49,小規模運航,120,2100000,1,1,4,35,40,97.258721
18日,日本,羽田,日本,中部,21:30,30,11,1350000,30000,45,小規模運航,120,2100000,1,1,4,35,40,93.609876
18日,日本,羽田,日本,中部,22:00,30,11,1080000,30000,36,小規模運航,120,2100000,1,1,4,35,40,88.9309366
18日,日本,羽田,日本,中部,22:30,30,11,1110000,30000,37,小規模運航,120,2100000,1,1,4,35,40,93.5456373
19日,日本,羽田,日本,中部,07:00,30,11,1200000,30000,40,小規模運航,120,2100000,1,1,4,35,40,79.4752261
19日,日本,羽田,日本,中部,07:30,30,11,1230000,30000,41,小規模運航,120,2100000,1,1,4,35,40,97.1581222
19日,日本,羽田,日本,中部,08:00,30,11,1740000,30000,58,小規模運航,120,2100000,1,1,4,35,40,97.0108202
19日,日本,羽田,日本,中部,08:30,30,11,1680000,30000,56,小規模運航,120,2100000,1,1,4,35,40,98.636775
19日,日本,羽田,日本,中部,09:00,30,11,1740000,30000,58,小規模運航,120,2100000,1,1,4,35,40,95.8114214
19日,日本,羽田,日本,中部,09:30,30,11,1590000,30000,53,小規模運航,120,2100000,1,1,4,35,40,95.6301367
19日,日本,羽田,日本,中部,10:00,30,11,1320000,30000,44,小規模運航,120,2100000,1,1,4,35,40,93.3488241
19日,日本,羽田,日本,中部,10:30,30,11,1380000,30000,46,小規模運航,120,2100000,1,1,4,35,40,70.5780505
19日,日本,羽田,日本,中部,11:00,30,11,1500000,30000,50,小規模運航,120,2100000,1,1,4,35,40,93.5511803
19日,日本,羽田,日本,中部,11:30,30,11,1410000,30000,47,小規模運航,120,2100000,1,1,4,35,40,95.4864632
19日,日本,羽田,日本,中部,12:00,30,11,1500000,30000,50,小規模運航,120,2100000,1,1,4,35,40,94.6636442
19日,日本,羽田,日本,中部,12:30,30,11,1440000,30000,48,小規模運航,120,2100000,1,1,4,35,40,89.6638497
19日,日本,羽田,日本,中部,13:00,30,11,1410000,30000,47,小規模運航,120,2100000,1,1,4,35,40,93.8274883
19日,日本,羽田,日本,中部,13:30,30,11,1530000,30000,51,小規模運航,120,2100000,1,1,4,35,40,98.3505609
19日,日本,羽田,日本,中部,14:00,30,11,1380000,30000,46,小規模運航,120,2100000,1,1,4,35,40,87.4883889
19日,日本,羽田,日本,中部,14:30,30,11,1410000,30000,47,小規模運航,120,2100000,1,1,4,35,40,92.1743121
19日,日本,羽田,日本,中部,15:00,30,11,1350000,30000,45,小規模運航,120,2100000,1,1,4,35,40,93.2686999
19日,日本,羽田,日本,中部,15:30,30,11,1500000,30000,50,小規模運航,120,2100000,1,1,4,35,40,95.8925956
19日,日本,羽田,日本,中部,16:00,30,11,1320000,30000,44,小規模運航,120,2100000,1,1,4,35,40,91.4844267
19日,日本,羽田,日本,中部,16:30,30,11,1440000,30000,48,小規模運航,120,2100000,1,1,4,35,40,93.572171
19日,日本,羽田,日本,中部,17:00,30,11,1650000,30000,55,小規模運航,120,2100000,1,1,4,35,40,95.3938781
19日,日本,羽田,日本,中部,17:30,30,11,1650000,30000,55,小規模運航,120,2100000,1,1,4,35,40,92.4045686
19日,日本,羽田,日本,中部,18:00,30,11,1560000,30000,52,小規模運航,120,2100000,1,1,4,35,40,95.0462423
19日,日本,羽田,日本,中部,18:30,30,11,1650000,30000,55,小規模運航,120,2100000,1,1,4,35,40,98.6784105
19日,日本,羽田,日本,中部,19:00,30,11,1530000,30000,51,小規模運航,120,2100000,1,1,4,35,40,90.0317783
19日,日本,羽田,日本,中部,19:30,30,11,1800000,30000,60,小規模運航,120,2100000,1,1,4,35,40,98.3709833
19日,日本,羽田,日本,中部,20:00,30,11,1500000,30000,50,小規模運航,120,2100000,1,1,4,35,40,92.8335749
19日,日本,羽田,日本,中部,20:30,30,11,1530000,30000,51,小規模運航,120,2100000,1,1,4,35,40,95.9381262
19日,日本,羽田,日本,中部,21:00,30,11,1320000,30000,44,小規模運航,120,2100000,1,1,4,35,40,78.5733983
19日,日本,羽田,日本,中部,21:30,30,11,1410000,30000,47,小規模運航,120,2100000,1,1,4,35,40,78.9857053
19日,日本,羽田,日本,中部,22:00,30,11,1230000,30000,41,小規模運航,120,2100000,1,1,4,35,40,94.2408262
19日,日本,羽田,日本,中部,22:30,30,11,990000,30000,33,小規模運航,120,2100000,1,1,4,35,40,69.415881
20日,日本,羽田,日本,中部,07:00,30,11,1020000,30000,34,小規模運航,120,2100000,1,1,4,35,40,85.1136609
20日,日本,羽田,日本,中部,07:30,30,11,990000,30000,33,小規模運航,120,2100000,1,1,4,35,40,93.6818841
20日,日本,羽田,日本,中部,08:00,30,11,1530000,30000,51,小規模運航,120,2100000,1,1,4,35,40,95.3184091
20日,日本,羽田,日本,中部,08:30,30,11,1800000,30000,60,小規模運航,120,2100000,1,1,4,35,40,93.7747628
20日,日本,羽田,日本,中部,09:00,30,11,1680000,30000,56,小規模運航,120,2100000,1,1,4,35,40,91.4466813
20日,日本,羽田,日本,中部,09:30,30,11,1560000,30000,52,小規模運航,120,2100000,1,1,4,35,40,95.5217853
20日,日本,羽田,日本,中部,10:00,30,11,1500000,30000,50,小規模運航,120,2100000,1,1,4,35,40,92.3942939
20日,日本,羽田,日本,中部,10:30,30,11,1500000,30000,50,小規模運航,120,2100000,1,1,4,35,40,98.1687251
20日,日本,羽田,日本,中部,11:00,30,11,1320000,30000,44,小規模運航,120,2100000,1,1,4,35,40,85.4285811
20日,日本,羽田,日本,中部,11:30,30,11,1380000,30000,46,小規模運航,120,2100000,1,1,4,35,40,95.6400822
20日,日本,羽田,日本,中部,12:00,30,11,1350000,30000,45,小規模運航,120,2100000,1,1,4,35,40,76.8487965
20日,日本,羽田,日本,中部,12:30,30,11,1410000,30000,47,小規模運航,120,2100000,1,1,4,35,40,91.981997
20日,日本,羽田,日本,中部,13:00,30,11,1410000,30000,47,小規模運航,120,2100000,1,1,4,35,40,93.8274883
20日,日本,羽田,日本,中部,13:30,30,11,1440000,30000,48,小規模運航,120,2100000,1,1,4,35,40,95.6332278
20日,日本,羽田,日本,中部,14:00,30,11,1260000,30000,42,小規模運航,120,2100000,1,1,4,35,40,98.2198021
20日,日本,羽田,日本,中部,14:30,30,11,1260000,30000,42,小規模運航,120,2100000,1,1,4,35,40,83.5086127
20日,日本,羽田,日本,中部,15:00,30,11,1500000,30000,50,小規模運航,120,2100000,1,1,4,35,40,96.240318
20日,日本,羽田,日本,中部,15:30,30,11,1380000,30000,46,小規模運航,120,2100000,1,1,4,35,40,89.2844546
20日,日本,羽田,日本,中部,16:00,30,11,1440000,30000,48,小規模運航,120,2100000,1,1,4,35,40,92.7818886
20日,日本,羽田,日本,中部,16:30,30,11,1470000,30000,49,小規模運航,120,2100000,1,1,4,35,40,94.5645678
20日,日本,羽田,日本,中部,17:00,30,11,1740000,30000,58,小規模運航,120,2100000,1,1,4,35,40,86.4072991
20日,日本,羽田,日本,中部,17:30,30,11,1680000,30000,56,小規模運航,120,2100000,1,1,4,35,40,94.8786686
20日,日本,羽田,日本,中部,18:00,30,11,1770000,30000,59,小規模運航,120,2100000,1,1,4,35,40,98.7401441
20日,日本,羽田,日本,中部,18:30,30,11,1680000,30000,56,小規模運航,120,2100000,1,1,4,35,40,94.085251
20日,日本,羽田,日本,中部,19:00,30,11,1530000,30000,51,小規模運航,120,2100000,1,1,4,35,40,90.0317783
20日,日本,羽田,日本,中部,19:30,30,11,1560000,30000,52,小規模運航,120,2100000,1,1,4,35,40,96.9629872
20日,日本,羽田,日本,中部,20:00,30,11,1410000,30000,47,小規模運航,120,2100000,1,1,4,35,40,98.8493943
20日,日本,羽田,日本,中部,20:30,30,11,1320000,30000,44,小規模運航,120,2100000,1,1,4,35,40,82.7044843
20日,日本,羽田,日本,中部,21:00,30,11,1350000,30000,45,小規模運航,120,2100000,1,1,4,35,40,94.9940916
20日,日本,羽田,日本,中部,21:30,30,11,1350000,30000,45,小規模運航,120,2100000,1,1,4,35,40,93.609876
20日,日本,羽田,日本,中部,22:00,30,11,990000,30000,33,小規模運航,120,2100000,1,1,4,35,40,92.5303148
20日,日本,羽田,日本,中部,22:30,30,11,1140000,30000,38,小規模運航,120,2100000,1,1,4,35,40,92.2048578
21日,日本,羽田,日本,中部,07:00,30,11,1020000,30000,34,小規模運航,120,2100000,1,1,4,35,40,85.1136609
21日,日本,羽田,日本,中部,07:30,30,11,1140000,30000,38,小規模運航,120,2100000,1,1,4,35,40,90.4691163
21日,日本,羽田,日本,中部,08:00,30,11,1680000,30000,56,小規模運航,120,2100000,1,1,4,35,40,93.4694894
21日,日本,羽田,日本,中部,08:30,30,11,1530000,30000,51,小規模運航,120,2100000,1,1,4,35,40,92.2289756
21日,日本,羽田,日本,中部,09:00,30,11,1770000,30000,59,小規模運航,120,2100000,1,1,4,35,40,97.9305397
21日,日本,羽田,日本,中部,09:30,30,11,1770000,30000,59,小規模運航,120,2100000,1,1,4,35,40,96.4610979
21日,日本,羽田,日本,中部,10:00,30,11,1530000,30000,51,小規模運航,120,2100000,1,1,4,35,40,81.8323638
21日,日本,羽田,日本,中部,10:30,30,11,1470000,30000,49,小規模運航,120,2100000,1,1,4,35,40,85.5862992
21日,日本,羽田,日本,中部,11:00,30,11,1260000,30000,42,小規模運航,120,2100000,1,1,4,35,40,97.0677384
21日,日本,羽田,日本,中部,11:30,30,11,1320000,30000,44,小規模運航,120,2100000,1,1,4,35,40,97.6162965
21日,日本,羽田,日本,中部,12:00,30,11,1410000,30000,47,小規模運航,120,2100000,1,1,4,35,40,81.5724857
21日,日本,羽田,日本,中部,12:30,30,11,1290000,30000,43,小規模運航,120,2100000,1,1,4,35,40,91.7727224
21日,日本,羽田,日本,中部,13:00,30,11,1500000,30000,50,小規模運航,120,2100000,1,1,4,35,40,94.3078367
21日,日本,羽田,日本,中部,13:30,30,11,1260000,30000,42,小規模運航,120,2100000,1,1,4,35,40,97.6881474
21日,日本,羽田,日本,中部,14:00,30,11,1470000,30000,49,小規模運航,120,2100000,1,1,4,35,40,92.6107933
21日,日本,羽田,日本,中部,14:30,30,11,1260000,30000,42,小規模運航,120,2100000,1,1,4,35,40,83.5086127
21日,日本,羽田,日本,中部,15:00,30,11,1440000,30000,48,小規模運航,120,2100000,1,1,4,35,40,93.4817277
21日,日本,羽田,日本,中部,15:30,30,11,1470000,30000,49,小規模運航,120,2100000,1,1,4,35,40,96.8181627
21日,日本,羽田,日本,中部,16:00,30,11,1440000,30000,48,小規模運航,120,2100000,1,1,4,35,40,92.7818886
21日,日本,羽田,日本,中部,16:30,30,11,1410000,30000,47,小規模運航,120,2100000,1,1,4,35,40,82.6983805
21日,日本,羽田,日本,中部,17:00,30,11,1800000,30000,60,小規模運航,120,2100000,1,1,4,35,40,91.834749
21日,日本,羽田,日本,中部,17:30,30,11,1620000,30000,54,小規模運航,120,2100000,1,1,4,35,40,95.5682011
21日,日本,羽田,日本,中部,18:00,30,11,1710000,30000,57,小規模運航,120,2100000,1,1,4,35,40,98.1397793
21日,日本,羽田,日本,中部,18:30,30,11,1620000,30000,54,小規模運航,120,2100000,1,1,4,35,40,80.1725183
21日,日本,羽田,日本,中部,19:00,30,11,1620000,30000,54,小規模運航,120,2100000,1,1,4,35,40,98.6777162
21日,日本,羽田,日本,中部,19:30,30,11,1530000,30000,51,小規模運航,120,2100000,1,1,4,35,40,94.8894064
21日,日本,羽田,日本,中部,20:00,30,11,1410000,30000,47,小規模運航,120,2100000,1,1,4,35,40,98.8493943
21日,日本,羽田,日本,中部,20:30,30,11,1470000,30000,49,小規模運航,120,2100000,1,1,4,35,40,96.5835232
21日,日本,羽田,日本,中部,21:00,30,11,1470000,30000,49,小規模運航,120,2100000,1,1,4,35,40,97.258721
21日,日本,羽田,日本,中部,21:30,30,11,1410000,30000,47,小規模運航,120,2100000,1,1,4,35,40,78.9857053
21日,日本,羽田,日本,中部,22:00,30,11,1020000,30000,34,小規模運航,120,2100000,1,1,4,35,40,96.754799
21日,日本,羽田,日本,中部,22:30,30,11,1050000,30000,35,小規模運航,120,2100000,1,1,4,35,40,93.5130792
22日,日本,羽田,日本,中部,07:00,30,11,1020000,30000,34,小規模運航,120,2100000,1,1,4,35,40,85.1136609
22日,日本,羽田,日本,中部,07:30,30,11,1170000,30000,39,小規模運航,120,2100000,1,1,4,35,40,94.6535521
22日,日本,羽田,日本,中部,08:00,30,11,1650000,30000,55,小規模運航,120,2100000,1,1,4,35,40,98.3560875
22日,日本,羽田,日本,中部,08:30,30,11,1800000,30000,60,小規模運航,120,2100000,1,1,4,35,40,93.7747628
22日,日本,羽田,日本,中部,09:00,30,11,1710000,30000,57,小規模運航,120,2100000,1,1,4,35,40,98.5394858
22日,日本,羽田,日本,中部,09:30,30,11,1740000,30000,58,小規模運航,120,2100000,1,1,4,35,40,98.5705513
22日,日本,羽田,日本,中部,10:00,30,11,1440000,30000,48,小規模運航,120,2100000,1,1,4,35,40,98.4358277
22日,日本,羽田,日本,中部,10:30,30,11,1470000,30000,49,小規模運航,120,2100000,1,1,4,35,40,85.5862992
22日,日本,羽田,日本,中部,11:00,30,11,1500000,30000,50,小規模運航,120,2100000,1,1,4,35,40,93.5511803
22日,日本,羽田,日本,中部,11:30,30,11,1410000,30000,47,小規模運航,120,2100000,1,1,4,35,40,95.4864632
22日,日本,羽田,日本,中部,12:00,30,11,1500000,30000,50,小規模運航,120,2100000,1,1,4,35,40,94.6636442
22日,日本,羽田,日本,中部,12:30,30,11,1380000,30000,46,小規模運航,120,2100000,1,1,4,35,40,95.1037933
22日,日本,羽田,日本,中部,13:00,30,11,1500000,30000,50,小規模運航,120,2100000,1,1,4,35,40,94.3078367
22日,日本,羽田,日本,中部,13:30,30,11,1320000,30000,44,小規模運航,120,2100000,1,1,4,35,40,97.2028267
22日,日本,羽田,日本,中部,14:00,30,11,1530000,30000,51,小規模運航,120,2100000,1,1,4,35,40,94.6345377
22日,日本,羽田,日本,中部,14:30,30,11,1320000,30000,44,小規模運航,120,2100000,1,1,4,35,40,78.3305594
22日,日本,羽田,日本,中部,15:00,30,11,1290000,30000,43,小規模運航,120,2100000,1,1,4,35,40,98.0780701
22日,日本,羽田,日本,中部,15:30,30,11,1440000,30000,48,小規模運航,120,2100000,1,1,4,35,40,80.0009246
22日,日本,羽田,日本,中部,16:00,30,11,1440000,30000,48,小規模運航,120,2100000,1,1,4,35,40,92.7818886
22日,日本,羽田,日本,中部,16:30,30,11,1500000,30000,50,小規模運航,120,2100000,1,1,4,35,40,98.2802861
22日,日本,羽田,日本,中部,17:00,30,11,1620000,30000,54,小規模運航,120,2100000,1,1,4,35,40,96.0963277
22日,日本,羽田,日本,中部,17:30,30,11,1740000,30000,58,小規模運航,120,2100000,1,1,4,35,40,96.3911385
22日,日本,羽田,日本,中部,18:00,30,11,1620000,30000,54,小規模運航,120,2100000,1,1,4,35,40,98.1848307
22日,日本,羽田,日本,中部,18:30,30,11,1740000,30000,58,小規模運航,120,2100000,1,1,4,35,40,98.484616
22日,日本,羽田,日本,中部,19:00,30,11,1590000,30000,53,小規模運航,120,2100000,1,1,4,35,40,88.36839
22日,日本,羽田,日本,中部,19:30,30,11,1710000,30000,57,小規模運航,120,2100000,1,1,4,35,40,98.8679171
22日,日本,羽田,日本,中部,20:00,30,11,1260000,30000,42,小規模運航,120,2100000,1,1,4,35,40,91.2222776
22日,日本,羽田,日本,中部,20:30,30,11,1440000,30000,48,小規模運航,120,2100000,1,1,4,35,40,95.1536934
22日,日本,羽田,日本,中部,21:00,30,11,1380000,30000,46,小規模運航,120,2100000,1,1,4,35,40,96.3147655
22日,日本,羽田,日本,中部,21:30,30,11,1470000,30000,49,小規模運航,120,2100000,1,1,4,35,40,95.8631653
22日,日本,羽田,日本,中部,22:00,30,11,1020000,30000,34,小規模運航,120,2100000,1,1,4,35,40,96.754799
22日,日本,羽田,日本,中部,22:30,30,11,1230000,30000,41,小規模運航,120,2100000,1,1,4,35,40,91.2883838
23日,日本,羽田,日本,中部,07:00,30,11,1050000,30000,35,小規模運航,120,2100000,1,1,4,35,40,69.9626654
23日,日本,羽田,日本,中部,07:30,30,11,1020000,30000,34,小規模運航,120,2100000,1,1,4,35,40,96.7083787
23日,日本,羽田,日本,中部,08:00,30,11,1770000,30000,59,小規模運航,120,2100000,1,1,4,35,40,96.8313188
23日,日本,羽田,日本,中部,08:30,30,11,1530000,30000,51,小規模運航,120,2100000,1,1,4,35,40,92.2289756
23日,日本,羽田,日本,中部,09:00,30,11,1590000,30000,53,小規模運航,120,2100000,1,1,4,35,40,95.4677338
23日,日本,羽田,日本,中部,09:30,30,11,1770000,30000,59,小規模運航,120,2100000,1,1,4,35,40,96.4610979
23日,日本,羽田,日本,中部,10:00,30,11,1500000,30000,50,小規模運航,120,2100000,1,1,4,35,40,92.3942939
23日,日本,羽田,日本,中部,10:30,30,11,1380000,30000,46,小規模運航,120,2100000,1,1,4,35,40,70.5780505
23日,日本,羽田,日本,中部,11:00,30,11,1470000,30000,49,小規模運航,120,2100000,1,1,4,35,40,95.6557952
23日,日本,羽田,日本,中部,11:30,30,11,1500000,30000,50,小規模運航,120,2100000,1,1,4,35,40,93.2438925
23日,日本,羽田,日本,中部,12:00,30,11,1440000,30000,48,小規模運航,120,2100000,1,1,4,35,40,90.2527804
23日,日本,羽田,日本,中部,12:30,30,11,1410000,30000,47,小規模運航,120,2100000,1,1,4,35,40,91.981997
23日,日本,羽田,日本,中部,13:00,30,11,1350000,30000,45,小規模運航,120,2100000,1,1,4,35,40,90.5133287
23日,日本,羽田,日本,中部,13:30,30,11,1260000,30000,42,小規模運航,120,2100000,1,1,4,35,40,97.6881474
23日,日本,羽田,日本,中部,14:00,30,11,1290000,30000,43,小規模運航,120,2100000,1,1,4,35,40,71.251569
23日,日本,羽田,日本,中部,14:30,30,11,1380000,30000,46,小規模運航,120,2100000,1,1,4,35,40,98.4767256
23日,日本,羽田,日本,中部,15:00,30,11,1290000,30000,43,小規模運航,120,2100000,1,1,4,35,40,98.0780701
23日,日本,羽田,日本,中部,15:30,30,11,1320000,30000,44,小規模運航,120,2100000,1,1,4,35,40,98.597928
23日,日本,羽田,日本,中部,16:00,30,11,1410000,30000,47,小規模運航,120,2100000,1,1,4,35,40,72.3549556
23日,日本,羽田,日本,中部,16:30,30,11,1470000,30000,49,小規模運航,120,2100000,1,1,4,35,40,94.5645678
23日,日本,羽田,日本,中部,17:00,30,11,1740000,30000,58,小規模運航,120,2100000,1,1,4,35,40,86.4072991
23日,日本,羽田,日本,中部,17:30,30,11,1560000,30000,52,小規模運航,120,2100000,1,1,4,35,40,84.3532546
23日,日本,羽田,日本,中部,18:00,30,11,1530000,30000,51,小規模運航,120,2100000,1,1,4,35,40,94.6325142
23日,日本,羽田,日本,中部,18:30,30,11,1800000,30000,60,小規模運航,120,2100000,1,1,4,35,40,93.3988533
23日,日本,羽田,日本,中部,19:00,30,11,1740000,30000,58,小規模運航,120,2100000,1,1,4,35,40,98.4720241
23日,日本,羽田,日本,中部,19:30,30,11,1770000,30000,59,小規模運航,120,2100000,1,1,4,35,40,84.8117079
23日,日本,羽田,日本,中部,20:00,30,11,1470000,30000,49,小規模運航,120,2100000,1,1,4,35,40,96.9207943
23日,日本,羽田,日本,中部,20:30,30,11,1440000,30000,48,小規模運航,120,2100000,1,1,4,35,40,95.1536934
23日,日本,羽田,日本,中部,21:00,30,11,1260000,30000,42,小規模運航,120,2100000,1,1,4,35,40,83.295223
23日,日本,羽田,日本,中部,21:30,30,11,1290000,30000,43,小規模運航,120,2100000,1,1,4,35,40,97.6595929
23日,日本,羽田,日本,中部,22:00,30,11,990000,30000,33,小規模運航,120,2100000,1,1,4,35,40,92.5303148
23日,日本,羽田,日本,中部,22:30,30,11,1170000,30000,39,小規模運航,120,2100000,1,1,4,35,40,96.3508069
24日,日本,羽田,日本,中部,07:00,30,11,1230000,30000,41,小規模運航,120,2100000,1,1,4,35,40,72.3421466
24日,日本,羽田,日本,中部,07:30,30,11,1080000,30000,36,小規模運航,120,2100000,1,1,4,35,40,96.307062
24日,日本,羽田,日本,中部,08:00,30,11,1770000,30000,59,小規模運航,120,2100000,1,1,4,35,40,96.8313188
24日,日本,羽田,日本,中部,08:30,30,11,1530000,30000,51,小規模運航,120,2100000,1,1,4,35,40,92.2289756
24日,日本,羽田,日本,中部,09:00,30,11,1770000,30000,59,小規模運航,120,2100000,1,1,4,35,40,97.9305397
24日,日本,羽田,日本,中部,09:30,30,11,1740000,30000,58,小規模運航,120,2100000,1,1,4,35,40,98.5705513
24日,日本,羽田,日本,中部,10:00,30,11,1500000,30000,50,小規模運航,120,2100000,1,1,4,35,40,92.3942939
24日,日本,羽田,日本,中部,10:30,30,11,1470000,30000,49,小規模運航,120,2100000,1,1,4,35,40,85.5862992
24日,日本,羽田,日本,中部,11:00,30,11,1500000,30000,50,小規模運航,120,2100000,1,1,4,35,40,93.5511803
24日,日本,羽田,日本,中部,11:30,30,11,1470000,30000,49,小規模運航,120,2100000,1,1,4,35,40,95.9516549
24日,日本,羽田,日本,中部,12:00,30,11,1410000,30000,47,小規模運航,120,2100000,1,1,4,35,40,81.5724857
24日,日本,羽田,日本,中部,12:30,30,11,1440000,30000,48,小規模運航,120,2100000,1,1,4,35,40,89.6638497
24日,日本,羽田,日本,中部,13:00,30,11,1410000,30000,47,小規模運航,120,2100000,1,1,4,35,40,93.8274883
24日,日本,羽田,日本,中部,13:30,30,11,1320000,30000,44,小規模運航,120,2100000,1,1,4,35,40,97.2028267
24日,日本,羽田,日本,中部,14:00,30,11,1440000,30000,48,小規模運航,120,2100000,1,1,4,35,40,79.4006282
24日,日本,羽田,日本,中部,14:30,30,11,1530000,30000,51,小規模運航,120,2100000,1,1,4,35,40,95.7431758
24日,日本,羽田,日本,中部,15:00,30,11,1440000,30000,48,小規模運航,120,2100000,1,1,4,35,40,93.4817277
24日,日本,羽田,日本,中部,15:30,30,11,1260000,30000,42,小規模運航,120,2100000,1,1,4,35,40,79.0270448
24日,日本,羽田,日本,中部,16:00,30,11,1350000,30000,45,小規模運航,120,2100000,1,1,4,35,40,88.4560363
24日,日本,羽田,日本,中部,16:30,30,11,1380000,30000,46,小規模運航,120,2100000,1,1,4,35,40,95.1242669
24日,日本,羽田,日本,中部,17:00,30,11,1740000,30000,58,小規模運航,120,2100000,1,1,4,35,40,86.4072991
24日,日本,羽田,日本,中部,17:30,30,11,1590000,30000,53,小規模運航,120,2100000,1,1,4,35,40,95.3836743
24日,日本,羽田,日本,中部,18:00,30,11,1590000,30000,53,小規模運航,120,2100000,1,1,4,35,40,94.9184569
24日,日本,羽田,日本,中部,18:30,30,11,1710000,30000,57,小規模運航,120,2100000,1,1,4,35,40,89.8753305
24日,日本,羽田,日本,中部,19:00,30,11,1650000,30000,55,小規模運航,120,2100000,1,1,4,35,40,94.2761101
24日,日本,羽田,日本,中部,19:30,30,11,1590000,30000,53,小規模運航,120,2100000,1,1,4,35,40,98.1978876
24日,日本,羽田,日本,中部,20:00,30,11,1440000,30000,48,小規模運航,120,2100000,1,1,4,35,40,92.1579613
24日,日本,羽田,日本,中部,20:30,30,11,1500000,30000,50,小規模運航,120,2100000,1,1,4,35,40,98.0523134
24日,日本,羽田,日本,中部,21:00,30,11,1500000,30000,50,小規模運航,120,2100000,1,1,4,35,40,92.3941532
24日,日本,羽田,日本,中部,21:30,30,11,1350000,30000,45,小規模運航,120,2100000,1,1,4,35,40,93.609876
24日,日本,羽田,日本,中部,22:00,30,11,1080000,30000,36,小規模運航,120,2100000,1,1,4,35,40,88.9309366
24日,日本,羽田,日本,中部,22:30,30,11,1080000,30000,36,小規模運航,120,2100000,1,1,4,35,40,78.0625286
25日,日本,羽田,日本,中部,07:00,30,11,1020000,30000,34,小規模運航,120,2100000,1,1,4,35,40,85.1136609
25日,日本,羽田,日本,中部,07:30,30,11,1020000,30000,34,小規模運航,120,2100000,1,1,4,35,40,96.7083787
25日,日本,羽田,日本,中部,08:00,30,11,1650000,30000,55,小規模運航,120,2100000,1,1,4,35,40,98.3560875
25日,日本,羽田,日本,中部,08:30,30,11,1590000,30000,53,小規模運航,120,2100000,1,1,4,35,40,96.7064274
25日,日本,羽田,日本,中部,09:00,30,11,1620000,30000,54,小規模運航,120,2100000,1,1,4,35,40,83.4112966
25日,日本,羽田,日本,中部,09:30,30,11,1560000,30000,52,小規模運航,120,2100000,1,1,4,35,40,95.5217853
25日,日本,羽田,日本,中部,10:00,30,11,1500000,30000,50,小規模運航,120,2100000,1,1,4,35,40,92.3942939
25日,日本,羽田,日本,中部,10:30,30,11,1470000,30000,49,小規模運航,120,2100000,1,1,4,35,40,85.5862992
25日,日本,羽田,日本,中部,11:00,30,11,1470000,30000,49,小規模運航,120,2100000,1,1,4,35,40,95.6557952
25日,日本,羽田,日本,中部,11:30,30,11,1470000,30000,49,小規模運航,120,2100000,1,1,4,35,40,95.9516549
25日,日本,羽田,日本,中部,12:00,30,11,1380000,30000,46,小規模運航,120,2100000,1,1,4,35,40,79.3691435
25日,日本,羽田,日本,中部,12:30,30,11,1470000,30000,49,小規模運航,120,2100000,1,1,4,35,40,91.5584335
25日,日本,羽田,日本,中部,13:00,30,11,1470000,30000,49,小規模運航,120,2100000,1,1,4,35,40,98.5289212
25日,日本,羽田,日本,中部,13:30,30,11,1290000,30000,43,小規模運航,120,2100000,1,1,4,35,40,95.961988
25日,日本,羽田,日本,中部,14:00,30,11,1320000,30000,44,小規模運航,120,2100000,1,1,4,35,40,86.7855315
25日,日本,羽田,日本,中部,14:30,30,11,1410000,30000,47,小規模運航,120,2100000,1,1,4,35,40,92.1743121
25日,日本,羽田,日本,中部,15:00,30,11,1470000,30000,49,小規模運航,120,2100000,1,1,4,35,40,89.9324668
25日,日本,羽田,日本,中部,15:30,30,11,1500000,30000,50,小規模運航,120,2100000,1,1,4,35,40,95.8925956
25日,日本,羽田,日本,中部,16:00,30,11,1350000,30000,45,小規模運航,120,2100000,1,1,4,35,40,88.4560363
25日,日本,羽田,日本,中部,16:30,30,11,1290000,30000,43,小規模運航,120,2100000,1,1,4,35,40,82.8209217
25日,日本,羽田,日本,中部,17:00,30,11,1710000,30000,57,小規模運航,120,2100000,1,1,4,35,40,98.9621065
25日,日本,羽田,日本,中部,17:30,30,11,1740000,30000,58,小規模運航,120,2100000,1,1,4,35,40,96.3911385
25日,日本,羽田,日本,中部,18:00,30,11,1770000,30000,59,小規模運航,120,2100000,1,1,4,35,40,98.7401441
25日,日本,羽田,日本,中部,18:30,30,11,1620000,30000,54,小規模運航,120,2100000,1,1,4,35,40,80.1725183
25日,日本,羽田,日本,中部,19:00,30,11,1740000,30000,58,小規模運航,120,2100000,1,1,4,35,40,98.4720241
25日,日本,羽田,日本,中部,19:30,30,11,1770000,30000,59,小規模運航,120,2100000,1,1,4,35,40,84.8117079
25日,日本,羽田,日本,中部,20:00,30,11,1320000,30000,44,小規模運航,120,2100000,1,1,4,35,40,81.5939812
25日,日本,羽田,日本,中部,20:30,30,11,1290000,30000,43,小規模運航,120,2100000,1,1,4,35,40,81.048246
25日,日本,羽田,日本,中部,21:00,30,11,1380000,30000,46,小規模運航,120,2100000,1,1,4,35,40,96.3147655
25日,日本,羽田,日本,中部,21:30,30,11,1380000,30000,46,小規模運航,120,2100000,1,1,4,35,40,96.9992135
25日,日本,羽田,日本,中部,22:00,30,11,1230000,30000,41,小規模運航,120,2100000,1,1,4,35,40,94.2408262
25日,日本,羽田,日本,中部,22:30,30,11,1140000,30000,38,小規模運航,120,2100000,1,1,4,35,40,92.2048578
26日,日本,羽田,日本,中部,07:00,30,11,1230000,30000,41,小規模運航,120,2100000,1,1,4,35,40,72.3421466
26日,日本,羽田,日本,中部,07:30,30,11,1140000,30000,38,小規模運航,120,2100000,1,1,4,35,40,90.4691163
26日,日本,羽田,日本,中部,08:00,30,11,1770000,30000,59,小規模運航,120,2100000,1,1,4,35,40,96.8313188
26日,日本,羽田,日本,中部,08:30,30,11,1710000,30000,57,小規模運航,120,2100000,1,1,4,35,40,95.0274473
26日,日本,羽田,日本,中部,09:00,30,11,1740000,30000,58,小規模運航,120,2100000,1,1,4,35,40,95.8114214
26日,日本,羽田,日本,中部,09:30,30,11,1680000,30000,56,小規模運航,120,2100000,1,1,4,35,40,98.4035673
26日,日本,羽田,日本,中部,10:00,30,11,1500000,30000,50,小規模運航,120,2100000,1,1,4,35,40,92.3942939
26日,日本,羽田,日本,中部,10:30,30,11,1290000,30000,43,小規模運航,120,2100000,1,1,4,35,40,81.6819172
26日,日本,羽田,日本,中部,11:00,30,11,1500000,30000,50,小規模運航,120,2100000,1,1,4,35,40,93.5511803
26日,日本,羽田,日本,中部,11:30,30,11,1410000,30000,47,小規模運航,120,2100000,1,1,4,35,40,95.4864632
26日,日本,羽田,日本,中部,12:00,30,11,1290000,30000,43,小規模運航,120,2100000,1,1,4,35,40,97.8348021
26日,日本,羽田,日本,中部,12:30,30,11,1410000,30000,47,小規模運航,120,2100000,1,1,4,35,40,91.981997
26日,日本,羽田,日本,中部,13:00,30,11,1260000,30000,42,小規模運航,120,2100000,1,1,4,35,40,95.7660872
26日,日本,羽田,日本,中部,13:30,30,11,1440000,30000,48,小規模運航,120,2100000,1,1,4,35,40,95.6332278
26日,日本,羽田,日本,中部,14:00,30,11,1350000,30000,45,小規模運航,120,2100000,1,1,4,35,40,94.1308482
26日,日本,羽田,日本,中部,14:30,30,11,1440000,30000,48,小規模運航,120,2100000,1,1,4,35,40,98.6300796
26日,日本,羽田,日本,中部,15:00,30,11,1320000,30000,44,小規模運航,120,2100000,1,1,4,35,40,96.5713047
26日,日本,羽田,日本,中部,15:30,30,11,1260000,30000,42,小規模運航,120,2100000,1,1,4,35,40,79.0270448
26日,日本,羽田,日本,中部,16:00,30,11,1290000,30000,43,小規模運航,120,2100000,1,1,4,35,40,85.1873962
26日,日本,羽田,日本,中部,16:30,30,11,1500000,30000,50,小規模運航,120,2100000,1,1,4,35,40,98.2802861
26日,日本,羽田,日本,中部,17:00,30,11,1650000,30000,55,小規模運航,120,2100000,1,1,4,35,40,95.3938781
26日,日本,羽田,日本,中部,17:30,30,11,1740000,30000,58,小規模運航,120,2100000,1,1,4,35,40,96.3911385
26日,日本,羽田,日本,中部,18:00,30,11,1710000,30000,57,小規模運航,120,2100000,1,1,4,35,40,98.1397793
26日,日本,羽田,日本,中部,18:30,30,11,1680000,30000,56,小規模運航,120,2100000,1,1,4,35,40,94.085251
26日,日本,羽田,日本,中部,19:00,30,11,1620000,30000,54,小規模運航,120,2100000,1,1,4,35,40,98.6777162
26日,日本,羽田,日本,中部,19:30,30,11,1620000,30000,54,小規模運航,120,2100000,1,1,4,35,40,70.4902346
26日,日本,羽田,日本,中部,20:00,30,11,1440000,30000,48,小規模運航,120,2100000,1,1,4,35,40,92.1579613
26日,日本,羽田,日本,中部,20:30,30,11,1260000,30000,42,小規模運航,120,2100000,1,1,4,35,40,95.3821794
26日,日本,羽田,日本,中部,21:00,30,11,1410000,30000,47,小規模運航,120,2100000,1,1,4,35,40,87.7511403
26日,日本,羽田,日本,中部,21:30,30,11,1350000,30000,45,小規模運航,120,2100000,1,1,4,35,40,93.609876
26日,日本,羽田,日本,中部,22:00,30,11,1200000,30000,40,小規模運航,120,2100000,1,1,4,35,40,97.8433769
26日,日本,羽田,日本,中部,22:30,30,11,1020000,30000,34,小規模運航,120,2100000,1,1,4,35,40,89.4765126
27日,日本,羽田,日本,中部,07:00,30,11,1140000,30000,38,小規模運航,120,2100000,1,1,4,35,40,90.0865604
27日,日本,羽田,日本,中部,07:30,30,11,1230000,30000,41,小規模運航,120,2100000,1,1,4,35,40,97.1581222
27日,日本,羽田,日本,中部,08:00,30,11,1590000,30000,53,小規模運航,120,2100000,1,1,4,35,40,96.755708
27日,日本,羽田,日本,中部,08:30,30,11,1710000,30000,57,小規模運航,120,2100000,1,1,4,35,40,95.0274473
27日,日本,羽田,日本,中部,09:00,30,11,1770000,30000,59,小規模運航,120,2100000,1,1,4,35,40,97.9305397
27日,日本,羽田,日本,中部,09:30,30,11,1650000,30000,55,小規模運航,120,2100000,1,1,4,35,40,85.1842033
27日,日本,羽田,日本,中部,10:00,30,11,1440000,30000,48,小規模運航,120,2100000,1,1,4,35,40,98.4358277
27日,日本,羽田,日本,中部,10:30,30,11,1260000,30000,42,小規模運航,120,2100000,1,1,4,35,40,97.8775251
27日,日本,羽田,日本,中部,11:00,30,11,1470000,30000,49,小規模運航,120,2100000,1,1,4,35,40,95.6557952
27日,日本,羽田,日本,中部,11:30,30,11,1410000,30000,47,小規模運航,120,2100000,1,1,4,35,40,95.4864632
27日,日本,羽田,日本,中部,12:00,30,11,1500000,30000,50,小規模運航,120,2100000,1,1,4,35,40,94.6636442
27日,日本,羽田,日本,中部,12:30,30,11,1260000,30000,42,小規模運航,120,2100000,1,1,4,35,40,96.6163686
27日,日本,羽田,日本,中部,13:00,30,11,1440000,30000,48,小規模運航,120,2100000,1,1,4,35,40,93.8019449
27日,日本,羽田,日本,中部,13:30,30,11,1500000,30000,50,小規模運航,120,2100000,1,1,4,35,40,97.0313748
27日,日本,羽田,日本,中部,14:00,30,11,1290000,30000,43,小規模運航,120,2100000,1,1,4,35,40,71.251569
27日,日本,羽田,日本,中部,14:30,30,11,1350000,30000,45,小規模運航,120,2100000,1,1,4,35,40,97.1260845
27日,日本,羽田,日本,中部,15:00,30,11,1410000,30000,47,小規模運航,120,2100000,1,1,4,35,40,83.8718287
27日,日本,羽田,日本,中部,15:30,30,11,1350000,30000,45,小規模運航,120,2100000,1,1,4,35,40,95.0616077
27日,日本,羽田,日本,中部,16:00,30,11,1380000,30000,46,小規模運航,120,2100000,1,1,4,35,40,92.6790051
27日,日本,羽田,日本,中部,16:30,30,11,1440000,30000,48,小規模運航,120,2100000,1,1,4,35,40,93.572171
27日,日本,羽田,日本,中部,17:00,30,11,1710000,30000,57,小規模運航,120,2100000,1,1,4,35,40,98.9621065
27日,日本,羽田,日本,中部,17:30,30,11,1680000,30000,56,小規模運航,120,2100000,1,1,4,35,40,94.8786686
27日,日本,羽田,日本,中部,18:00,30,11,1740000,30000,58,小規模運航,120,2100000,1,1,4,35,40,93.4685478
27日,日本,羽田,日本,中部,18:30,30,11,1740000,30000,58,小規模運航,120,2100000,1,1,4,35,40,98.484616
27日,日本,羽田,日本,中部,19:00,30,11,1650000,30000,55,小規模運航,120,2100000,1,1,4,35,40,94.2761101
27日,日本,羽田,日本,中部,19:30,30,11,1650000,30000,55,小規模運航,120,2100000,1,1,4,35,40,79.6887927
27日,日本,羽田,日本,中部,20:00,30,11,1470000,30000,49,小規模運航,120,2100000,1,1,4,35,40,96.9207943
27日,日本,羽田,日本,中部,20:30,30,11,1350000,30000,45,小規模運航,120,2100000,1,1,4,35,40,79.3477593
27日,日本,羽田,日本,中部,21:00,30,11,1440000,30000,48,小規模運航,120,2100000,1,1,4,35,40,93.4349847
27日,日本,羽田,日本,中部,21:30,30,11,1350000,30000,45,小規模運航,120,2100000,1,1,4,35,40,93.609876
27日,日本,羽田,日本,中部,22:00,30,11,1050000,30000,35,小規模運航,120,2100000,1,1,4,35,40,97.15015
27日,日本,羽田,日本,中部,22:30,30,11,990000,30000,33,小規模運航,120,2100000,1,1,4,35,40,69.415881
28日,日本,羽田,日本,中部,07:00,30,11,1200000,30000,40,小規模運航,120,2100000,1,1,4,35,40,79.4752261
28日,日本,羽田,日本,中部,07:30,30,11,1110000,30000,37,小規模運航,120,2100000,1,1,4,35,40,80.5991516
28日,日本,羽田,日本,中部,08:00,30,11,1740000,30000,58,小規模運航,120,2100000,1,1,4,35,40,97.0108202
28日,日本,羽田,日本,中部,08:30,30,11,1770000,30000,59,小規模運航,120,2100000,1,1,4,35,40,98.2162213
28日,日本,羽田,日本,中部,09:00,30,11,1650000,30000,55,小規模運航,120,2100000,1,1,4,35,40,89.9037096
28日,日本,羽田,日本,中部,09:30,30,11,1620000,30000,54,小規模運航,120,2100000,1,1,4,35,40,84.8883642
28日,日本,羽田,日本,中部,10:00,30,11,1410000,30000,47,小規模運航,120,2100000,1,1,4,35,40,79.107171
28日,日本,羽田,日本,中部,10:30,30,11,1410000,30000,47,小規模運航,120,2100000,1,1,4,35,40,97.986839
28日,日本,羽田,日本,中部,11:00,30,11,1320000,30000,44,小規模運航,120,2100000,1,1,4,35,40,85.4285811
28日,日本,羽田,日本,中部,11:30,30,11,1380000,30000,46,小規模運航,120,2100000,1,1,4,35,40,95.6400822
28日,日本,羽田,日本,中部,12:00,30,11,1410000,30000,47,小規模運航,120,2100000,1,1,4,35,40,81.5724857
28日,日本,羽田,日本,中部,12:30,30,11,1500000,30000,50,小規模運航,120,2100000,1,1,4,35,40,98.223059
28日,日本,羽田,日本,中部,13:00,30,11,1410000,30000,47,小規模運航,120,2100000,1,1,4,35,40,93.8274883
28日,日本,羽田,日本,中部,13:30,30,11,1290000,30000,43,小規模運航,120,2100000,1,1,4,35,40,95.961988
28日,日本,羽田,日本,中部,14:00,30,11,1470000,30000,49,小規模運航,120,2100000,1,1,4,35,40,92.6107933
28日,日本,羽田,日本,中部,14:30,30,11,1350000,30000,45,小規模運航,120,2100000,1,1,4,35,40,97.1260845
28日,日本,羽田,日本,中部,15:00,30,11,1380000,30000,46,小規模運航,120,2100000,1,1,4,35,40,95.0815987
28日,日本,羽田,日本,中部,15:30,30,11,1260000,30000,42,小規模運航,120,2100000,1,1,4,35,40,79.0270448
28日,日本,羽田,日本,中部,16:00,30,11,1470000,30000,49,小規模運航,120,2100000,1,1,4,35,40,76.0776768
28日,日本,羽田,日本,中部,16:30,30,11,1290000,30000,43,小規模運航,120,2100000,1,1,4,35,40,82.8209217
28日,日本,羽田,日本,中部,17:00,30,11,1680000,30000,56,小規模運航,120,2100000,1,1,4,35,40,95.8196195
28日,日本,羽田,日本,中部,17:30,30,11,1620000,30000,54,小規模運航,120,2100000,1,1,4,35,40,95.5682011
28日,日本,羽田,日本,中部,18:00,30,11,1740000,30000,58,小規模運航,120,2100000,1,1,4,35,40,93.4685478
28日,日本,羽田,日本,中部,18:30,30,11,1770000,30000,59,小規模運航,120,2100000,1,1,4,35,40,95.787962
28日,日本,羽田,日本,中部,19:00,30,11,1770000,30000,59,小規模運航,120,2100000,1,1,4,35,40,93.1592842
28日,日本,羽田,日本,中部,19:30,30,11,1770000,30000,59,小規模運航,120,2100000,1,1,4,35,40,84.8117079
28日,日本,羽田,日本,中部,20:00,30,11,1410000,30000,47,小規模運航,120,2100000,1,1,4,35,40,98.8493943
28日,日本,羽田,日本,中部,20:30,30,11,1440000,30000,48,小規模運航,120,2100000,1,1,4,35,40,95.1536934
28日,日本,羽田,日本,中部,21:00,30,11,1380000,30000,46,小規模運航,120,2100000,1,1,4,35,40,96.3147655
28日,日本,羽田,日本,中部,21:30,30,11,1380000,30000,46,小規模運航,120,2100000,1,1,4,35,40,96.9992135
28日,日本,羽田,日本,中部,22:00,30,11,1140000,30000,38,小規模運航,120,2100000,1,1,4,35,40,92.5349325
28日,日本,羽田,日本,中部,22:30,30,11,1200000,30000,40,小規模運航,120,2100000,1,1,4,35,40,89.7759769
29日,日本,羽田,日本,中部,07:00,30,11,1050000,30000,35,小規模運航,120,2100000,1,1,4,35,40,69.9626654
29日,日本,羽田,日本,中部,07:30,30,11,1200000,30000,40,小規模運航,120,2100000,1,1,4,35,40,97.5489535
29日,日本,羽田,日本,中部,08:00,30,11,1560000,30000,52,小規模運航,120,2100000,1,1,4,35,40,98.1479048
29日,日本,羽田,日本,中部,08:30,30,11,1740000,30000,58,小規模運航,120,2100000,1,1,4,35,40,97.7897727
29日,日本,羽田,日本,中部,09:00,30,11,1680000,30000,56,小規模運航,120,2100000,1,1,4,35,40,91.4466813
29日,日本,羽田,日本,中部,09:30,30,11,1740000,30000,58,小規模運航,120,2100000,1,1,4,35,40,98.5705513
29日,日本,羽田,日本,中部,10:00,30,11,1350000,30000,45,小規模運航,120,2100000,1,1,4,35,40,83.0948083
29日,日本,羽田,日本,中部,10:30,30,11,1530000,30000,51,小規模運航,120,2100000,1,1,4,35,40,82.7684415
29日,日本,羽田,日本,中部,11:00,30,11,1470000,30000,49,小規模運航,120,2100000,1,1,4,35,40,95.6557952
29日,日本,羽田,日本,中部,11:30,30,11,1320000,30000,44,小規模運航,120,2100000,1,1,4,35,40,97.6162965
29日,日本,羽田,日本,中部,12:00,30,11,1500000,30000,50,小規模運航,120,2100000,1,1,4,35,40,94.6636442
29日,日本,羽田,日本,中部,12:30,30,11,1380000,30000,46,小規模運航,120,2100000,1,1,4,35,40,95.1037933
29日,日本,羽田,日本,中部,13:00,30,11,1470000,30000,49,小規模運航,120,2100000,1,1,4,35,40,98.5289212
29日,日本,羽田,日本,中部,13:30,30,11,1380000,30000,46,小規模運航,120,2100000,1,1,4,35,40,92.3968776
29日,日本,羽田,日本,中部,14:00,30,11,1260000,30000,42,小規模運航,120,2100000,1,1,4,35,40,98.2198021
29日,日本,羽田,日本,中部,14:30,30,11,1410000,30000,47,小規模運航,120,2100000,1,1,4,35,40,92.1743121
29日,日本,羽田,日本,中部,15:00,30,11,1290000,30000,43,小規模運航,120,2100000,1,1,4,35,40,98.0780701
29日,日本,羽田,日本,中部,15:30,30,11,1410000,30000,47,小規模運航,120,2100000,1,1,4,35,40,97.758487
29日,日本,羽田,日本,中部,16:00,30,11,1470000,30000,49,小規模運航,120,2100000,1,1,4,35,40,76.0776768
29日,日本,羽田,日本,中部,16:30,30,11,1410000,30000,47,小規模運航,120,2100000,1,1,4,35,40,82.6983805
29日,日本,羽田,日本,中部,17:00,30,11,1770000,30000,59,小規模運航,120,2100000,1,1,4,35,40,98.4392033
29日,日本,羽田,日本,中部,17:30,30,11,1770000,30000,59,小規模運航,120,2100000,1,1,4,35,40,88.0144803
29日,日本,羽田,日本,中部,18:00,30,11,1650000,30000,55,小規模運航,120,2100000,1,1,4,35,40,82.9452431
29日,日本,羽田,日本,中部,18:30,30,11,1590000,30000,53,小規模運航,120,2100000,1,1,4,35,40,94.2011589
29日,日本,羽田,日本,中部,19:00,30,11,1680000,30000,56,小規模運航,120,2100000,1,1,4,35,40,98.9400567
29日,日本,羽田,日本,中部,19:30,30,11,1620000,30000,54,小規模運航,120,2100000,1,1,4,35,40,70.4902346
29日,日本,羽田,日本,中部,20:00,30,11,1290000,30000,43,小規模運航,120,2100000,1,1,4,35,40,97.1100892
29日,日本,羽田,日本,中部,20:30,30,11,1440000,30000,48,小規模運航,120,2100000,1,1,4,35,40,95.1536934
29日,日本,羽田,日本,中部,21:00,30,11,1410000,30000,47,小規模運航,120,2100000,1,1,4,35,40,87.7511403
29日,日本,羽田,日本,中部,21:30,30,11,1500000,30000,50,小規模運航,120,2100000,1,1,4,35,40,95.2879821
29日,日本,羽田,日本,中部,22:00,30,11,1110000,30000,37,小規模運航,120,2100000,1,1,4,35,40,97.7142765
29日,日本,羽田,日本,中部,22:30,30,11,1140000,30000,38,小規模運航,120,2100000,1,1,4,35,40,92.2048578
30日,日本,羽田,日本,中部,07:00,30,11,1110000,30000,37,小規模運航,120,2100000,1,1,4,35,40,70.9546064
30日,日本,羽田,日本,中部,07:30,30,11,1170000,30000,39,小規模運航,120,2100000,1,1,4,35,40,94.6535521
30日,日本,羽田,日本,中部,08:00,30,11,1680000,30000,56,小規模運航,120,2100000,1,1,4,35,40,93.4694894
30日,日本,羽田,日本,中部,08:30,30,11,1770000,30000,59,小規模運航,120,2100000,1,1,4,35,40,98.2162213
30日,日本,羽田,日本,中部,09:00,30,11,1770000,30000,59,小規模運航,120,2100000,1,1,4,35,40,97.9305397
30日,日本,羽田,日本,中部,09:30,30,11,1590000,30000,53,小規模運航,120,2100000,1,1,4,35,40,95.6301367
30日,日本,羽田,日本,中部,10:00,30,11,1260000,30000,42,小規模運航,120,2100000,1,1,4,35,40,95.1699587
30日,日本,羽田,日本,中部,10:30,30,11,1320000,30000,44,小規模運航,120,2100000,1,1,4,35,40,79.2293712
30日,日本,羽田,日本,中部,11:00,30,11,1500000,30000,50,小規模運航,120,2100000,1,1,4,35,40,93.5511803
30日,日本,羽田,日本,中部,11:30,30,11,1470000,30000,49,小規模運航,120,2100000,1,1,4,35,40,95.9516549
30日,日本,羽田,日本,中部,12:00,30,11,1440000,30000,48,小規模運航,120,2100000,1,1,4,35,40,90.2527804
30日,日本,羽田,日本,中部,12:30,30,11,1290000,30000,43,小規模運航,120,2100000,1,1,4,35,40,91.7727224
30日,日本,羽田,日本,中部,13:00,30,11,1320000,30000,44,小規模運航,120,2100000,1,1,4,35,40,96.319326
30日,日本,羽田,日本,中部,13:30,30,11,1290000,30000,43,小規模運航,120,2100000,1,1,4,35,40,95.961988
30日,日本,羽田,日本,中部,14:00,30,11,1410000,30000,47,小規模運航,120,2100000,1,1,4,35,40,98.5072415
30日,日本,羽田,日本,中部,14:30,30,11,1320000,30000,44,小規模運航,120,2100000,1,1,4,35,40,78.3305594
30日,日本,羽田,日本,中部,15:00,30,11,1350000,30000,45,小規模運航,120,2100000,1,1,4,35,40,93.2686999
30日,日本,羽田,日本,中部,15:30,30,11,1260000,30000,42,小規模運航,120,2100000,1,1,4,35,40,79.0270448
30日,日本,羽田,日本,中部,16:00,30,11,1440000,30000,48,小規模運航,120,2100000,1,1,4,35,40,92.7818886
30日,日本,羽田,日本,中部,16:30,30,11,1320000,30000,44,小規模運航,120,2100000,1,1,4,35,40,86.4047277
30日,日本,羽田,日本,中部,17:00,30,11,1530000,30000,51,小規模運航,120,2100000,1,1,4,35,40,95.8767241
30日,日本,羽田,日本,中部,17:30,30,11,1800000,30000,60,小規模運航,120,2100000,1,1,4,35,40,94.7575359
30日,日本,羽田,日本,中部,18:00,30,11,1650000,30000,55,小規模運航,120,2100000,1,1,4,35,40,82.9452431
30日,日本,羽田,日本,中部,18:30,30,11,1560000,30000,52,小規模運航,120,2100000,1,1,4,35,40,95.6195291
30日,日本,羽田,日本,中部,19:00,30,11,1710000,30000,57,小規模運航,120,2100000,1,1,4,35,40,94.8936984
30日,日本,羽田,日本,中部,19:30,30,11,1650000,30000,55,小規模運航,120,2100000,1,1,4,35,40,79.6887927
30日,日本,羽田,日本,中部,20:00,30,11,1440000,30000,48,小規模運航,120,2100000,1,1,4,35,40,92.1579613
30日,日本,羽田,日本,中部,20:30,30,11,1530000,30000,51,小規模運航,120,2100000,1,1,4,35,40,95.9381262
30日,日本,羽田,日本,中部,21:00,30,11,1500000,30000,50,小規模運航,120,2100000,1,1,4,35,40,92.3941532
30日,日本,羽田,日本,中部,21:30,30,11,1410000,30000,47,小規模運航,120,2100000,1,1,4,35,40,78.9857053
30日,日本,羽田,日本,中部,22:00,30,11,1050000,30000,35,小規模運航,120,2100000,1,1,4,35,40,97.15015
30日,日本,羽田,日本,中部,22:30,30,11,1230000,30000,41,小規模運航,120,2100000,1,1,4,35,40,91.2883838
31日,日本,羽田,日本,中部,07:00,30,11,1200000,30000,40,小規模運航,120,2100000,1,1,4,35,40,79.4752261
31日,日本,羽田,日本,中部,07:30,30,11,1050000,30000,35,小規模運航,120,2100000,1,1,4,35,40,95.9965453
31日,日本,羽田,日本,中部,08:00,30,11,1590000,30000,53,小規模運航,120,2100000,1,1,4,35,40,96.755708
31日,日本,羽田,日本,中部,08:30,30,11,1740000,30000,58,小規模運航,120,2100000,1,1,4,35,40,97.7897727
31日,日本,羽田,日本,中部,09:00,30,11,1800000,30000,60,小規模運航,120,2100000,1,1,4,35,40,90.1135653
31日,日本,羽田,日本,中部,09:30,30,11,1770000,30000,59,小規模運航,120,2100000,1,1,4,35,40,96.4610979
31日,日本,羽田,日本,中部,10:00,30,11,1410000,30000,47,小規模運航,120,2100000,1,1,4,35,40,79.107171
31日,日本,羽田,日本,中部,10:30,30,11,1410000,30000,47,小規模運航,120,2100000,1,1,4,35,40,97.986839
31日,日本,羽田,日本,中部,11:00,30,11,1350000,30000,45,小規模運航,120,2100000,1,1,4,35,40,97.7975584
31日,日本,羽田,日本,中部,11:30,30,11,1290000,30000,43,小規模運航,120,2100000,1,1,4,35,40,89.8047889
31日,日本,羽田,日本,中部,12:00,30,11,1290000,30000,43,小規模運航,120,2100000,1,1,4,35,40,97.8348021
31日,日本,羽田,日本,中部,12:30,30,11,1470000,30000,49,小規模運航,120,2100000,1,1,4,35,40,91.5584335
31日,日本,羽田,日本,中部,13:00,30,11,1320000,30000,44,小規模運航,120,2100000,1,1,4,35,40,96.319326
31日,日本,羽田,日本,中部,13:30,30,11,1410000,30000,47,小規模運航,120,2100000,1,1,4,35,40,92.239994
31日,日本,羽田,日本,中部,14:00,30,11,1320000,30000,44,小規模運航,120,2100000,1,1,4,35,40,86.7855315
31日,日本,羽田,日本,中部,14:30,30,11,1290000,30000,43,小規模運航,120,2100000,1,1,4,35,40,98.4985252
31日,日本,羽田,日本,中部,15:00,30,11,1500000,30000,50,小規模運航,120,2100000,1,1,4,35,40,96.240318
31日,日本,羽田,日本,中部,15:30,30,11,1260000,30000,42,小規模運航,120,2100000,1,1,4,35,40,79.0270448
31日,日本,羽田,日本,中部,16:00,30,11,1440000,30000,48,小規模運航,120,2100000,1,1,4,35,40,92.7818886
31日,日本,羽田,日本,中部,16:30,30,11,1350000,30000,45,小規模運航,120,2100000,1,1,4,35,40,95.4920328
31日,日本,羽田,日本,中部,17:00,30,11,1680000,30000,56,小規模運航,120,2100000,1,1,4,35,40,95.8196195
31日,日本,羽田,日本,中部,17:30,30,11,1620000,30000,54,小規模運航,120,2100000,1,1,4,35,40,95.5682011
31日,日本,羽田,日本,中部,18:00,30,11,1680000,30000,56,小規模運航,120,2100000,1,1,4,35,40,94.3617177
31日,日本,羽田,日本,中部,18:30,30,11,1620000,30000,54,小規模運航,120,2100000,1,1,4,35,40,80.1725183
31日,日本,羽田,日本,中部,19:00,30,11,1740000,30000,58,小規模運航,120,2100000,1,1,4,35,40,98.4720241
31日,日本,羽田,日本,中部,19:30,30,11,1530000,30000,51,小規模運航,120,2100000,1,1,4,35,40,94.8894064
31日,日本,羽田,日本,中部,20:00,30,11,1320000,30000,44,小規模運航,120,2100000,1,1,4,35,40,81.5939812
31日,日本,羽田,日本,中部,20:30,30,11,1350000,30000,45,小規模運航,120,2100000,1,1,4,35,40,79.3477593
31日,日本,羽田,日本,中部,21:00,30,11,1320000,30000,44,小規模運航,120,2100000,1,1,4,35,40,78.5733983
31日,日本,羽田,日本,中部,21:30,30,11,1320000,30000,44,小規模運航,120,2100000,1,1,4,35,40,95.4670435
31日,日本,羽田,日本,中部,22:00,30,11,1110000,30000,37,小規模運航,120,2100000,1,1,4,35,40,97.7142765
31日,日本,羽田,日本,中部,22:30,30,11,1050000,30000,35,小規模運航,120,2100000,1,1,4,35,40,93.5130792
1日,日本,羽田,日本,那覇,07:00,120,6,990000,30000,33,小規模運航,120,2100000,1,1,4,35,40,90.2893491
1日,日本,羽田,日本,那覇,07:30,120,6,1020000,30000,34,小規模運航,120,2100000,1,1,4,35,40,95.3869235
1日,日本,羽田,日本,那覇,08:00,120,6,1530000,30000,51,小規模運航,120,2100000,1,1,4,35,40,93.2223241
1日,日本,羽田,日本,那覇,08:30,120,6,1620000,30000,54,小規模運航,120,2100000,1,1,4,35,40,94.1112725
1日,日本,羽田,日本,那覇,09:00,120,6,1590000,30000,53,小規模運航,120,2100000,1,1,4,35,40,94.2266114
1日,日本,羽田,日本,那覇,09:30,120,6,1590000,30000,53,小規模運航,120,2100000,1,1,4,35,40,94.9173141
1日,日本,羽田,日本,那覇,10:00,120,6,1320000,30000,44,小規模運航,120,2100000,1,1,4,35,40,98.815877
1日,日本,羽田,日本,那覇,10:30,120,6,1320000,30000,44,小規模運航,120,2100000,1,1,4,35,40,91.4872139
1日,日本,羽田,日本,那覇,11:00,120,6,1380000,30000,46,小規模運航,120,2100000,1,1,4,35,40,91.2011674
1日,日本,羽田,日本,那覇,11:30,120,6,1500000,30000,50,小規模運航,120,2100000,1,1,4,35,40,89.4506196
1日,日本,羽田,日本,那覇,12:00,120,6,1500000,30000,50,小規模運航,120,2100000,1,1,4,35,40,97.4906944
1日,日本,羽田,日本,那覇,12:30,120,6,1470000,30000,49,小規模運航,120,2100000,1,1,4,35,40,86.0986102
1日,日本,羽田,日本,那覇,13:00,120,6,1380000,30000,46,小規模運航,120,2100000,1,1,4,35,40,90.744262
1日,日本,羽田,日本,那覇,13:30,120,6,1350000,30000,45,小規模運航,120,2100000,1,1,4,35,40,96.0730755
1日,日本,羽田,日本,那覇,14:00,120,6,1500000,30000,50,小規模運航,120,2100000,1,1,4,35,40,89.1017072
1日,日本,羽田,日本,那覇,14:30,120,6,1440000,30000,48,小規模運航,120,2100000,1,1,4,35,40,87.6191101
1日,日本,羽田,日本,那覇,15:00,120,6,1410000,30000,47,小規模運航,120,2100000,1,1,4,35,40,94.9453794
1日,日本,羽田,日本,那覇,15:30,120,6,1260000,30000,42,小規模運航,120,2100000,1,1,4,35,40,75.6196315
1日,日本,羽田,日本,那覇,16:00,120,6,1410000,30000,47,小規模運航,120,2100000,1,1,4,35,40,98.6077764
1日,日本,羽田,日本,那覇,16:30,120,6,1350000,30000,45,小規模運航,120,2100000,1,1,4,35,40,97.5800318
1日,日本,羽田,日本,那覇,17:00,120,6,1560000,30000,52,小規模運航,120,2100000,1,1,4,35,40,95.6063848
1日,日本,羽田,日本,那覇,17:30,120,6,1560000,30000,52,小規模運航,120,2100000,1,1,4,35,40,88.9000919
1日,日本,羽田,日本,那覇,18:00,120,6,1620000,30000,54,小規模運航,120,2100000,1,1,4,35,40,90.1970267
1日,日本,羽田,日本,那覇,18:30,120,6,1560000,30000,52,小規模運航,120,2100000,1,1,4,35,40,96.5243326
1日,日本,羽田,日本,那覇,19:00,120,6,1710000,30000,57,小規模運航,120,2100000,1,1,4,35,40,97.182972
1日,日本,羽田,日本,那覇,19:30,120,6,1770000,30000,59,小規模運航,120,2100000,1,1,4,35,40,98.828261
1日,日本,羽田,日本,那覇,20:00,120,6,1410000,30000,47,小規模運航,120,2100000,1,1,4,35,40,81.3766857
1日,日本,羽田,日本,那覇,20:30,120,6,1410000,30000,47,小規模運航,120,2100000,1,1,4,35,40,90.7856645
1日,日本,羽田,日本,那覇,21:00,120,6,1410000,30000,47,小規模運航,120,2100000,1,1,4,35,40,94.4260086
1日,日本,羽田,日本,那覇,21:30,120,6,1260000,30000,42,小規模運航,120,2100000,1,1,4,35,40,94.085877
1日,日本,羽田,日本,那覇,22:00,120,6,1200000,30000,40,小規模運航,120,2100000,1,1,4,35,40,97.8305395
1日,日本,羽田,日本,那覇,22:30,120,6,1140000,30000,38,小規模運航,120,2100000,1,1,4,35,40,97.9412187
2日,日本,羽田,日本,那覇,07:00,120,6,1050000,30000,35,小規模運航,120,2100000,1,1,4,35,40,78.2742019
2日,日本,羽田,日本,那覇,07:30,120,6,1200000,30000,40,小規模運航,120,2100000,1,1,4,35,40,95.6669225
2日,日本,羽田,日本,那覇,08:00,120,6,1680000,30000,56,小規模運航,120,2100000,1,1,4,35,40,96.3112376
2日,日本,羽田,日本,那覇,08:30,120,6,1680000,30000,56,小規模運航,120,2100000,1,1,4,35,40,95.3229543
2日,日本,羽田,日本,那覇,09:00,120,6,1560000,30000,52,小規模運航,120,2100000,1,1,4,35,40,95.970526
2日,日本,羽田,日本,那覇,09:30,120,6,1590000,30000,53,小規模運航,120,2100000,1,1,4,35,40,94.9173141
2日,日本,羽田,日本,那覇,10:00,120,6,1410000,30000,47,小規模運航,120,2100000,1,1,4,35,40,92.886698
2日,日本,羽田,日本,那覇,10:30,120,6,1290000,30000,43,小規模運航,120,2100000,1,1,4,35,40,93.7647972
2日,日本,羽田,日本,那覇,11:00,120,6,1320000,30000,44,小規模運航,120,2100000,1,1,4,35,40,97.8066931
2日,日本,羽田,日本,那覇,11:30,120,6,1470000,30000,49,小規模運航,120,2100000,1,1,4,35,40,95.2744089
2日,日本,羽田,日本,那覇,12:00,120,6,1350000,30000,45,小規模運航,120,2100000,1,1,4,35,40,95.1836323
2日,日本,羽田,日本,那覇,12:30,120,6,1410000,30000,47,小規模運航,120,2100000,1,1,4,35,40,95.8952194
2日,日本,羽田,日本,那覇,13:00,120,6,1320000,30000,44,小規模運航,120,2100000,1,1,4,35,40,92.319054
2日,日本,羽田,日本,那覇,13:30,120,6,1410000,30000,47,小規模運航,120,2100000,1,1,4,35,40,94.3801399
2日,日本,羽田,日本,那覇,14:00,120,6,1290000,30000,43,小規模運航,120,2100000,1,1,4,35,40,94.0345577
2日,日本,羽田,日本,那覇,14:30,120,6,1380000,30000,46,小規模運航,120,2100000,1,1,4,35,40,97.8236635
2日,日本,羽田,日本,那覇,15:00,120,6,1440000,30000,48,小規模運航,120,2100000,1,1,4,35,40,92.8045948
2日,日本,羽田,日本,那覇,15:30,120,6,1260000,30000,42,小規模運航,120,2100000,1,1,4,35,40,75.6196315
2日,日本,羽田,日本,那覇,16:00,120,6,1410000,30000,47,小規模運航,120,2100000,1,1,4,35,40,98.6077764
2日,日本,羽田,日本,那覇,16:30,120,6,1380000,30000,46,小規模運航,120,2100000,1,1,4,35,40,95.8172241
2日,日本,羽田,日本,那覇,17:00,120,6,1800000,30000,60,小規模運航,120,2100000,1,1,4,35,40,98.9633939
2日,日本,羽田,日本,那覇,17:30,120,6,1620000,30000,54,小規模運航,120,2100000,1,1,4,35,40,84.4752185
2日,日本,羽田,日本,那覇,18:00,120,6,1770000,30000,59,小規模運航,120,2100000,1,1,4,35,40,89.0542925
2日,日本,羽田,日本,那覇,18:30,120,6,1530000,30000,51,小規模運航,120,2100000,1,1,4,35,40,85.0969085
2日,日本,羽田,日本,那覇,19:00,120,6,1620000,30000,54,小規模運航,120,2100000,1,1,4,35,40,93.35865
2日,日本,羽田,日本,那覇,19:30,120,6,1620000,30000,54,小規模運航,120,2100000,1,1,4,35,40,98.287479
2日,日本,羽田,日本,那覇,20:00,120,6,1410000,30000,47,小規模運航,120,2100000,1,1,4,35,40,81.3766857
2日,日本,羽田,日本,那覇,20:30,120,6,1440000,30000,48,小規模運航,120,2100000,1,1,4,35,40,92.013787
2日,日本,羽田,日本,那覇,21:00,120,6,1440000,30000,48,小規模運航,120,2100000,1,1,4,35,40,95.971256
2日,日本,羽田,日本,那覇,21:30,120,6,1320000,30000,44,小規模運航,120,2100000,1,1,4,35,40,88.4406811
2日,日本,羽田,日本,那覇,22:00,120,6,1050000,30000,35,小規模運航,120,2100000,1,1,4,35,40,93.529228
2日,日本,羽田,日本,那覇,22:30,120,6,990000,30000,33,小規模運航,120,2100000,1,1,4,35,40,89.0670244
3日,日本,羽田,日本,那覇,07:00,120,6,990000,30000,33,小規模運航,120,2100000,1,1,4,35,40,90.2893491
3日,日本,羽田,日本,那覇,07:30,120,6,990000,30000,33,小規模運航,120,2100000,1,1,4,35,40,98.0778289
3日,日本,羽田,日本,那覇,08:00,120,6,1770000,30000,59,小規模運航,120,2100000,1,1,4,35,40,96.3591132
3日,日本,羽田,日本,那覇,08:30,120,6,1770000,30000,59,小規模運航,120,2100000,1,1,4,35,40,96.4231917
3日,日本,羽田,日本,那覇,09:00,120,6,1740000,30000,58,小規模運航,120,2100000,1,1,4,35,40,97.8722856
3日,日本,羽田,日本,那覇,09:30,120,6,1560000,30000,52,小規模運航,120,2100000,1,1,4,35,40,77.3270223
3日,日本,羽田,日本,那覇,10:00,120,6,1470000,30000,49,小規模運航,120,2100000,1,1,4,35,40,90.8276215
3日,日本,羽田,日本,那覇,10:30,120,6,1350000,30000,45,小規模運航,120,2100000,1,1,4,35,40,98.2871103
3日,日本,羽田,日本,那覇,11:00,120,6,1320000,30000,44,小規模運航,120,2100000,1,1,4,35,40,97.8066931
3日,日本,羽田,日本,那覇,11:30,120,6,1380000,30000,46,小規模運航,120,2100000,1,1,4,35,40,86.728493
3日,日本,羽田,日本,那覇,12:00,120,6,1410000,30000,47,小規模運航,120,2100000,1,1,4,35,40,97.4577738
3日,日本,羽田,日本,那覇,12:30,120,6,1350000,30000,45,小規模運航,120,2100000,1,1,4,35,40,90.845106
3日,日本,羽田,日本,那覇,13:00,120,6,1500000,30000,50,小規模運航,120,2100000,1,1,4,35,40,93.2422643
3日,日本,羽田,日本,那覇,13:30,120,6,1260000,30000,42,小規模運航,120,2100000,1,1,4,35,40,72.9084133
3日,日本,羽田,日本,那覇,14:00,120,6,1530000,30000,51,小規模運航,120,2100000,1,1,4,35,40,97.24421
3日,日本,羽田,日本,那覇,14:30,120,6,1530000,30000,51,小規模運航,120,2100000,1,1,4,35,40,94.598546
3日,日本,羽田,日本,那覇,15:00,120,6,1260000,30000,42,小規模運航,120,2100000,1,1,4,35,40,98.2126146
3日,日本,羽田,日本,那覇,15:30,120,6,1260000,30000,42,小規模運航,120,2100000,1,1,4,35,40,75.6196315
3日,日本,羽田,日本,那覇,16:00,120,6,1290000,30000,43,小規模運航,120,2100000,1,1,4,35,40,97.3956908
3日,日本,羽田,日本,那覇,16:30,120,6,1470000,30000,49,小規模運航,120,2100000,1,1,4,35,40,92.6796474
3日,日本,羽田,日本,那覇,17:00,120,6,1770000,30000,59,小規模運航,120,2100000,1,1,4,35,40,98.1396109
3日,日本,羽田,日本,那覇,17:30,120,6,1710000,30000,57,小規模運航,120,2100000,1,1,4,35,40,85.4523613
3日,日本,羽田,日本,那覇,18:00,120,6,1770000,30000,59,小規模運航,120,2100000,1,1,4,35,40,89.0542925
3日,日本,羽田,日本,那覇,18:30,120,6,1620000,30000,54,小規模運航,120,2100000,1,1,4,35,40,96.6208739
3日,日本,羽田,日本,那覇,19:00,120,6,1530000,30000,51,小規模運航,120,2100000,1,1,4,35,40,97.6937738
3日,日本,羽田,日本,那覇,19:30,120,6,1560000,30000,52,小規模運航,120,2100000,1,1,4,35,40,93.9094755
3日,日本,羽田,日本,那覇,20:00,120,6,1350000,30000,45,小規模運航,120,2100000,1,1,4,35,40,98.1067108
3日,日本,羽田,日本,那覇,20:30,120,6,1440000,30000,48,小規模運航,120,2100000,1,1,4,35,40,92.013787
3日,日本,羽田,日本,那覇,21:00,120,6,1530000,30000,51,小規模運航,120,2100000,1,1,4,35,40,91.7226041
3日,日本,羽田,日本,那覇,21:30,120,6,1470000,30000,49,小規模運航,120,2100000,1,1,4,35,40,79.3182974
3日,日本,羽田,日本,那覇,22:00,120,6,1230000,30000,41,小規模運航,120,2100000,1,1,4,35,40,91.7242212
3日,日本,羽田,日本,那覇,22:30,120,6,1080000,30000,36,小規模運航,120,2100000,1,1,4,35,40,97.9785614
4日,日本,羽田,日本,那覇,07:00,120,6,1110000,30000,37,小規模運航,120,2100000,1,1,4,35,40,68.8581841
4日,日本,羽田,日本,那覇,07:30,120,6,1200000,30000,40,小規模運航,120,2100000,1,1,4,35,40,95.6669225
4日,日本,羽田,日本,那覇,08:00,120,6,1800000,30000,60,小規模運航,120,2100000,1,1,4,35,40,98.9336395
4日,日本,羽田,日本,那覇,08:30,120,6,1800000,30000,60,小規模運航,120,2100000,1,1,4,35,40,85.556846
4日,日本,羽田,日本,那覇,09:00,120,6,1590000,30000,53,小規模運航,120,2100000,1,1,4,35,40,94.2266114
4日,日本,羽田,日本,那覇,09:30,120,6,1710000,30000,57,小規模運航,120,2100000,1,1,4,35,40,93.5376964
4日,日本,羽田,日本,那覇,10:00,120,6,1410000,30000,47,小規模運航,120,2100000,1,1,4,35,40,92.886698
4日,日本,羽田,日本,那覇,10:30,120,6,1530000,30000,51,小規模運航,120,2100000,1,1,4,35,40,90.2052672
4日,日本,羽田,日本,那覇,11:00,120,6,1500000,30000,50,小規模運航,120,2100000,1,1,4,35,40,96.4461126
4日,日本,羽田,日本,那覇,11:30,120,6,1350000,30000,45,小規模運航,120,2100000,1,1,4,35,40,95.9258354
4日,日本,羽田,日本,那覇,12:00,120,6,1350000,30000,45,小規模運航,120,2100000,1,1,4,35,40,95.1836323
4日,日本,羽田,日本,那覇,12:30,120,6,1470000,30000,49,小規模運航,120,2100000,1,1,4,35,40,86.0986102
4日,日本,羽田,日本,那覇,13:00,120,6,1530000,30000,51,小規模運航,120,2100000,1,1,4,35,40,84.5921518
4日,日本,羽田,日本,那覇,13:30,120,6,1500000,30000,50,小規模運航,120,2100000,1,1,4,35,40,97.2361929
4日,日本,羽田,日本,那覇,14:00,120,6,1320000,30000,44,小規模運航,120,2100000,1,1,4,35,40,96.1108188
4日,日本,羽田,日本,那覇,14:30,120,6,1410000,30000,47,小規模運航,120,2100000,1,1,4,35,40,96.7568982
4日,日本,羽田,日本,那覇,15:00,120,6,1410000,30000,47,小規模運航,120,2100000,1,1,4,35,40,94.9453794
4日,日本,羽田,日本,那覇,15:30,120,6,1260000,30000,42,小規模運航,120,2100000,1,1,4,35,40,75.6196315
4日,日本,羽田,日本,那覇,16:00,120,6,1410000,30000,47,小規模運航,120,2100000,1,1,4,35,40,98.6077764
4日,日本,羽田,日本,那覇,16:30,120,6,1410000,30000,47,小規模運航,120,2100000,1,1,4,35,40,98.5093759
4日,日本,羽田,日本,那覇,17:00,120,6,1620000,30000,54,小規模運航,120,2100000,1,1,4,35,40,89.7864205
4日,日本,羽田,日本,那覇,17:30,120,6,1620000,30000,54,小規模運航,120,2100000,1,1,4,35,40,84.4752185
4日,日本,羽田,日本,那覇,18:00,120,6,1680000,30000,56,小規模運航,120,2100000,1,1,4,35,40,98.3585766
4日,日本,羽田,日本,那覇,18:30,120,6,1650000,30000,55,小規模運航,120,2100000,1,1,4,35,40,97.8419265
4日,日本,羽田,日本,那覇,19:00,120,6,1680000,30000,56,小規模運航,120,2100000,1,1,4,35,40,98.9266825
4日,日本,羽田,日本,那覇,19:30,120,6,1590000,30000,53,小規模運航,120,2100000,1,1,4,35,40,94.1544047
4日,日本,羽田,日本,那覇,20:00,120,6,1410000,30000,47,小規模運航,120,2100000,1,1,4,35,40,81.3766857
4日,日本,羽田,日本,那覇,20:30,120,6,1350000,30000,45,小規模運航,120,2100000,1,1,4,35,40,96.3231487
4日,日本,羽田,日本,那覇,21:00,120,6,1470000,30000,49,小規模運航,120,2100000,1,1,4,35,40,97.87356
4日,日本,羽田,日本,那覇,21:30,120,6,1350000,30000,45,小規模運航,120,2100000,1,1,4,35,40,92.3950201
4日,日本,羽田,日本,那覇,22:00,120,6,1200000,30000,40,小規模運航,120,2100000,1,1,4,35,40,97.8305395
4日,日本,羽田,日本,那覇,22:30,120,6,1110000,30000,37,小規模運航,120,2100000,1,1,4,35,40,92.9416439
5日,日本,羽田,日本,那覇,07:00,120,6,990000,30000,33,小規模運航,120,2100000,1,1,4,35,40,90.2893491
5日,日本,羽田,日本,那覇,07:30,120,6,1080000,30000,36,小規模運航,120,2100000,1,1,4,35,40,94.2640169
5日,日本,羽田,日本,那覇,08:00,120,6,1620000,30000,54,小規模運航,120,2100000,1,1,4,35,40,97.2544447
5日,日本,羽田,日本,那覇,08:30,120,6,1650000,30000,55,小規模運航,120,2100000,1,1,4,35,40,86.8283288
5日,日本,羽田,日本,那覇,09:00,120,6,1770000,30000,59,小規模運航,120,2100000,1,1,4,35,40,81.3950454
5日,日本,羽田,日本,那覇,09:30,120,6,1740000,30000,58,小規模運航,120,2100000,1,1,4,35,40,95.7700624
5日,日本,羽田,日本,那覇,10:00,120,6,1410000,30000,47,小規模運航,120,2100000,1,1,4,35,40,92.886698
5日,日本,羽田,日本,那覇,10:30,120,6,1410000,30000,47,小規模運航,120,2100000,1,1,4,35,40,74.8935766
5日,日本,羽田,日本,那覇,11:00,120,6,1380000,30000,46,小規模運航,120,2100000,1,1,4,35,40,91.2011674
5日,日本,羽田,日本,那覇,11:30,120,6,1530000,30000,51,小規模運航,120,2100000,1,1,4,35,40,78.4060576
5日,日本,羽田,日本,那覇,12:00,120,6,1470000,30000,49,小規模運航,120,2100000,1,1,4,35,40,84.0523911
5日,日本,羽田,日本,那覇,12:30,120,6,1380000,30000,46,小規模運航,120,2100000,1,1,4,35,40,91.8215106
5日,日本,羽田,日本,那覇,13:00,120,6,1290000,30000,43,小規模運航,120,2100000,1,1,4,35,40,90.4714385
5日,日本,羽田,日本,那覇,13:30,120,6,1260000,30000,42,小規模運航,120,2100000,1,1,4,35,40,72.9084133
5日,日本,羽田,日本,那覇,14:00,120,6,1380000,30000,46,小規模運航,120,2100000,1,1,4,35,40,87.2523024
5日,日本,羽田,日本,那覇,14:30,120,6,1440000,30000,48,小規模運航,120,2100000,1,1,4,35,40,87.6191101
5日,日本,羽田,日本,那覇,15:00,120,6,1380000,30000,46,小規模運航,120,2100000,1,1,4,35,40,86.6315258
5日,日本,羽田,日本,那覇,15:30,120,6,1410000,30000,47,小規模運航,120,2100000,1,1,4,35,40,81.2684289
5日,日本,羽田,日本,那覇,16:00,120,6,1410000,30000,47,小規模運航,120,2100000,1,1,4,35,40,98.6077764
5日,日本,羽田,日本,那覇,16:30,120,6,1530000,30000,51,小規模運航,120,2100000,1,1,4,35,40,91.9076916
5日,日本,羽田,日本,那覇,17:00,120,6,1800000,30000,60,小規模運航,120,2100000,1,1,4,35,40,98.9633939
5日,日本,羽田,日本,那覇,17:30,120,6,1650000,30000,55,小規模運航,120,2100000,1,1,4,35,40,87.3112337
5日,日本,羽田,日本,那覇,18:00,120,6,1740000,30000,58,小規模運航,120,2100000,1,1,4,35,40,93.9721237
5日,日本,羽田,日本,那覇,18:30,120,6,1650000,30000,55,小規模運航,120,2100000,1,1,4,35,40,97.8419265
5日,日本,羽田,日本,那覇,19:00,120,6,1680000,30000,56,小規模運航,120,2100000,1,1,4,35,40,98.9266825
5日,日本,羽田,日本,那覇,19:30,120,6,1770000,30000,59,小規模運航,120,2100000,1,1,4,35,40,98.828261
5日,日本,羽田,日本,那覇,20:00,120,6,1500000,30000,50,小規模運航,120,2100000,1,1,4,35,40,97.6767181
5日,日本,羽田,日本,那覇,20:30,120,6,1470000,30000,49,小規模運航,120,2100000,1,1,4,35,40,78.3084037
5日,日本,羽田,日本,那覇,21:00,120,6,1350000,30000,45,小規模運航,120,2100000,1,1,4,35,40,92.6972914
5日,日本,羽田,日本,那覇,21:30,120,6,1290000,30000,43,小規模運航,120,2100000,1,1,4,35,40,86.9978142
5日,日本,羽田,日本,那覇,22:00,120,6,1230000,30000,41,小規模運航,120,2100000,1,1,4,35,40,91.7242212
5日,日本,羽田,日本,那覇,22:30,120,6,1140000,30000,38,小規模運航,120,2100000,1,1,4,35,40,97.9412187
6日,日本,羽田,日本,那覇,07:00,120,6,1110000,30000,37,小規模運航,120,2100000,1,1,4,35,40,68.8581841
6日,日本,羽田,日本,那覇,07:30,120,6,1230000,30000,41,小規模運航,120,2100000,1,1,4,35,40,82.127997
6日,日本,羽田,日本,那覇,08:00,120,6,1560000,30000,52,小規模運航,120,2100000,1,1,4,35,40,86.357949
6日,日本,羽田,日本,那覇,08:30,120,6,1560000,30000,52,小規模運航,120,2100000,1,1,4,35,40,98.9833297
6日,日本,羽田,日本,那覇,09:00,120,6,1680000,30000,56,小規模運航,120,2100000,1,1,4,35,40,84.2262176
6日,日本,羽田,日本,那覇,09:30,120,6,1800000,30000,60,小規模運航,120,2100000,1,1,4,35,40,97.1904908
6日,日本,羽田,日本,那覇,10:00,120,6,1410000,30000,47,小規模運航,120,2100000,1,1,4,35,40,92.886698
6日,日本,羽田,日本,那覇,10:30,120,6,1350000,30000,45,小規模運航,120,2100000,1,1,4,35,40,98.2871103
6日,日本,羽田,日本,那覇,11:00,120,6,1320000,30000,44,小規模運航,120,2100000,1,1,4,35,40,97.8066931
6日,日本,羽田,日本,那覇,11:30,120,6,1320000,30000,44,小規模運航,120,2100000,1,1,4,35,40,73.6436847
6日,日本,羽田,日本,那覇,12:00,120,6,1440000,30000,48,小規模運航,120,2100000,1,1,4,35,40,93.0164828
6日,日本,羽田,日本,那覇,12:30,120,6,1290000,30000,43,小規模運航,120,2100000,1,1,4,35,40,97.509863
6日,日本,羽田,日本,那覇,13:00,120,6,1470000,30000,49,小規模運航,120,2100000,1,1,4,35,40,95.6674194
6日,日本,羽田,日本,那覇,13:30,120,6,1410000,30000,47,小規模運航,120,2100000,1,1,4,35,40,94.3801399
6日,日本,羽田,日本,那覇,14:00,120,6,1500000,30000,50,小規模運航,120,2100000,1,1,4,35,40,89.1017072
6日,日本,羽田,日本,那覇,14:30,120,6,1410000,30000,47,小規模運航,120,2100000,1,1,4,35,40,96.7568982
6日,日本,羽田,日本,那覇,15:00,120,6,1410000,30000,47,小規模運航,120,2100000,1,1,4,35,40,94.9453794
6日,日本,羽田,日本,那覇,15:30,120,6,1320000,30000,44,小規模運航,120,2100000,1,1,4,35,40,86.4730425
6日,日本,羽田,日本,那覇,16:00,120,6,1410000,30000,47,小規模運航,120,2100000,1,1,4,35,40,98.6077764
6日,日本,羽田,日本,那覇,16:30,120,6,1470000,30000,49,小規模運航,120,2100000,1,1,4,35,40,92.6796474
6日,日本,羽田,日本,那覇,17:00,120,6,1590000,30000,53,小規模運航,120,2100000,1,1,4,35,40,96.7797717
6日,日本,羽田,日本,那覇,17:30,120,6,1650000,30000,55,小規模運航,120,2100000,1,1,4,35,40,87.3112337
6日,日本,羽田,日本,那覇,18:00,120,6,1620000,30000,54,小規模運航,120,2100000,1,1,4,35,40,90.1970267
6日,日本,羽田,日本,那覇,18:30,120,6,1770000,30000,59,小規模運航,120,2100000,1,1,4,35,40,96.4574051
6日,日本,羽田,日本,那覇,19:00,120,6,1770000,30000,59,小規模運航,120,2100000,1,1,4,35,40,97.7926069
6日,日本,羽田,日本,那覇,19:30,120,6,1590000,30000,53,小規模運航,120,2100000,1,1,4,35,40,94.1544047
6日,日本,羽田,日本,那覇,20:00,120,6,1260000,30000,42,小規模運航,120,2100000,1,1,4,35,40,97.3332535
6日,日本,羽田,日本,那覇,20:30,120,6,1410000,30000,47,小規模運航,120,2100000,1,1,4,35,40,90.7856645
6日,日本,羽田,日本,那覇,21:00,120,6,1410000,30000,47,小規模運航,120,2100000,1,1,4,35,40,94.4260086
6日,日本,羽田,日本,那覇,21:30,120,6,1350000,30000,45,小規模運航,120,2100000,1,1,4,35,40,92.3950201
6日,日本,羽田,日本,那覇,22:00,120,6,1080000,30000,36,小規模運航,120,2100000,1,1,4,35,40,93.4154894
6日,日本,羽田,日本,那覇,22:30,120,6,1050000,30000,35,小規模運航,120,2100000,1,1,4,35,40,80.9809639
7日,日本,羽田,日本,那覇,07:00,120,6,1230000,30000,41,小規模運航,120,2100000,1,1,4,35,40,95.0113009
7日,日本,羽田,日本,那覇,07:30,120,6,1230000,30000,41,小規模運航,120,2100000,1,1,4,35,40,82.127997
7日,日本,羽田,日本,那覇,08:00,120,6,1770000,30000,59,小規模運航,120,2100000,1,1,4,35,40,96.3591132
7日,日本,羽田,日本,那覇,08:30,120,6,1590000,30000,53,小規模運航,120,2100000,1,1,4,35,40,95.1560265
7日,日本,羽田,日本,那覇,09:00,120,6,1560000,30000,52,小規模運航,120,2100000,1,1,4,35,40,95.970526
7日,日本,羽田,日本,那覇,09:30,120,6,1590000,30000,53,小規模運航,120,2100000,1,1,4,35,40,94.9173141
7日,日本,羽田,日本,那覇,10:00,120,6,1470000,30000,49,小規模運航,120,2100000,1,1,4,35,40,90.8276215
7日,日本,羽田,日本,那覇,10:30,120,6,1410000,30000,47,小規模運航,120,2100000,1,1,4,35,40,74.8935766
7日,日本,羽田,日本,那覇,11:00,120,6,1380000,30000,46,小規模運航,120,2100000,1,1,4,35,40,91.2011674
7日,日本,羽田,日本,那覇,11:30,120,6,1530000,30000,51,小規模運航,120,2100000,1,1,4,35,40,78.4060576
7日,日本,羽田,日本,那覇,12:00,120,6,1290000,30000,43,小規模運航,120,2100000,1,1,4,35,40,88.0161025
7日,日本,羽田,日本,那覇,12:30,120,6,1350000,30000,45,小規模運航,120,2100000,1,1,4,35,40,90.845106
7日,日本,羽田,日本,那覇,13:00,120,6,1290000,30000,43,小規模運航,120,2100000,1,1,4,35,40,90.4714385
7日,日本,羽田,日本,那覇,13:30,120,6,1410000,30000,47,小規模運航,120,2100000,1,1,4,35,40,94.3801399
7日,日本,羽田,日本,那覇,14:00,120,6,1290000,30000,43,小規模運航,120,2100000,1,1,4,35,40,94.0345577
7日,日本,羽田,日本,那覇,14:30,120,6,1290000,30000,43,小規模運航,120,2100000,1,1,4,35,40,84.6321013
7日,日本,羽田,日本,那覇,15:00,120,6,1440000,30000,48,小規模運航,120,2100000,1,1,4,35,40,92.8045948
7日,日本,羽田,日本,那覇,15:30,120,6,1260000,30000,42,小規模運航,120,2100000,1,1,4,35,40,75.6196315
7日,日本,羽田,日本,那覇,16:00,120,6,1410000,30000,47,小規模運航,120,2100000,1,1,4,35,40,98.6077764
7日,日本,羽田,日本,那覇,16:30,120,6,1260000,30000,42,小規模運航,120,2100000,1,1,4,35,40,85.3322512
7日,日本,羽田,日本,那覇,17:00,120,6,1680000,30000,56,小規模運航,120,2100000,1,1,4,35,40,93.2962859
7日,日本,羽田,日本,那覇,17:30,120,6,1710000,30000,57,小規模運航,120,2100000,1,1,4,35,40,85.4523613
7日,日本,羽田,日本,那覇,18:00,120,6,1530000,30000,51,小規模運航,120,2100000,1,1,4,35,40,91.8608365
7日,日本,羽田,日本,那覇,18:30,120,6,1800000,30000,60,小規模運航,120,2100000,1,1,4,35,40,90.540723
7日,日本,羽田,日本,那覇,19:00,120,6,1770000,30000,59,小規模運航,120,2100000,1,1,4,35,40,97.7926069
7日,日本,羽田,日本,那覇,19:30,120,6,1590000,30000,53,小規模運航,120,2100000,1,1,4,35,40,94.1544047
7日,日本,羽田,日本,那覇,20:00,120,6,1290000,30000,43,小規模運航,120,2100000,1,1,4,35,40,97.1445809
7日,日本,羽田,日本,那覇,20:30,120,6,1440000,30000,48,小規模運航,120,2100000,1,1,4,35,40,92.013787
7日,日本,羽田,日本,那覇,21:00,120,6,1500000,30000,50,小規模運航,120,2100000,1,1,4,35,40,94.2007617
7日,日本,羽田,日本,那覇,21:30,120,6,1500000,30000,50,小規模運航,120,2100000,1,1,4,35,40,87.7006544
7日,日本,羽田,日本,那覇,22:00,120,6,1140000,30000,38,小規模運航,120,2100000,1,1,4,35,40,91.3642199
7日,日本,羽田,日本,那覇,22:30,120,6,1080000,30000,36,小規模運航,120,2100000,1,1,4,35,40,97.9785614
8日,日本,羽田,日本,那覇,07:00,120,6,1080000,30000,36,小規模運航,120,2100000,1,1,4,35,40,95.7980817
8日,日本,羽田,日本,那覇,07:30,120,6,1110000,30000,37,小規模運航,120,2100000,1,1,4,35,40,73.5106999
8日,日本,羽田,日本,那覇,08:00,120,6,1710000,30000,57,小規模運航,120,2100000,1,1,4,35,40,96.5854226
8日,日本,羽田,日本,那覇,08:30,120,6,1710000,30000,57,小規模運航,120,2100000,1,1,4,35,40,95.948685
8日,日本,羽田,日本,那覇,09:00,120,6,1650000,30000,55,小規模運航,120,2100000,1,1,4,35,40,85.4278285
8日,日本,羽田,日本,那覇,09:30,120,6,1770000,30000,59,小規模運航,120,2100000,1,1,4,35,40,98.4753625
8日,日本,羽田,日本,那覇,10:00,120,6,1500000,30000,50,小規模運航,120,2100000,1,1,4,35,40,97.2168939
8日,日本,羽田,日本,那覇,10:30,120,6,1320000,30000,44,小規模運航,120,2100000,1,1,4,35,40,91.4872139
8日,日本,羽田,日本,那覇,11:00,120,6,1410000,30000,47,小規模運航,120,2100000,1,1,4,35,40,99.2140771
8日,日本,羽田,日本,那覇,11:30,120,6,1500000,30000,50,小規模運航,120,2100000,1,1,4,35,40,89.4506196
8日,日本,羽田,日本,那覇,12:00,120,6,1410000,30000,47,小規模運航,120,2100000,1,1,4,35,40,97.4577738
8日,日本,羽田,日本,那覇,12:30,120,6,1380000,30000,46,小規模運航,120,2100000,1,1,4,35,40,91.8215106
8日,日本,羽田,日本,那覇,13:00,120,6,1260000,30000,42,小規模運航,120,2100000,1,1,4,35,40,95.8279742
8日,日本,羽田,日本,那覇,13:30,120,6,1290000,30000,43,小規模運航,120,2100000,1,1,4,35,40,92.6618883
8日,日本,羽田,日本,那覇,14:00,120,6,1380000,30000,46,小規模運航,120,2100000,1,1,4,35,40,87.2523024
8日,日本,羽田,日本,那覇,14:30,120,6,1320000,30000,44,小規模運航,120,2100000,1,1,4,35,40,97.8319371
8日,日本,羽田,日本,那覇,15:00,120,6,1290000,30000,43,小規模運航,120,2100000,1,1,4,35,40,96.8764395
8日,日本,羽田,日本,那覇,15:30,120,6,1410000,30000,47,小規模運航,120,2100000,1,1,4,35,40,81.2684289
8日,日本,羽田,日本,那覇,16:00,120,6,1410000,30000,47,小規模運航,120,2100000,1,1,4,35,40,98.6077764
8日,日本,羽田,日本,那覇,16:30,120,6,1260000,30000,42,小規模運航,120,2100000,1,1,4,35,40,85.3322512
8日,日本,羽田,日本,那覇,17:00,120,6,1650000,30000,55,小規模運航,120,2100000,1,1,4,35,40,94.8248118
8日,日本,羽田,日本,那覇,17:30,120,6,1770000,30000,59,小規模運航,120,2100000,1,1,4,35,40,94.2407376
8日,日本,羽田,日本,那覇,18:00,120,6,1620000,30000,54,小規模運航,120,2100000,1,1,4,35,40,90.1970267
8日,日本,羽田,日本,那覇,18:30,120,6,1590000,30000,53,小規模運航,120,2100000,1,1,4,35,40,98.0485924
8日,日本,羽田,日本,那覇,19:00,120,6,1740000,30000,58,小規模運航,120,2100000,1,1,4,35,40,98.9750565
8日,日本,羽田,日本,那覇,19:30,120,6,1680000,30000,56,小規模運航,120,2100000,1,1,4,35,40,86.9332192
8日,日本,羽田,日本,那覇,20:00,120,6,1380000,30000,46,小規模運航,120,2100000,1,1,4,35,40,88.4298437
8日,日本,羽田,日本,那覇,20:30,120,6,1500000,30000,50,小規模運航,120,2100000,1,1,4,35,40,97.6497934
8日,日本,羽田,日本,那覇,21:00,120,6,1410000,30000,47,小規模運航,120,2100000,1,1,4,35,40,94.4260086
8日,日本,羽田,日本,那覇,21:30,120,6,1470000,30000,49,小規模運航,120,2100000,1,1,4,35,40,79.3182974
8日,日本,羽田,日本,那覇,22:00,120,6,1140000,30000,38,小規模運航,120,2100000,1,1,4,35,40,91.3642199
8日,日本,羽田,日本,那覇,22:30,120,6,1110000,30000,37,小規模運航,120,2100000,1,1,4,35,40,92.9416439
9日,日本,羽田,日本,那覇,07:00,120,6,990000,30000,33,小規模運航,120,2100000,1,1,4,35,40,90.2893491
9日,日本,羽田,日本,那覇,07:30,120,6,1110000,30000,37,小規模運航,120,2100000,1,1,4,35,40,73.5106999
9日,日本,羽田,日本,那覇,08:00,120,6,1770000,30000,59,小規模運航,120,2100000,1,1,4,35,40,96.3591132
9日,日本,羽田,日本,那覇,08:30,120,6,1560000,30000,52,小規模運航,120,2100000,1,1,4,35,40,98.9833297
9日,日本,羽田,日本,那覇,09:00,120,6,1800000,30000,60,小規模運航,120,2100000,1,1,4,35,40,85.9010177
9日,日本,羽田,日本,那覇,09:30,120,6,1620000,30000,54,小規模運航,120,2100000,1,1,4,35,40,88.2852571
9日,日本,羽田,日本,那覇,10:00,120,6,1440000,30000,48,小規模運航,120,2100000,1,1,4,35,40,95.0643639
9日,日本,羽田,日本,那覇,10:30,120,6,1500000,30000,50,小規模運航,120,2100000,1,1,4,35,40,90.6557138
9日,日本,羽田,日本,那覇,11:00,120,6,1470000,30000,49,小規模運航,120,2100000,1,1,4,35,40,95.8409601
9日,日本,羽田,日本,那覇,11:30,120,6,1260000,30000,42,小規模運航,120,2100000,1,1,4,35,40,91.0105508
9日,日本,羽田,日本,那覇,12:00,120,6,1440000,30000,48,小規模運航,120,2100000,1,1,4,35,40,93.0164828
9日,日本,羽田,日本,那覇,12:30,120,6,1500000,30000,50,小規模運航,120,2100000,1,1,4,35,40,91.2037767
9日,日本,羽田,日本,那覇,13:00,120,6,1410000,30000,47,小規模運航,120,2100000,1,1,4,35,40,93.9524924
9日,日本,羽田,日本,那覇,13:30,120,6,1380000,30000,46,小規模運航,120,2100000,1,1,4,35,40,92.3956538
9日,日本,羽田,日本,那覇,14:00,120,6,1290000,30000,43,小規模運航,120,2100000,1,1,4,35,40,94.0345577
9日,日本,羽田,日本,那覇,14:30,120,6,1440000,30000,48,小規模運航,120,2100000,1,1,4,35,40,87.6191101
9日,日本,羽田,日本,那覇,15:00,120,6,1470000,30000,49,小規模運航,120,2100000,1,1,4,35,40,98.0523999
9日,日本,羽田,日本,那覇,15:30,120,6,1500000,30000,50,小規模運航,120,2100000,1,1,4,35,40,93.4009218
9日,日本,羽田,日本,那覇,16:00,120,6,1350000,30000,45,小規模運航,120,2100000,1,1,4,35,40,93.0841767
9日,日本,羽田,日本,那覇,16:30,120,6,1290000,30000,43,小規模運航,120,2100000,1,1,4,35,40,92.8858327
9日,日本,羽田,日本,那覇,17:00,120,6,1680000,30000,56,小規模運航,120,2100000,1,1,4,35,40,93.2962859
9日,日本,羽田,日本,那覇,17:30,120,6,1620000,30000,54,小規模運航,120,2100000,1,1,4,35,40,84.4752185
9日,日本,羽田,日本,那覇,18:00,120,6,1800000,30000,60,小規模運航,120,2100000,1,1,4,35,40,98.4225546
9日,日本,羽田,日本,那覇,18:30,120,6,1770000,30000,59,小規模運航,120,2100000,1,1,4,35,40,96.4574051
9日,日本,羽田,日本,那覇,19:00,120,6,1800000,30000,60,小規模運航,120,2100000,1,1,4,35,40,98.1678823
9日,日本,羽田,日本,那覇,19:30,120,6,1770000,30000,59,小規模運航,120,2100000,1,1,4,35,40,98.828261
9日,日本,羽田,日本,那覇,20:00,120,6,1410000,30000,47,小規模運航,120,2100000,1,1,4,35,40,81.3766857
9日,日本,羽田,日本,那覇,20:30,120,6,1260000,30000,42,小規模運航,120,2100000,1,1,4,35,40,96.4760097
9日,日本,羽田,日本,那覇,21:00,120,6,1290000,30000,43,小規模運航,120,2100000,1,1,4,35,40,94.1394116
9日,日本,羽田,日本,那覇,21:30,120,6,1500000,30000,50,小規模運航,120,2100000,1,1,4,35,40,87.7006544
9日,日本,羽田,日本,那覇,22:00,120,6,1140000,30000,38,小規模運航,120,2100000,1,1,4,35,40,91.3642199
9日,日本,羽田,日本,那覇,22:30,120,6,1050000,30000,35,小規模運航,120,2100000,1,1,4,35,40,80.9809639
10日,日本,羽田,日本,那覇,07:00,120,6,1050000,30000,35,小規模運航,120,2100000,1,1,4,35,40,78.2742019
10日,日本,羽田,日本,那覇,07:30,120,6,1140000,30000,38,小規模運航,120,2100000,1,1,4,35,40,92.1098532
10日,日本,羽田,日本,那覇,08:00,120,6,1800000,30000,60,小規模運航,120,2100000,1,1,4,35,40,98.9336395
10日,日本,羽田,日本,那覇,08:30,120,6,1740000,30000,58,小規模運航,120,2100000,1,1,4,35,40,91.515461
10日,日本,羽田,日本,那覇,09:00,120,6,1530000,30000,51,小規模運航,120,2100000,1,1,4,35,40,81.3368497
10日,日本,羽田,日本,那覇,09:30,120,6,1800000,30000,60,小規模運航,120,2100000,1,1,4,35,40,97.1904908
10日,日本,羽田,日本,那覇,10:00,120,6,1410000,30000,47,小規模運航,120,2100000,1,1,4,35,40,92.886698
10日,日本,羽田,日本,那覇,10:30,120,6,1440000,30000,48,小規模運航,120,2100000,1,1,4,35,40,92.1284115
10日,日本,羽田,日本,那覇,11:00,120,6,1440000,30000,48,小規模運航,120,2100000,1,1,4,35,40,96.879572
10日,日本,羽田,日本,那覇,11:30,120,6,1350000,30000,45,小規模運航,120,2100000,1,1,4,35,40,95.9258354
10日,日本,羽田,日本,那覇,12:00,120,6,1470000,30000,49,小規模運航,120,2100000,1,1,4,35,40,84.0523911
10日,日本,羽田,日本,那覇,12:30,120,6,1500000,30000,50,小規模運航,120,2100000,1,1,4,35,40,91.2037767
10日,日本,羽田,日本,那覇,13:00,120,6,1380000,30000,46,小規模運航,120,2100000,1,1,4,35,40,90.744262
10日,日本,羽田,日本,那覇,13:30,120,6,1470000,30000,49,小規模運航,120,2100000,1,1,4,35,40,81.6958557
10日,日本,羽田,日本,那覇,14:00,120,6,1410000,30000,47,小規模運航,120,2100000,1,1,4,35,40,97.9726662
10日,日本,羽田,日本,那覇,14:30,120,6,1320000,30000,44,小規模運航,120,2100000,1,1,4,35,40,97.8319371
10日,日本,羽田,日本,那覇,15:00,120,6,1320000,30000,44,小規模運航,120,2100000,1,1,4,35,40,85.0463808
10日,日本,羽田,日本,那覇,15:30,120,6,1380000,30000,46,小規模運航,120,2100000,1,1,4,35,40,87.0954505
10日,日本,羽田,日本,那覇,16:00,120,6,1290000,30000,43,小規模運航,120,2100000,1,1,4,35,40,97.3956908
10日,日本,羽田,日本,那覇,16:30,120,6,1260000,30000,42,小規模運航,120,2100000,1,1,4,35,40,85.3322512
10日,日本,羽田,日本,那覇,17:00,120,6,1800000,30000,60,小規模運航,120,2100000,1,1,4,35,40,98.9633939
10日,日本,羽田,日本,那覇,17:30,120,6,1770000,30000,59,小規模運航,120,2100000,1,1,4,35,40,94.2407376
10日,日本,羽田,日本,那覇,18:00,120,6,1740000,30000,58,小規模運航,120,2100000,1,1,4,35,40,93.9721237
10日,日本,羽田,日本,那覇,18:30,120,6,1770000,30000,59,小規模運航,120,2100000,1,1,4,35,40,96.4574051
10日,日本,羽田,日本,那覇,19:00,120,6,1680000,30000,56,小規模運航,120,2100000,1,1,4,35,40,98.9266825
10日,日本,羽田,日本,那覇,19:30,120,6,1800000,30000,60,小規模運航,120,2100000,1,1,4,35,40,96.3110607
10日,日本,羽田,日本,那覇,20:00,120,6,1410000,30000,47,小規模運航,120,2100000,1,1,4,35,40,81.3766857
10日,日本,羽田,日本,那覇,20:30,120,6,1350000,30000,45,小規模運航,120,2100000,1,1,4,35,40,96.3231487
10日,日本,羽田,日本,那覇,21:00,120,6,1320000,30000,44,小規模運航,120,2100000,1,1,4,35,40,95.5217492
10日,日本,羽田,日本,那覇,21:30,120,6,1470000,30000,49,小規模運航,120,2100000,1,1,4,35,40,79.3182974
10日,日本,羽田,日本,那覇,22:00,120,6,1050000,30000,35,小規模運航,120,2100000,1,1,4,35,40,93.529228
10日,日本,羽田,日本,那覇,22:30,120,6,1230000,30000,41,小規模運航,120,2100000,1,1,4,35,40,86.7463452
11日,日本,羽田,日本,那覇,07:00,120,6,1110000,30000,37,小規模運航,120,2100000,1,1,4,35,40,68.8581841
11日,日本,羽田,日本,那覇,07:30,120,6,1050000,30000,35,小規模運航,120,2100000,1,1,4,35,40,81.3522204
11日,日本,羽田,日本,那覇,08:00,120,6,1530000,30000,51,小規模運航,120,2100000,1,1,4,35,40,93.2223241
11日,日本,羽田,日本,那覇,08:30,120,6,1740000,30000,58,小規模運航,120,2100000,1,1,4,35,40,91.515461
11日,日本,羽田,日本,那覇,09:00,120,6,1590000,30000,53,小規模運航,120,2100000,1,1,4,35,40,94.2266114
11日,日本,羽田,日本,那覇,09:30,120,6,1710000,30000,57,小規模運航,120,2100000,1,1,4,35,40,93.5376964
11日,日本,羽田,日本,那覇,10:00,120,6,1440000,30000,48,小規模運航,120,2100000,1,1,4,35,40,95.0643639
11日,日本,羽田,日本,那覇,10:30,120,6,1380000,30000,46,小規模運航,120,2100000,1,1,4,35,40,97.2129787
11日,日本,羽田,日本,那覇,11:00,120,6,1410000,30000,47,小規模運航,120,2100000,1,1,4,35,40,99.2140771
11日,日本,羽田,日本,那覇,11:30,120,6,1470000,30000,49,小規模運航,120,2100000,1,1,4,35,40,95.2744089
11日,日本,羽田,日本,那覇,12:00,120,6,1320000,30000,44,小規模運航,120,2100000,1,1,4,35,40,95.6342444
11日,日本,羽田,日本,那覇,12:30,120,6,1440000,30000,48,小規模運航,120,2100000,1,1,4,35,40,89.8821888
11日,日本,羽田,日本,那覇,13:00,120,6,1320000,30000,44,小規模運航,120,2100000,1,1,4,35,40,92.319054
11日,日本,羽田,日本,那覇,13:30,120,6,1290000,30000,43,小規模運航,120,2100000,1,1,4,35,40,92.6618883
11日,日本,羽田,日本,那覇,14:00,120,6,1320000,30000,44,小規模運航,120,2100000,1,1,4,35,40,96.1108188
11日,日本,羽田,日本,那覇,14:30,120,6,1320000,30000,44,小規模運航,120,2100000,1,1,4,35,40,97.8319371
11日,日本,羽田,日本,那覇,15:00,120,6,1530000,30000,51,小規模運航,120,2100000,1,1,4,35,40,87.4868785
11日,日本,羽田,日本,那覇,15:30,120,6,1410000,30000,47,小規模運航,120,2100000,1,1,4,35,40,81.2684289
11日,日本,羽田,日本,那覇,16:00,120,6,1290000,30000,43,小規模運航,120,2100000,1,1,4,35,40,97.3956908
11日,日本,羽田,日本,那覇,16:30,120,6,1500000,30000,50,小規模運航,120,2100000,1,1,4,35,40,98.2483287
11日,日本,羽田,日本,那覇,17:00,120,6,1560000,30000,52,小規模運航,120,2100000,1,1,4,35,40,95.6063848
11日,日本,羽田,日本,那覇,17:30,120,6,1770000,30000,59,小規模運航,120,2100000,1,1,4,35,40,94.2407376
11日,日本,羽田,日本,那覇,18:00,120,6,1590000,30000,53,小規模運航,120,2100000,1,1,4,35,40,96.4821084
11日,日本,羽田,日本,那覇,18:30,120,6,1770000,30000,59,小規模運航,120,2100000,1,1,4,35,40,96.4574051
11日,日本,羽田,日本,那覇,19:00,120,6,1560000,30000,52,小規模運航,120,2100000,1,1,4,35,40,98.7836623
11日,日本,羽田,日本,那覇,19:30,120,6,1710000,30000,57,小規模運航,120,2100000,1,1,4,35,40,85.0580824
11日,日本,羽田,日本,那覇,20:00,120,6,1440000,30000,48,小規模運航,120,2100000,1,1,4,35,40,96.6929432
11日,日本,羽田,日本,那覇,20:30,120,6,1410000,30000,47,小規模運航,120,2100000,1,1,4,35,40,90.7856645
11日,日本,羽田,日本,那覇,21:00,120,6,1260000,30000,42,小規模運航,120,2100000,1,1,4,35,40,93.4373608
11日,日本,羽田,日本,那覇,21:30,120,6,1410000,30000,47,小規模運航,120,2100000,1,1,4,35,40,71.8643316
11日,日本,羽田,日本,那覇,22:00,120,6,1050000,30000,35,小規模運航,120,2100000,1,1,4,35,40,93.529228
11日,日本,羽田,日本,那覇,22:30,120,6,1110000,30000,37,小規模運航,120,2100000,1,1,4,35,40,92.9416439
12日,日本,羽田,日本,那覇,07:00,120,6,1230000,30000,41,小規模運航,120,2100000,1,1,4,35,40,95.0113009
12日,日本,羽田,日本,那覇,07:30,120,6,1020000,30000,34,小規模運航,120,2100000,1,1,4,35,40,95.3869235
12日,日本,羽田,日本,那覇,08:00,120,6,1620000,30000,54,小規模運航,120,2100000,1,1,4,35,40,97.2544447
12日,日本,羽田,日本,那覇,08:30,120,6,1680000,30000,56,小規模運航,120,2100000,1,1,4,35,40,95.3229543
12日,日本,羽田,日本,那覇,09:00,120,6,1740000,30000,58,小規模運航,120,2100000,1,1,4,35,40,97.8722856
12日,日本,羽田,日本,那覇,09:30,120,6,1530000,30000,51,小規模運航,120,2100000,1,1,4,35,40,98.4157674
12日,日本,羽田,日本,那覇,10:00,120,6,1440000,30000,48,小規模運航,120,2100000,1,1,4,35,40,95.0643639
12日,日本,羽田,日本,那覇,10:30,120,6,1440000,30000,48,小規模運航,120,2100000,1,1,4,35,40,92.1284115
12日,日本,羽田,日本,那覇,11:00,120,6,1470000,30000,49,小規模運航,120,2100000,1,1,4,35,40,95.8409601
12日,日本,羽田,日本,那覇,11:30,120,6,1470000,30000,49,小規模運航,120,2100000,1,1,4,35,40,95.2744089
12日,日本,羽田,日本,那覇,12:00,120,6,1470000,30000,49,小規模運航,120,2100000,1,1,4,35,40,84.0523911
12日,日本,羽田,日本,那覇,12:30,120,6,1380000,30000,46,小規模運航,120,2100000,1,1,4,35,40,91.8215106
12日,日本,羽田,日本,那覇,13:00,120,6,1440000,30000,48,小規模運航,120,2100000,1,1,4,35,40,98.6490864
12日,日本,羽田,日本,那覇,13:30,120,6,1320000,30000,44,小規模運航,120,2100000,1,1,4,35,40,97.8920676
12日,日本,羽田,日本,那覇,14:00,120,6,1410000,30000,47,小規模運航,120,2100000,1,1,4,35,40,97.9726662
12日,日本,羽田,日本,那覇,14:30,120,6,1320000,30000,44,小規模運航,120,2100000,1,1,4,35,40,97.8319371
12日,日本,羽田,日本,那覇,15:00,120,6,1470000,30000,49,小規模運航,120,2100000,1,1,4,35,40,98.0523999
12日,日本,羽田,日本,那覇,15:30,120,6,1380000,30000,46,小規模運航,120,2100000,1,1,4,35,40,87.0954505
12日,日本,羽田,日本,那覇,16:00,120,6,1440000,30000,48,小規模運航,120,2100000,1,1,4,35,40,90.4533704
12日,日本,羽田,日本,那覇,16:30,120,6,1320000,30000,44,小規模運航,120,2100000,1,1,4,35,40,88.4041573
12日,日本,羽田,日本,那覇,17:00,120,6,1770000,30000,59,小規模運航,120,2100000,1,1,4,35,40,98.1396109
12日,日本,羽田,日本,那覇,17:30,120,6,1770000,30000,59,小規模運航,120,2100000,1,1,4,35,40,94.2407376
12日,日本,羽田,日本,那覇,18:00,120,6,1770000,30000,59,小規模運航,120,2100000,1,1,4,35,40,89.0542925
12日,日本,羽田,日本,那覇,18:30,120,6,1770000,30000,59,小規模運航,120,2100000,1,1,4,35,40,96.4574051
12日,日本,羽田,日本,那覇,19:00,120,6,1740000,30000,58,小規模運航,120,2100000,1,1,4,35,40,98.9750565
12日,日本,羽田,日本,那覇,19:30,120,6,1770000,30000,59,小規模運航,120,2100000,1,1,4,35,40,98.828261
12日,日本,羽田,日本,那覇,20:00,120,6,1410000,30000,47,小規模運航,120,2100000,1,1,4,35,40,81.3766857
12日,日本,羽田,日本,那覇,20:30,120,6,1380000,30000,46,小規模運航,120,2100000,1,1,4,35,40,97.6234189
12日,日本,羽田,日本,那覇,21:00,120,6,1440000,30000,48,小規模運航,120,2100000,1,1,4,35,40,95.971256
12日,日本,羽田,日本,那覇,21:30,120,6,1410000,30000,47,小規模運航,120,2100000,1,1,4,35,40,71.8643316
12日,日本,羽田,日本,那覇,22:00,120,6,1140000,30000,38,小規模運航,120,2100000,1,1,4,35,40,91.3642199
12日,日本,羽田,日本,那覇,22:30,120,6,1170000,30000,39,小規模運航,120,2100000,1,1,4,35,40,70.7473642
13日,日本,羽田,日本,那覇,07:00,120,6,1110000,30000,37,小規模運航,120,2100000,1,1,4,35,40,68.8581841
13日,日本,羽田,日本,那覇,07:30,120,6,1260000,30000,42,小規模運航,120,2100000,1,1,4,35,40,87.029918
13日,日本,羽田,日本,那覇,08:00,120,6,1770000,30000,59,小規模運航,120,2100000,1,1,4,35,40,96.3591132
13日,日本,羽田,日本,那覇,08:30,120,6,1650000,30000,55,小規模運航,120,2100000,1,1,4,35,40,86.8283288
13日,日本,羽田,日本,那覇,09:00,120,6,1560000,30000,52,小規模運航,120,2100000,1,1,4,35,40,95.970526
13日,日本,羽田,日本,那覇,09:30,120,6,1710000,30000,57,小規模運航,120,2100000,1,1,4,35,40,93.5376964
13日,日本,羽田,日本,那覇,10:00,120,6,1440000,30000,48,小規模運航,120,2100000,1,1,4,35,40,95.0643639
13日,日本,羽田,日本,那覇,10:30,120,6,1500000,30000,50,小規模運航,120,2100000,1,1,4,35,40,90.6557138
13日,日本,羽田,日本,那覇,11:00,120,6,1500000,30000,50,小規模運航,120,2100000,1,1,4,35,40,96.4461126
13日,日本,羽田,日本,那覇,11:30,120,6,1440000,30000,48,小規模運航,120,2100000,1,1,4,35,40,96.9794662
13日,日本,羽田,日本,那覇,12:00,120,6,1320000,30000,44,小規模運航,120,2100000,1,1,4,35,40,95.6342444
13日,日本,羽田,日本,那覇,12:30,120,6,1410000,30000,47,小規模運航,120,2100000,1,1,4,35,40,95.8952194
13日,日本,羽田,日本,那覇,13:00,120,6,1410000,30000,47,小規模運航,120,2100000,1,1,4,35,40,93.9524924
13日,日本,羽田,日本,那覇,13:30,120,6,1530000,30000,51,小規模運航,120,2100000,1,1,4,35,40,91.1758156
13日,日本,羽田,日本,那覇,14:00,120,6,1320000,30000,44,小規模運航,120,2100000,1,1,4,35,40,96.1108188
13日,日本,羽田,日本,那覇,14:30,120,6,1380000,30000,46,小規模運航,120,2100000,1,1,4,35,40,97.8236635
13日,日本,羽田,日本,那覇,15:00,120,6,1290000,30000,43,小規模運航,120,2100000,1,1,4,35,40,96.8764395
13日,日本,羽田,日本,那覇,15:30,120,6,1440000,30000,48,小規模運航,120,2100000,1,1,4,35,40,98.7426336
13日,日本,羽田,日本,那覇,16:00,120,6,1410000,30000,47,小規模運航,120,2100000,1,1,4,35,40,98.6077764
13日,日本,羽田,日本,那覇,16:30,120,6,1290000,30000,43,小規模運航,120,2100000,1,1,4,35,40,92.8858327
13日,日本,羽田,日本,那覇,17:00,120,6,1740000,30000,58,小規模運航,120,2100000,1,1,4,35,40,98.3206986
13日,日本,羽田,日本,那覇,17:30,120,6,1620000,30000,54,小規模運航,120,2100000,1,1,4,35,40,84.4752185
13日,日本,羽田,日本,那覇,18:00,120,6,1560000,30000,52,小規模運航,120,2100000,1,1,4,35,40,92.3737372
13日,日本,羽田,日本,那覇,18:30,120,6,1800000,30000,60,小規模運航,120,2100000,1,1,4,35,40,90.540723
13日,日本,羽田,日本,那覇,19:00,120,6,1590000,30000,53,小規模運航,120,2100000,1,1,4,35,40,95.6613566
13日,日本,羽田,日本,那覇,19:30,120,6,1740000,30000,58,小規模運航,120,2100000,1,1,4,35,40,96.9150629
13日,日本,羽田,日本,那覇,20:00,120,6,1410000,30000,47,小規模運航,120,2100000,1,1,4,35,40,81.3766857
13日,日本,羽田,日本,那覇,20:30,120,6,1410000,30000,47,小規模運航,120,2100000,1,1,4,35,40,90.7856645
13日,日本,羽田,日本,那覇,21:00,120,6,1290000,30000,43,小規模運航,120,2100000,1,1,4,35,40,94.1394116
13日,日本,羽田,日本,那覇,21:30,120,6,1470000,30000,49,小規模運航,120,2100000,1,1,4,35,40,79.3182974
13日,日本,羽田,日本,那覇,22:00,120,6,1140000,30000,38,小規模運航,120,2100000,1,1,4,35,40,91.3642199
13日,日本,羽田,日本,那覇,22:30,120,6,1260000,30000,42,小規模運航,120,2100000,1,1,4,35,40,96.2328173
14日,日本,羽田,日本,那覇,07:00,120,6,1230000,30000,41,小規模運航,120,2100000,1,1,4,35,40,95.0113009
14日,日本,羽田,日本,那覇,07:30,120,6,1050000,30000,35,小規模運航,120,2100000,1,1,4,35,40,81.3522204
14日,日本,羽田,日本,那覇,08:00,120,6,1620000,30000,54,小規模運航,120,2100000,1,1,4,35,40,97.2544447
14日,日本,羽田,日本,那覇,08:30,120,6,1740000,30000,58,小規模運航,120,2100000,1,1,4,35,40,91.515461
14日,日本,羽田,日本,那覇,09:00,120,6,1530000,30000,51,小規模運航,120,2100000,1,1,4,35,40,81.3368497
14日,日本,羽田,日本,那覇,09:30,120,6,1560000,30000,52,小規模運航,120,2100000,1,1,4,35,40,77.3270223
14日,日本,羽田,日本,那覇,10:00,120,6,1410000,30000,47,小規模運航,120,2100000,1,1,4,35,40,92.886698
14日,日本,羽田,日本,那覇,10:30,120,6,1440000,30000,48,小規模運航,120,2100000,1,1,4,35,40,92.1284115
14日,日本,羽田,日本,那覇,11:00,120,6,1320000,30000,44,小規模運航,120,2100000,1,1,4,35,40,97.8066931
14日,日本,羽田,日本,那覇,11:30,120,6,1260000,30000,42,小規模運航,120,2100000,1,1,4,35,40,91.0105508
14日,日本,羽田,日本,那覇,12:00,120,6,1290000,30000,43,小規模運航,120,2100000,1,1,4,35,40,88.0161025
14日,日本,羽田,日本,那覇,12:30,120,6,1410000,30000,47,小規模運航,120,2100000,1,1,4,35,40,95.8952194
14日,日本,羽田,日本,那覇,13:00,120,6,1410000,30000,47,小規模運航,120,2100000,1,1,4,35,40,93.9524924
14日,日本,羽田,日本,那覇,13:30,120,6,1440000,30000,48,小規模運航,120,2100000,1,1,4,35,40,98.5344523
14日,日本,羽田,日本,那覇,14:00,120,6,1350000,30000,45,小規模運航,120,2100000,1,1,4,35,40,94.3682022
14日,日本,羽田,日本,那覇,14:30,120,6,1410000,30000,47,小規模運航,120,2100000,1,1,4,35,40,96.7568982
14日,日本,羽田,日本,那覇,15:00,120,6,1260000,30000,42,小規模運航,120,2100000,1,1,4,35,40,98.2126146
14日,日本,羽田,日本,那覇,15:30,120,6,1290000,30000,43,小規模運航,120,2100000,1,1,4,35,40,98.5323918
14日,日本,羽田,日本,那覇,16:00,120,6,1530000,30000,51,小規模運航,120,2100000,1,1,4,35,40,96.0814767
14日,日本,羽田,日本,那覇,16:30,120,6,1410000,30000,47,小規模運航,120,2100000,1,1,4,35,40,98.5093759
14日,日本,羽田,日本,那覇,17:00,120,6,1710000,30000,57,小規模運航,120,2100000,1,1,4,35,40,98.3619242
14日,日本,羽田,日本,那覇,17:30,120,6,1680000,30000,56,小規模運航,120,2100000,1,1,4,35,40,98.5713031
14日,日本,羽田,日本,那覇,18:00,120,6,1710000,30000,57,小規模運航,120,2100000,1,1,4,35,40,98.7310732
14日,日本,羽田,日本,那覇,18:30,120,6,1740000,30000,58,小規模運航,120,2100000,1,1,4,35,40,92.471312
14日,日本,羽田,日本,那覇,19:00,120,6,1710000,30000,57,小規模運航,120,2100000,1,1,4,35,40,97.182972
14日,日本,羽田,日本,那覇,19:30,120,6,1590000,30000,53,小規模運航,120,2100000,1,1,4,35,40,94.1544047
14日,日本,羽田,日本,那覇,20:00,120,6,1410000,30000,47,小規模運航,120,2100000,1,1,4,35,40,81.3766857
14日,日本,羽田,日本,那覇,20:30,120,6,1440000,30000,48,小規模運航,120,2100000,1,1,4,35,40,92.013787
14日,日本,羽田,日本,那覇,21:00,120,6,1380000,30000,46,小規模運航,120,2100000,1,1,4,35,40,98.6154892
14日,日本,羽田,日本,那覇,21:30,120,6,1410000,30000,47,小規模運航,120,2100000,1,1,4,35,40,71.8643316
14日,日本,羽田,日本,那覇,22:00,120,6,1230000,30000,41,小規模運航,120,2100000,1,1,4,35,40,91.7242212
14日,日本,羽田,日本,那覇,22:30,120,6,1050000,30000,35,小規模運航,120,2100000,1,1,4,35,40,80.9809639
15日,日本,羽田,日本,那覇,07:00,120,6,1050000,30000,35,小規模運航,120,2100000,1,1,4,35,40,78.2742019
15日,日本,羽田,日本,那覇,07:30,120,6,1050000,30000,35,小規模運航,120,2100000,1,1,4,35,40,81.3522204
15日,日本,羽田,日本,那覇,08:00,120,6,1770000,30000,59,小規模運航,120,2100000,1,1,4,35,40,96.3591132
15日,日本,羽田,日本,那覇,08:30,120,6,1560000,30000,52,小規模運航,120,2100000,1,1,4,35,40,98.9833297
15日,日本,羽田,日本,那覇,09:00,120,6,1590000,30000,53,小規模運航,120,2100000,1,1,4,35,40,94.2266114
15日,日本,羽田,日本,那覇,09:30,120,6,1770000,30000,59,小規模運航,120,2100000,1,1,4,35,40,98.4753625
15日,日本,羽田,日本,那覇,10:00,120,6,1290000,30000,43,小規模運航,120,2100000,1,1,4,35,40,94.1626611
15日,日本,羽田,日本,那覇,10:30,120,6,1410000,30000,47,小規模運航,120,2100000,1,1,4,35,40,74.8935766
15日,日本,羽田,日本,那覇,11:00,120,6,1470000,30000,49,小規模運航,120,2100000,1,1,4,35,40,95.8409601
15日,日本,羽田,日本,那覇,11:30,120,6,1260000,30000,42,小規模運航,120,2100000,1,1,4,35,40,91.0105508
15日,日本,羽田,日本,那覇,12:00,120,6,1440000,30000,48,小規模運航,120,2100000,1,1,4,35,40,93.0164828
15日,日本,羽田,日本,那覇,12:30,120,6,1470000,30000,49,小規模運航,120,2100000,1,1,4,35,40,86.0986102
15日,日本,羽田,日本,那覇,13:00,120,6,1500000,30000,50,小規模運航,120,2100000,1,1,4,35,40,93.2422643
15日,日本,羽田,日本,那覇,13:30,120,6,1350000,30000,45,小規模運航,120,2100000,1,1,4,35,40,96.0730755
15日,日本,羽田,日本,那覇,14:00,120,6,1500000,30000,50,小規模運航,120,2100000,1,1,4,35,40,89.1017072
15日,日本,羽田,日本,那覇,14:30,120,6,1290000,30000,43,小規模運航,120,2100000,1,1,4,35,40,84.6321013
15日,日本,羽田,日本,那覇,15:00,120,6,1470000,30000,49,小規模運航,120,2100000,1,1,4,35,40,98.0523999
15日,日本,羽田,日本,那覇,15:30,120,6,1290000,30000,43,小規模運航,120,2100000,1,1,4,35,40,98.5323918
15日,日本,羽田,日本,那覇,16:00,120,6,1260000,30000,42,小規模運航,120,2100000,1,1,4,35,40,80.470793
15日,日本,羽田,日本,那覇,16:30,120,6,1410000,30000,47,小規模運航,120,2100000,1,1,4,35,40,98.5093759
15日,日本,羽田,日本,那覇,17:00,120,6,1770000,30000,59,小規模運航,120,2100000,1,1,4,35,40,98.1396109
15日,日本,羽田,日本,那覇,17:30,120,6,1770000,30000,59,小規模運航,120,2100000,1,1,4,35,40,94.2407376
15日,日本,羽田,日本,那覇,18:00,120,6,1650000,30000,55,小規模運航,120,2100000,1,1,4,35,40,98.7675902
15日,日本,羽田,日本,那覇,18:30,120,6,1800000,30000,60,小規模運航,120,2100000,1,1,4,35,40,90.540723
15日,日本,羽田,日本,那覇,19:00,120,6,1560000,30000,52,小規模運航,120,2100000,1,1,4,35,40,98.7836623
15日,日本,羽田,日本,那覇,19:30,120,6,1620000,30000,54,小規模運航,120,2100000,1,1,4,35,40,98.287479
15日,日本,羽田,日本,那覇,20:00,120,6,1380000,30000,46,小規模運航,120,2100000,1,1,4,35,40,88.4298437
15日,日本,羽田,日本,那覇,20:30,120,6,1350000,30000,45,小規模運航,120,2100000,1,1,4,35,40,96.3231487
15日,日本,羽田,日本,那覇,21:00,120,6,1350000,30000,45,小規模運航,120,2100000,1,1,4,35,40,92.6972914
15日,日本,羽田,日本,那覇,21:30,120,6,1410000,30000,47,小規模運航,120,2100000,1,1,4,35,40,71.8643316
15日,日本,羽田,日本,那覇,22:00,120,6,1080000,30000,36,小規模運航,120,2100000,1,1,4,35,40,93.4154894
15日,日本,羽田,日本,那覇,22:30,120,6,1050000,30000,35,小規模運航,120,2100000,1,1,4,35,40,80.9809639
16日,日本,羽田,日本,那覇,07:00,120,6,1140000,30000,38,小規模運航,120,2100000,1,1,4,35,40,92.266541
16日,日本,羽田,日本,那覇,07:30,120,6,1200000,30000,40,小規模運航,120,2100000,1,1,4,35,40,95.6669225
16日,日本,羽田,日本,那覇,08:00,120,6,1710000,30000,57,小規模運航,120,2100000,1,1,4,35,40,96.5854226
16日,日本,羽田,日本,那覇,08:30,120,6,1710000,30000,57,小規模運航,120,2100000,1,1,4,35,40,95.948685
16日,日本,羽田,日本,那覇,09:00,120,6,1620000,30000,54,小規模運航,120,2100000,1,1,4,35,40,81.0500326
16日,日本,羽田,日本,那覇,09:30,120,6,1770000,30000,59,小規模運航,120,2100000,1,1,4,35,40,98.4753625
16日,日本,羽田,日本,那覇,10:00,120,6,1500000,30000,50,小規模運航,120,2100000,1,1,4,35,40,97.2168939
16日,日本,羽田,日本,那覇,10:30,120,6,1260000,30000,42,小規模運航,120,2100000,1,1,4,35,40,83.9657377
16日,日本,羽田,日本,那覇,11:00,120,6,1350000,30000,45,小規模運航,120,2100000,1,1,4,35,40,93.9762626
16日,日本,羽田,日本,那覇,11:30,120,6,1470000,30000,49,小規模運航,120,2100000,1,1,4,35,40,95.2744089
16日,日本,羽田,日本,那覇,12:00,120,6,1380000,30000,46,小規模運航,120,2100000,1,1,4,35,40,93.5694025
16日,日本,羽田,日本,那覇,12:30,120,6,1290000,30000,43,小規模運航,120,2100000,1,1,4,35,40,97.509863
16日,日本,羽田,日本,那覇,13:00,120,6,1260000,30000,42,小規模運航,120,2100000,1,1,4,35,40,95.8279742
16日,日本,羽田,日本,那覇,13:30,120,6,1440000,30000,48,小規模運航,120,2100000,1,1,4,35,40,98.5344523
16日,日本,羽田,日本,那覇,14:00,120,6,1380000,30000,46,小規模運航,120,2100000,1,1,4,35,40,87.2523024
16日,日本,羽田,日本,那覇,14:30,120,6,1410000,30000,47,小規模運航,120,2100000,1,1,4,35,40,96.7568982
16日,日本,羽田,日本,那覇,15:00,120,6,1350000,30000,45,小規模運航,120,2100000,1,1,4,35,40,93.9688028
16日,日本,羽田,日本,那覇,15:30,120,6,1380000,30000,46,小規模運航,120,2100000,1,1,4,35,40,87.0954505
16日,日本,羽田,日本,那覇,16:00,120,6,1410000,30000,47,小規模運航,120,2100000,1,1,4,35,40,98.6077764
16日,日本,羽田,日本,那覇,16:30,120,6,1260000,30000,42,小規模運航,120,2100000,1,1,4,35,40,85.3322512
16日,日本,羽田,日本,那覇,17:00,120,6,1650000,30000,55,小規模運航,120,2100000,1,1,4,35,40,94.8248118
16日,日本,羽田,日本,那覇,17:30,120,6,1650000,30000,55,小規模運航,120,2100000,1,1,4,35,40,87.3112337
16日,日本,羽田,日本,那覇,18:00,120,6,1740000,30000,58,小規模運航,120,2100000,1,1,4,35,40,93.9721237
16日,日本,羽田,日本,那覇,18:30,120,6,1710000,30000,57,小規模運航,120,2100000,1,1,4,35,40,85.5958109
16日,日本,羽田,日本,那覇,19:00,120,6,1770000,30000,59,小規模運航,120,2100000,1,1,4,35,40,97.7926069
16日,日本,羽田,日本,那覇,19:30,120,6,1620000,30000,54,小規模運航,120,2100000,1,1,4,35,40,98.287479
16日,日本,羽田,日本,那覇,20:00,120,6,1350000,30000,45,小規模運航,120,2100000,1,1,4,35,40,98.1067108
16日,日本,羽田,日本,那覇,20:30,120,6,1410000,30000,47,小規模運航,120,2100000,1,1,4,35,40,90.7856645
16日,日本,羽田,日本,那覇,21:00,120,6,1350000,30000,45,小規模運航,120,2100000,1,1,4,35,40,92.6972914
16日,日本,羽田,日本,那覇,21:30,120,6,1470000,30000,49,小規模運航,120,2100000,1,1,4,35,40,79.3182974
16日,日本,羽田,日本,那覇,22:00,120,6,1050000,30000,35,小規模運航,120,2100000,1,1,4,35,40,93.529228
16日,日本,羽田,日本,那覇,22:30,120,6,1020000,30000,34,小規模運航,120,2100000,1,1,4,35,40,92.947076
17日,日本,羽田,日本,那覇,07:00,120,6,1230000,30000,41,小規模運航,120,2100000,1,1,4,35,40,95.0113009
17日,日本,羽田,日本,那覇,07:30,120,6,1050000,30000,35,小規模運航,120,2100000,1,1,4,35,40,81.3522204
17日,日本,羽田,日本,那覇,08:00,120,6,1770000,30000,59,小規模運航,120,2100000,1,1,4,35,40,96.3591132
17日,日本,羽田,日本,那覇,08:30,120,6,1740000,30000,58,小規模運航,120,2100000,1,1,4,35,40,91.515461
17日,日本,羽田,日本,那覇,09:00,120,6,1560000,30000,52,小規模運航,120,2100000,1,1,4,35,40,95.970526
17日,日本,羽田,日本,那覇,09:30,120,6,1590000,30000,53,小規模運航,120,2100000,1,1,4,35,40,94.9173141
17日,日本,羽田,日本,那覇,10:00,120,6,1500000,30000,50,小規模運航,120,2100000,1,1,4,35,40,97.2168939
17日,日本,羽田,日本,那覇,10:30,120,6,1440000,30000,48,小規模運航,120,2100000,1,1,4,35,40,92.1284115
17日,日本,羽田,日本,那覇,11:00,120,6,1410000,30000,47,小規模運航,120,2100000,1,1,4,35,40,99.2140771
17日,日本,羽田,日本,那覇,11:30,120,6,1380000,30000,46,小規模運航,120,2100000,1,1,4,35,40,86.728493
17日,日本,羽田,日本,那覇,12:00,120,6,1410000,30000,47,小規模運航,120,2100000,1,1,4,35,40,97.4577738
17日,日本,羽田,日本,那覇,12:30,120,6,1260000,30000,42,小規模運航,120,2100000,1,1,4,35,40,94.7285238
17日,日本,羽田,日本,那覇,13:00,120,6,1410000,30000,47,小規模運航,120,2100000,1,1,4,35,40,93.9524924
17日,日本,羽田,日本,那覇,13:30,120,6,1500000,30000,50,小規模運航,120,2100000,1,1,4,35,40,97.2361929
17日,日本,羽田,日本,那覇,14:00,120,6,1350000,30000,45,小規模運航,120,2100000,1,1,4,35,40,94.3682022
17日,日本,羽田,日本,那覇,14:30,120,6,1320000,30000,44,小規模運航,120,2100000,1,1,4,35,40,97.8319371
17日,日本,羽田,日本,那覇,15:00,120,6,1500000,30000,50,小規模運航,120,2100000,1,1,4,35,40,94.0739731
17日,日本,羽田,日本,那覇,15:30,120,6,1500000,30000,50,小規模運航,120,2100000,1,1,4,35,40,93.4009218
17日,日本,羽田,日本,那覇,16:00,120,6,1500000,30000,50,小規模運航,120,2100000,1,1,4,35,40,93.5748113
17日,日本,羽田,日本,那覇,16:30,120,6,1530000,30000,51,小規模運航,120,2100000,1,1,4,35,40,91.9076916
17日,日本,羽田,日本,那覇,17:00,120,6,1740000,30000,58,小規模運航,120,2100000,1,1,4,35,40,98.3206986
17日,日本,羽田,日本,那覇,17:30,120,6,1710000,30000,57,小規模運航,120,2100000,1,1,4,35,40,85.4523613
17日,日本,羽田,日本,那覇,18:00,120,6,1740000,30000,58,小規模運航,120,2100000,1,1,4,35,40,93.9721237
17日,日本,羽田,日本,那覇,18:30,120,6,1740000,30000,58,小規模運航,120,2100000,1,1,4,35,40,92.471312
17日,日本,羽田,日本,那覇,19:00,120,6,1770000,30000,59,小規模運航,120,2100000,1,1,4,35,40,97.7926069
17日,日本,羽田,日本,那覇,19:30,120,6,1800000,30000,60,小規模運航,120,2100000,1,1,4,35,40,96.3110607
17日,日本,羽田,日本,那覇,20:00,120,6,1350000,30000,45,小規模運航,120,2100000,1,1,4,35,40,98.1067108
17日,日本,羽田,日本,那覇,20:30,120,6,1530000,30000,51,小規模運航,120,2100000,1,1,4,35,40,95.6395391
17日,日本,羽田,日本,那覇,21:00,120,6,1290000,30000,43,小規模運航,120,2100000,1,1,4,35,40,94.1394116
17日,日本,羽田,日本,那覇,21:30,120,6,1260000,30000,42,小規模運航,120,2100000,1,1,4,35,40,94.085877
17日,日本,羽田,日本,那覇,22:00,120,6,1230000,30000,41,小規模運航,120,2100000,1,1,4,35,40,91.7242212
17日,日本,羽田,日本,那覇,22:30,120,6,1140000,30000,38,小規模運航,120,2100000,1,1,4,35,40,97.9412187
18日,日本,羽田,日本,那覇,07:00,120,6,1170000,30000,39,小規模運航,120,2100000,1,1,4,35,40,87.2628767
18日,日本,羽田,日本,那覇,07:30,120,6,1200000,30000,40,小規模運航,120,2100000,1,1,4,35,40,95.6669225
18日,日本,羽田,日本,那覇,08:00,120,6,1530000,30000,51,小規模運航,120,2100000,1,1,4,35,40,93.2223241
18日,日本,羽田,日本,那覇,08:30,120,6,1740000,30000,58,小規模運航,120,2100000,1,1,4,35,40,91.515461
18日,日本,羽田,日本,那覇,09:00,120,6,1590000,30000,53,小規模運航,120,2100000,1,1,4,35,40,94.2266114
18日,日本,羽田,日本,那覇,09:30,120,6,1650000,30000,55,小規模運航,120,2100000,1,1,4,35,40,95.3141764
18日,日本,羽田,日本,那覇,10:00,120,6,1350000,30000,45,小規模運航,120,2100000,1,1,4,35,40,92.4219421
18日,日本,羽田,日本,那覇,10:30,120,6,1500000,30000,50,小規模運航,120,2100000,1,1,4,35,40,90.6557138
18日,日本,羽田,日本,那覇,11:00,120,6,1410000,30000,47,小規模運航,120,2100000,1,1,4,35,40,99.2140771
18日,日本,羽田,日本,那覇,11:30,120,6,1500000,30000,50,小規模運航,120,2100000,1,1,4,35,40,89.4506196
18日,日本,羽田,日本,那覇,12:00,120,6,1500000,30000,50,小規模運航,120,2100000,1,1,4,35,40,97.4906944
18日,日本,羽田,日本,那覇,12:30,120,6,1440000,30000,48,小規模運航,120,2100000,1,1,4,35,40,89.8821888
18日,日本,羽田,日本,那覇,13:00,120,6,1470000,30000,49,小規模運航,120,2100000,1,1,4,35,40,95.6674194
18日,日本,羽田,日本,那覇,13:30,120,6,1410000,30000,47,小規模運航,120,2100000,1,1,4,35,40,94.3801399
18日,日本,羽田,日本,那覇,14:00,120,6,1410000,30000,47,小規模運航,120,2100000,1,1,4,35,40,97.9726662
18日,日本,羽田,日本,那覇,14:30,120,6,1410000,30000,47,小規模運航,120,2100000,1,1,4,35,40,96.7568982
18日,日本,羽田,日本,那覇,15:00,120,6,1290000,30000,43,小規模運航,120,2100000,1,1,4,35,40,96.8764395
18日,日本,羽田,日本,那覇,15:30,120,6,1440000,30000,48,小規模運航,120,2100000,1,1,4,35,40,98.7426336
18日,日本,羽田,日本,那覇,16:00,120,6,1410000,30000,47,小規模運航,120,2100000,1,1,4,35,40,98.6077764
18日,日本,羽田,日本,那覇,16:30,120,6,1410000,30000,47,小規模運航,120,2100000,1,1,4,35,40,98.5093759
18日,日本,羽田,日本,那覇,17:00,120,6,1650000,30000,55,小規模運航,120,2100000,1,1,4,35,40,94.8248118
18日,日本,羽田,日本,那覇,17:30,120,6,1680000,30000,56,小規模運航,120,2100000,1,1,4,35,40,98.5713031
18日,日本,羽田,日本,那覇,18:00,120,6,1800000,30000,60,小規模運航,120,2100000,1,1,4,35,40,98.4225546
18日,日本,羽田,日本,那覇,18:30,120,6,1650000,30000,55,小規模運航,120,2100000,1,1,4,35,40,97.8419265
18日,日本,羽田,日本,那覇,19:00,120,6,1590000,30000,53,小規模運航,120,2100000,1,1,4,35,40,95.6613566
18日,日本,羽田,日本,那覇,19:30,120,6,1650000,30000,55,小規模運航,120,2100000,1,1,4,35,40,97.9703542
18日,日本,羽田,日本,那覇,20:00,120,6,1500000,30000,50,小規模運航,120,2100000,1,1,4,35,40,97.6767181
18日,日本,羽田,日本,那覇,20:30,120,6,1410000,30000,47,小規模運航,120,2100000,1,1,4,35,40,90.7856645
18日,日本,羽田,日本,那覇,21:00,120,6,1350000,30000,45,小規模運航,120,2100000,1,1,4,35,40,92.6972914
18日,日本,羽田,日本,那覇,21:30,120,6,1440000,30000,48,小規模運航,120,2100000,1,1,4,35,40,96.5767432
18日,日本,羽田,日本,那覇,22:00,120,6,1230000,30000,41,小規模運航,120,2100000,1,1,4,35,40,91.7242212
18日,日本,羽田,日本,那覇,22:30,120,6,1050000,30000,35,小規模運航,120,2100000,1,1,4,35,40,80.9809639
19日,日本,羽田,日本,那覇,07:00,120,6,1170000,30000,39,小規模運航,120,2100000,1,1,4,35,40,87.2628767
19日,日本,羽田,日本,那覇,07:30,120,6,1260000,30000,42,小規模運航,120,2100000,1,1,4,35,40,87.029918
19日,日本,羽田,日本,那覇,08:00,120,6,1770000,30000,59,小規模運航,120,2100000,1,1,4,35,40,96.3591132
19日,日本,羽田,日本,那覇,08:30,120,6,1620000,30000,54,小規模運航,120,2100000,1,1,4,35,40,94.1112725
19日,日本,羽田,日本,那覇,09:00,120,6,1650000,30000,55,小規模運航,120,2100000,1,1,4,35,40,85.4278285
19日,日本,羽田,日本,那覇,09:30,120,6,1680000,30000,56,小規模運航,120,2100000,1,1,4,35,40,93.8808329
19日,日本,羽田,日本,那覇,10:00,120,6,1440000,30000,48,小規模運航,120,2100000,1,1,4,35,40,95.0643639
19日,日本,羽田,日本,那覇,10:30,120,6,1260000,30000,42,小規模運航,120,2100000,1,1,4,35,40,83.9657377
19日,日本,羽田,日本,那覇,11:00,120,6,1500000,30000,50,小規模運航,120,2100000,1,1,4,35,40,96.4461126
19日,日本,羽田,日本,那覇,11:30,120,6,1470000,30000,49,小規模運航,120,2100000,1,1,4,35,40,95.2744089
19日,日本,羽田,日本,那覇,12:00,120,6,1350000,30000,45,小規模運航,120,2100000,1,1,4,35,40,95.1836323
19日,日本,羽田,日本,那覇,12:30,120,6,1290000,30000,43,小規模運航,120,2100000,1,1,4,35,40,97.509863
19日,日本,羽田,日本,那覇,13:00,120,6,1470000,30000,49,小規模運航,120,2100000,1,1,4,35,40,95.6674194
19日,日本,羽田,日本,那覇,13:30,120,6,1290000,30000,43,小規模運航,120,2100000,1,1,4,35,40,92.6618883
19日,日本,羽田,日本,那覇,14:00,120,6,1500000,30000,50,小規模運航,120,2100000,1,1,4,35,40,89.1017072
19日,日本,羽田,日本,那覇,14:30,120,6,1350000,30000,45,小規模運航,120,2100000,1,1,4,35,40,98.3858642
19日,日本,羽田,日本,那覇,15:00,120,6,1290000,30000,43,小規模運航,120,2100000,1,1,4,35,40,96.8764395
19日,日本,羽田,日本,那覇,15:30,120,6,1290000,30000,43,小規模運航,120,2100000,1,1,4,35,40,98.5323918
19日,日本,羽田,日本,那覇,16:00,120,6,1260000,30000,42,小規模運航,120,2100000,1,1,4,35,40,80.470793
19日,日本,羽田,日本,那覇,16:30,120,6,1410000,30000,47,小規模運航,120,2100000,1,1,4,35,40,98.5093759
19日,日本,羽田,日本,那覇,17:00,120,6,1680000,30000,56,小規模運航,120,2100000,1,1,4,35,40,93.2962859
19日,日本,羽田,日本,那覇,17:30,120,6,1620000,30000,54,小規模運航,120,2100000,1,1,4,35,40,84.4752185
19日,日本,羽田,日本,那覇,18:00,120,6,1650000,30000,55,小規模運航,120,2100000,1,1,4,35,40,98.7675902
19日,日本,羽田,日本,那覇,18:30,120,6,1650000,30000,55,小規模運航,120,2100000,1,1,4,35,40,97.8419265
19日,日本,羽田,日本,那覇,19:00,120,6,1680000,30000,56,小規模運航,120,2100000,1,1,4,35,40,98.9266825
19日,日本,羽田,日本,那覇,19:30,120,6,1650000,30000,55,小規模運航,120,2100000,1,1,4,35,40,97.9703542
19日,日本,羽田,日本,那覇,20:00,120,6,1320000,30000,44,小規模運航,120,2100000,1,1,4,35,40,96.0141486
19日,日本,羽田,日本,那覇,20:30,120,6,1380000,30000,46,小規模運航,120,2100000,1,1,4,35,40,97.6234189
19日,日本,羽田,日本,那覇,21:00,120,6,1380000,30000,46,小規模運航,120,2100000,1,1,4,35,40,98.6154892
19日,日本,羽田,日本,那覇,21:30,120,6,1350000,30000,45,小規模運航,120,2100000,1,1,4,35,40,92.3950201
19日,日本,羽田,日本,那覇,22:00,120,6,1020000,30000,34,小規模運航,120,2100000,1,1,4,35,40,97.1297402
19日,日本,羽田,日本,那覇,22:30,120,6,990000,30000,33,小規模運航,120,2100000,1,1,4,35,40,89.0670244
20日,日本,羽田,日本,那覇,07:00,120,6,990000,30000,33,小規模運航,120,2100000,1,1,4,35,40,90.2893491
20日,日本,羽田,日本,那覇,07:30,120,6,1020000,30000,34,小規模運航,120,2100000,1,1,4,35,40,95.3869235
20日,日本,羽田,日本,那覇,08:00,120,6,1710000,30000,57,小規模運航,120,2100000,1,1,4,35,40,96.5854226
20日,日本,羽田,日本,那覇,08:30,120,6,1740000,30000,58,小規模運航,120,2100000,1,1,4,35,40,91.515461
20日,日本,羽田,日本,那覇,09:00,120,6,1590000,30000,53,小規模運航,120,2100000,1,1,4,35,40,94.2266114
20日,日本,羽田,日本,那覇,09:30,120,6,1620000,30000,54,小規模運航,120,2100000,1,1,4,35,40,88.2852571
20日,日本,羽田,日本,那覇,10:00,120,6,1470000,30000,49,小規模運航,120,2100000,1,1,4,35,40,90.8276215
20日,日本,羽田,日本,那覇,10:30,120,6,1470000,30000,49,小規模運航,120,2100000,1,1,4,35,40,94.2810768
20日,日本,羽田,日本,那覇,11:00,120,6,1410000,30000,47,小規模運航,120,2100000,1,1,4,35,40,99.2140771
20日,日本,羽田,日本,那覇,11:30,120,6,1290000,30000,43,小規模運航,120,2100000,1,1,4,35,40,92.4552017
20日,日本,羽田,日本,那覇,12:00,120,6,1440000,30000,48,小規模運航,120,2100000,1,1,4,35,40,93.0164828
20日,日本,羽田,日本,那覇,12:30,120,6,1380000,30000,46,小規模運航,120,2100000,1,1,4,35,40,91.8215106
20日,日本,羽田,日本,那覇,13:00,120,6,1440000,30000,48,小規模運航,120,2100000,1,1,4,35,40,98.6490864
20日,日本,羽田,日本,那覇,13:30,120,6,1410000,30000,47,小規模運航,120,2100000,1,1,4,35,40,94.3801399
20日,日本,羽田,日本,那覇,14:00,120,6,1320000,30000,44,小規模運航,120,2100000,1,1,4,35,40,96.1108188
20日,日本,羽田,日本,那覇,14:30,120,6,1260000,30000,42,小規模運航,120,2100000,1,1,4,35,40,86.8427631
20日,日本,羽田,日本,那覇,15:00,120,6,1470000,30000,49,小規模運航,120,2100000,1,1,4,35,40,98.0523999
20日,日本,羽田,日本,那覇,15:30,120,6,1410000,30000,47,小規模運航,120,2100000,1,1,4,35,40,81.2684289
20日,日本,羽田,日本,那覇,16:00,120,6,1320000,30000,44,小規模運航,120,2100000,1,1,4,35,40,96.141857
20日,日本,羽田,日本,那覇,16:30,120,6,1290000,30000,43,小規模運航,120,2100000,1,1,4,35,40,92.8858327
20日,日本,羽田,日本,那覇,17:00,120,6,1680000,30000,56,小規模運航,120,2100000,1,1,4,35,40,93.2962859
20日,日本,羽田,日本,那覇,17:30,120,6,1560000,30000,52,小規模運航,120,2100000,1,1,4,35,40,88.9000919
20日,日本,羽田,日本,那覇,18:00,120,6,1590000,30000,53,小規模運航,120,2100000,1,1,4,35,40,96.4821084
20日,日本,羽田,日本,那覇,18:30,120,6,1800000,30000,60,小規模運航,120,2100000,1,1,4,35,40,90.540723
20日,日本,羽田,日本,那覇,19:00,120,6,1680000,30000,56,小規模運航,120,2100000,1,1,4,35,40,98.9266825
20日,日本,羽田,日本,那覇,19:30,120,6,1590000,30000,53,小規模運航,120,2100000,1,1,4,35,40,94.1544047
20日,日本,羽田,日本,那覇,20:00,120,6,1350000,30000,45,小規模運航,120,2100000,1,1,4,35,40,98.1067108
20日,日本,羽田,日本,那覇,20:30,120,6,1410000,30000,47,小規模運航,120,2100000,1,1,4,35,40,90.7856645
20日,日本,羽田,日本,那覇,21:00,120,6,1290000,30000,43,小規模運航,120,2100000,1,1,4,35,40,94.1394116
20日,日本,羽田,日本,那覇,21:30,120,6,1500000,30000,50,小規模運航,120,2100000,1,1,4,35,40,87.7006544
20日,日本,羽田,日本,那覇,22:00,120,6,1110000,30000,37,小規模運航,120,2100000,1,1,4,35,40,96.5604363
20日,日本,羽田,日本,那覇,22:30,120,6,1050000,30000,35,小規模運航,120,2100000,1,1,4,35,40,80.9809639
21日,日本,羽田,日本,那覇,07:00,120,6,1140000,30000,38,小規模運航,120,2100000,1,1,4,35,40,92.266541
21日,日本,羽田,日本,那覇,07:30,120,6,1170000,30000,39,小規模運航,120,2100000,1,1,4,35,40,75.6896958
21日,日本,羽田,日本,那覇,08:00,120,6,1740000,30000,58,小規模運航,120,2100000,1,1,4,35,40,94.8536901
21日,日本,羽田,日本,那覇,08:30,120,6,1620000,30000,54,小規模運航,120,2100000,1,1,4,35,40,94.1112725
21日,日本,羽田,日本,那覇,09:00,120,6,1800000,30000,60,小規模運航,120,2100000,1,1,4,35,40,85.9010177
21日,日本,羽田,日本,那覇,09:30,120,6,1560000,30000,52,小規模運航,120,2100000,1,1,4,35,40,77.3270223
21日,日本,羽田,日本,那覇,10:00,120,6,1410000,30000,47,小規模運航,120,2100000,1,1,4,35,40,92.886698
21日,日本,羽田,日本,那覇,10:30,120,6,1380000,30000,46,小規模運航,120,2100000,1,1,4,35,40,97.2129787
21日,日本,羽田,日本,那覇,11:00,120,6,1530000,30000,51,小規模運航,120,2100000,1,1,4,35,40,97.8442231
21日,日本,羽田,日本,那覇,11:30,120,6,1410000,30000,47,小規模運航,120,2100000,1,1,4,35,40,83.8789465
21日,日本,羽田,日本,那覇,12:00,120,6,1470000,30000,49,小規模運航,120,2100000,1,1,4,35,40,84.0523911
21日,日本,羽田,日本,那覇,12:30,120,6,1290000,30000,43,小規模運航,120,2100000,1,1,4,35,40,97.509863
21日,日本,羽田,日本,那覇,13:00,120,6,1470000,30000,49,小規模運航,120,2100000,1,1,4,35,40,95.6674194
21日,日本,羽田,日本,那覇,13:30,120,6,1530000,30000,51,小規模運航,120,2100000,1,1,4,35,40,91.1758156
21日,日本,羽田,日本,那覇,14:00,120,6,1410000,30000,47,小規模運航,120,2100000,1,1,4,35,40,97.9726662
21日,日本,羽田,日本,那覇,14:30,120,6,1470000,30000,49,小規模運航,120,2100000,1,1,4,35,40,95.7958146
21日,日本,羽田,日本,那覇,15:00,120,6,1350000,30000,45,小規模運航,120,2100000,1,1,4,35,40,93.9688028
21日,日本,羽田,日本,那覇,15:30,120,6,1410000,30000,47,小規模運航,120,2100000,1,1,4,35,40,81.2684289
21日,日本,羽田,日本,那覇,16:00,120,6,1500000,30000,50,小規模運航,120,2100000,1,1,4,35,40,93.5748113
21日,日本,羽田,日本,那覇,16:30,120,6,1410000,30000,47,小規模運航,120,2100000,1,1,4,35,40,98.5093759
21日,日本,羽田,日本,那覇,17:00,120,6,1770000,30000,59,小規模運航,120,2100000,1,1,4,35,40,98.1396109
21日,日本,羽田,日本,那覇,17:30,120,6,1710000,30000,57,小規模運航,120,2100000,1,1,4,35,40,85.4523613
21日,日本,羽田,日本,那覇,18:00,120,6,1770000,30000,59,小規模運航,120,2100000,1,1,4,35,40,89.0542925
21日,日本,羽田,日本,那覇,18:30,120,6,1620000,30000,54,小規模運航,120,2100000,1,1,4,35,40,96.6208739
21日,日本,羽田,日本,那覇,19:00,120,6,1800000,30000,60,小規模運航,120,2100000,1,1,4,35,40,98.1678823
21日,日本,羽田,日本,那覇,19:30,120,6,1800000,30000,60,小規模運航,120,2100000,1,1,4,35,40,96.3110607
21日,日本,羽田,日本,那覇,20:00,120,6,1350000,30000,45,小規模運航,120,2100000,1,1,4,35,40,98.1067108
21日,日本,羽田,日本,那覇,20:30,120,6,1290000,30000,43,小規模運航,120,2100000,1,1,4,35,40,82.8766463
21日,日本,羽田,日本,那覇,21:00,120,6,1440000,30000,48,小規模運航,120,2100000,1,1,4,35,40,95.971256
21日,日本,羽田,日本,那覇,21:30,120,6,1260000,30000,42,小規模運航,120,2100000,1,1,4,35,40,94.085877
21日,日本,羽田,日本,那覇,22:00,120,6,1200000,30000,40,小規模運航,120,2100000,1,1,4,35,40,97.8305395
21日,日本,羽田,日本,那覇,22:30,120,6,1110000,30000,37,小規模運航,120,2100000,1,1,4,35,40,92.9416439
22日,日本,羽田,日本,那覇,07:00,120,6,1170000,30000,39,小規模運航,120,2100000,1,1,4,35,40,87.2628767
22日,日本,羽田,日本,那覇,07:30,120,6,1050000,30000,35,小規模運航,120,2100000,1,1,4,35,40,81.3522204
22日,日本,羽田,日本,那覇,08:00,120,6,1650000,30000,55,小規模運航,120,2100000,1,1,4,35,40,88.8840658
22日,日本,羽田,日本,那覇,08:30,120,6,1650000,30000,55,小規模運航,120,2100000,1,1,4,35,40,86.8283288
22日,日本,羽田,日本,那覇,09:00,120,6,1800000,30000,60,小規模運航,120,2100000,1,1,4,35,40,85.9010177
22日,日本,羽田,日本,那覇,09:30,120,6,1650000,30000,55,小規模運航,120,2100000,1,1,4,35,40,95.3141764
22日,日本,羽田,日本,那覇,10:00,120,6,1410000,30000,47,小規模運航,120,2100000,1,1,4,35,40,92.886698
22日,日本,羽田,日本,那覇,10:30,120,6,1440000,30000,48,小規模運航,120,2100000,1,1,4,35,40,92.1284115
22日,日本,羽田,日本,那覇,11:00,120,6,1470000,30000,49,小規模運航,120,2100000,1,1,4,35,40,95.8409601
22日,日本,羽田,日本,那覇,11:30,120,6,1470000,30000,49,小規模運航,120,2100000,1,1,4,35,40,95.2744089
22日,日本,羽田,日本,那覇,12:00,120,6,1500000,30000,50,小規模運航,120,2100000,1,1,4,35,40,97.4906944
22日,日本,羽田,日本,那覇,12:30,120,6,1410000,30000,47,小規模運航,120,2100000,1,1,4,35,40,95.8952194
22日,日本,羽田,日本,那覇,13:00,120,6,1470000,30000,49,小規模運航,120,2100000,1,1,4,35,40,95.6674194
22日,日本,羽田,日本,那覇,13:30,120,6,1470000,30000,49,小規模運航,120,2100000,1,1,4,35,40,81.6958557
22日,日本,羽田,日本,那覇,14:00,120,6,1410000,30000,47,小規模運航,120,2100000,1,1,4,35,40,97.9726662
22日,日本,羽田,日本,那覇,14:30,120,6,1410000,30000,47,小規模運航,120,2100000,1,1,4,35,40,96.7568982
22日,日本,羽田,日本,那覇,15:00,120,6,1380000,30000,46,小規模運航,120,2100000,1,1,4,35,40,86.6315258
22日,日本,羽田,日本,那覇,15:30,120,6,1470000,30000,49,小規模運航,120,2100000,1,1,4,35,40,87.6721463
22日,日本,羽田,日本,那覇,16:00,120,6,1290000,30000,43,小規模運航,120,2100000,1,1,4,35,40,97.3956908
22日,日本,羽田,日本,那覇,16:30,120,6,1500000,30000,50,小規模運航,120,2100000,1,1,4,35,40,98.2483287
22日,日本,羽田,日本,那覇,17:00,120,6,1740000,30000,58,小規模運航,120,2100000,1,1,4,35,40,98.3206986
22日,日本,羽田,日本,那覇,17:30,120,6,1770000,30000,59,小規模運航,120,2100000,1,1,4,35,40,94.2407376
22日,日本,羽田,日本,那覇,18:00,120,6,1590000,30000,53,小規模運航,120,2100000,1,1,4,35,40,96.4821084
22日,日本,羽田,日本,那覇,18:30,120,6,1590000,30000,53,小規模運航,120,2100000,1,1,4,35,40,98.0485924
22日,日本,羽田,日本,那覇,19:00,120,6,1770000,30000,59,小規模運航,120,2100000,1,1,4,35,40,97.7926069
22日,日本,羽田,日本,那覇,19:30,120,6,1530000,30000,51,小規模運航,120,2100000,1,1,4,35,40,96.1985004
22日,日本,羽田,日本,那覇,20:00,120,6,1350000,30000,45,小規模運航,120,2100000,1,1,4,35,40,98.1067108
22日,日本,羽田,日本,那覇,20:30,120,6,1260000,30000,42,小規模運航,120,2100000,1,1,4,35,40,96.4760097
22日,日本,羽田,日本,那覇,21:00,120,6,1530000,30000,51,小規模運航,120,2100000,1,1,4,35,40,91.7226041
22日,日本,羽田,日本,那覇,21:30,120,6,1290000,30000,43,小規模運航,120,2100000,1,1,4,35,40,86.9978142
22日,日本,羽田,日本,那覇,22:00,120,6,1260000,30000,42,小規模運航,120,2100000,1,1,4,35,40,97.2016785
22日,日本,羽田,日本,那覇,22:30,120,6,1050000,30000,35,小規模運航,120,2100000,1,1,4,35,40,80.9809639
23日,日本,羽田,日本,那覇,07:00,120,6,1080000,30000,36,小規模運航,120,2100000,1,1,4,35,40,95.7980817
23日,日本,羽田,日本,那覇,07:30,120,6,1050000,30000,35,小規模運航,120,2100000,1,1,4,35,40,81.3522204
23日,日本,羽田,日本,那覇,08:00,120,6,1770000,30000,59,小規模運航,120,2100000,1,1,4,35,40,96.3591132
23日,日本,羽田,日本,那覇,08:30,120,6,1740000,30000,58,小規模運航,120,2100000,1,1,4,35,40,91.515461
23日,日本,羽田,日本,那覇,09:00,120,6,1620000,30000,54,小規模運航,120,2100000,1,1,4,35,40,81.0500326
23日,日本,羽田,日本,那覇,09:30,120,6,1560000,30000,52,小規模運航,120,2100000,1,1,4,35,40,77.3270223
23日,日本,羽田,日本,那覇,10:00,120,6,1470000,30000,49,小規模運航,120,2100000,1,1,4,35,40,90.8276215
23日,日本,羽田,日本,那覇,10:30,120,6,1440000,30000,48,小規模運航,120,2100000,1,1,4,35,40,92.1284115
23日,日本,羽田,日本,那覇,11:00,120,6,1500000,30000,50,小規模運航,120,2100000,1,1,4,35,40,96.4461126
23日,日本,羽田,日本,那覇,11:30,120,6,1290000,30000,43,小規模運航,120,2100000,1,1,4,35,40,92.4552017
23日,日本,羽田,日本,那覇,12:00,120,6,1320000,30000,44,小規模運航,120,2100000,1,1,4,35,40,95.6342444
23日,日本,羽田,日本,那覇,12:30,120,6,1530000,30000,51,小規模運航,120,2100000,1,1,4,35,40,98.6795732
23日,日本,羽田,日本,那覇,13:00,120,6,1320000,30000,44,小規模運航,120,2100000,1,1,4,35,40,92.319054
23日,日本,羽田,日本,那覇,13:30,120,6,1320000,30000,44,小規模運航,120,2100000,1,1,4,35,40,97.8920676
23日,日本,羽田,日本,那覇,14:00,120,6,1380000,30000,46,小規模運航,120,2100000,1,1,4,35,40,87.2523024
23日,日本,羽田,日本,那覇,14:30,120,6,1320000,30000,44,小規模運航,120,2100000,1,1,4,35,40,97.8319371
23日,日本,羽田,日本,那覇,15:00,120,6,1320000,30000,44,小規模運航,120,2100000,1,1,4,35,40,85.0463808
23日,日本,羽田,日本,那覇,15:30,120,6,1290000,30000,43,小規模運航,120,2100000,1,1,4,35,40,98.5323918
23日,日本,羽田,日本,那覇,16:00,120,6,1350000,30000,45,小規模運航,120,2100000,1,1,4,35,40,93.0841767
23日,日本,羽田,日本,那覇,16:30,120,6,1470000,30000,49,小規模運航,120,2100000,1,1,4,35,40,92.6796474
23日,日本,羽田,日本,那覇,17:00,120,6,1770000,30000,59,小規模運航,120,2100000,1,1,4,35,40,98.1396109
23日,日本,羽田,日本,那覇,17:30,120,6,1620000,30000,54,小規模運航,120,2100000,1,1,4,35,40,84.4752185
23日,日本,羽田,日本,那覇,18:00,120,6,1560000,30000,52,小規模運航,120,2100000,1,1,4,35,40,92.3737372
23日,日本,羽田,日本,那覇,18:30,120,6,1650000,30000,55,小規模運航,120,2100000,1,1,4,35,40,97.8419265
23日,日本,羽田,日本,那覇,19:00,120,6,1680000,30000,56,小規模運航,120,2100000,1,1,4,35,40,98.9266825
23日,日本,羽田,日本,那覇,19:30,120,6,1530000,30000,51,小規模運航,120,2100000,1,1,4,35,40,96.1985004
23日,日本,羽田,日本,那覇,20:00,120,6,1320000,30000,44,小規模運航,120,2100000,1,1,4,35,40,96.0141486
23日,日本,羽田,日本,那覇,20:30,120,6,1320000,30000,44,小規模運航,120,2100000,1,1,4,35,40,70.0821463
23日,日本,羽田,日本,那覇,21:00,120,6,1470000,30000,49,小規模運航,120,2100000,1,1,4,35,40,97.87356
23日,日本,羽田,日本,那覇,21:30,120,6,1500000,30000,50,小規模運航,120,2100000,1,1,4,35,40,87.7006544
23日,日本,羽田,日本,那覇,22:00,120,6,1020000,30000,34,小規模運航,120,2100000,1,1,4,35,40,97.1297402
23日,日本,羽田,日本,那覇,22:30,120,6,1200000,30000,40,小規模運航,120,2100000,1,1,4,35,40,95.8003471
24日,日本,羽田,日本,那覇,07:00,120,6,1050000,30000,35,小規模運航,120,2100000,1,1,4,35,40,78.2742019
24日,日本,羽田,日本,那覇,07:30,120,6,1170000,30000,39,小規模運航,120,2100000,1,1,4,35,40,75.6896958
24日,日本,羽田,日本,那覇,08:00,120,6,1620000,30000,54,小規模運航,120,2100000,1,1,4,35,40,97.2544447
24日,日本,羽田,日本,那覇,08:30,120,6,1800000,30000,60,小規模運航,120,2100000,1,1,4,35,40,85.556846
24日,日本,羽田,日本,那覇,09:00,120,6,1590000,30000,53,小規模運航,120,2100000,1,1,4,35,40,94.2266114
24日,日本,羽田,日本,那覇,09:30,120,6,1590000,30000,53,小規模運航,120,2100000,1,1,4,35,40,94.9173141
24日,日本,羽田,日本,那覇,10:00,120,6,1470000,30000,49,小規模運航,120,2100000,1,1,4,35,40,90.8276215
24日,日本,羽田,日本,那覇,10:30,120,6,1500000,30000,50,小規模運航,120,2100000,1,1,4,35,40,90.6557138
24日,日本,羽田,日本,那覇,11:00,120,6,1290000,30000,43,小規模運航,120,2100000,1,1,4,35,40,96.5039823
24日,日本,羽田,日本,那覇,11:30,120,6,1350000,30000,45,小規模運航,120,2100000,1,1,4,35,40,95.9258354
24日,日本,羽田,日本,那覇,12:00,120,6,1320000,30000,44,小規模運航,120,2100000,1,1,4,35,40,95.6342444
24日,日本,羽田,日本,那覇,12:30,120,6,1290000,30000,43,小規模運航,120,2100000,1,1,4,35,40,97.509863
24日,日本,羽田,日本,那覇,13:00,120,6,1410000,30000,47,小規模運航,120,2100000,1,1,4,35,40,93.9524924
24日,日本,羽田,日本,那覇,13:30,120,6,1440000,30000,48,小規模運航,120,2100000,1,1,4,35,40,98.5344523
24日,日本,羽田,日本,那覇,14:00,120,6,1440000,30000,48,小規模運航,120,2100000,1,1,4,35,40,83.752632
24日,日本,羽田,日本,那覇,14:30,120,6,1410000,30000,47,小規模運航,120,2100000,1,1,4,35,40,96.7568982
24日,日本,羽田,日本,那覇,15:00,120,6,1380000,30000,46,小規模運航,120,2100000,1,1,4,35,40,86.6315258
24日,日本,羽田,日本,那覇,15:30,120,6,1410000,30000,47,小規模運航,120,2100000,1,1,4,35,40,81.2684289
24日,日本,羽田,日本,那覇,16:00,120,6,1530000,30000,51,小規模運航,120,2100000,1,1,4,35,40,96.0814767
24日,日本,羽田,日本,那覇,16:30,120,6,1350000,30000,45,小規模運航,120,2100000,1,1,4,35,40,97.5800318
24日,日本,羽田,日本,那覇,17:00,120,6,1650000,30000,55,小規模運航,120,2100000,1,1,4,35,40,94.8248118
24日,日本,羽田,日本,那覇,17:30,120,6,1800000,30000,60,小規模運航,120,2100000,1,1,4,35,40,94.5711923
24日,日本,羽田,日本,那覇,18:00,120,6,1770000,30000,59,小規模運航,120,2100000,1,1,4,35,40,89.0542925
24日,日本,羽田,日本,那覇,18:30,120,6,1590000,30000,53,小規模運航,120,2100000,1,1,4,35,40,98.0485924
24日,日本,羽田,日本,那覇,19:00,120,6,1590000,30000,53,小規模運航,120,2100000,1,1,4,35,40,95.6613566
24日,日本,羽田,日本,那覇,19:30,120,6,1770000,30000,59,小規模運航,120,2100000,1,1,4,35,40,98.828261
24日,日本,羽田,日本,那覇,20:00,120,6,1410000,30000,47,小規模運航,120,2100000,1,1,4,35,40,81.3766857
24日,日本,羽田,日本,那覇,20:30,120,6,1500000,30000,50,小規模運航,120,2100000,1,1,4,35,40,97.6497934
24日,日本,羽田,日本,那覇,21:00,120,6,1410000,30000,47,小規模運航,120,2100000,1,1,4,35,40,94.4260086
24日,日本,羽田,日本,那覇,21:30,120,6,1440000,30000,48,小規模運航,120,2100000,1,1,4,35,40,96.5767432
24日,日本,羽田,日本,那覇,22:00,120,6,1200000,30000,40,小規模運航,120,2100000,1,1,4,35,40,97.8305395
24日,日本,羽田,日本,那覇,22:30,120,6,1140000,30000,38,小規模運航,120,2100000,1,1,4,35,40,97.9412187
25日,日本,羽田,日本,那覇,07:00,120,6,1230000,30000,41,小規模運航,120,2100000,1,1,4,35,40,95.0113009
25日,日本,羽田,日本,那覇,07:30,120,6,1050000,30000,35,小規模運航,120,2100000,1,1,4,35,40,81.3522204
25日,日本,羽田,日本,那覇,08:00,120,6,1680000,30000,56,小規模運航,120,2100000,1,1,4,35,40,96.3112376
25日,日本,羽田,日本,那覇,08:30,120,6,1800000,30000,60,小規模運航,120,2100000,1,1,4,35,40,85.556846
25日,日本,羽田,日本,那覇,09:00,120,6,1650000,30000,55,小規模運航,120,2100000,1,1,4,35,40,85.4278285
25日,日本,羽田,日本,那覇,09:30,120,6,1590000,30000,53,小規模運航,120,2100000,1,1,4,35,40,94.9173141
25日,日本,羽田,日本,那覇,10:00,120,6,1410000,30000,47,小規模運航,120,2100000,1,1,4,35,40,92.886698
25日,日本,羽田,日本,那覇,10:30,120,6,1410000,30000,47,小規模運航,120,2100000,1,1,4,35,40,74.8935766
25日,日本,羽田,日本,那覇,11:00,120,6,1380000,30000,46,小規模運航,120,2100000,1,1,4,35,40,91.2011674
25日,日本,羽田,日本,那覇,11:30,120,6,1380000,30000,46,小規模運航,120,2100000,1,1,4,35,40,86.728493
25日,日本,羽田,日本,那覇,12:00,120,6,1500000,30000,50,小規模運航,120,2100000,1,1,4,35,40,97.4906944
25日,日本,羽田,日本,那覇,12:30,120,6,1410000,30000,47,小規模運航,120,2100000,1,1,4,35,40,95.8952194
25日,日本,羽田,日本,那覇,13:00,120,6,1500000,30000,50,小規模運航,120,2100000,1,1,4,35,40,93.2422643
25日,日本,羽田,日本,那覇,13:30,120,6,1320000,30000,44,小規模運航,120,2100000,1,1,4,35,40,97.8920676
25日,日本,羽田,日本,那覇,14:00,120,6,1290000,30000,43,小規模運航,120,2100000,1,1,4,35,40,94.0345577
25日,日本,羽田,日本,那覇,14:30,120,6,1470000,30000,49,小規模運航,120,2100000,1,1,4,35,40,95.7958146
25日,日本,羽田,日本,那覇,15:00,120,6,1320000,30000,44,小規模運航,120,2100000,1,1,4,35,40,85.0463808
25日,日本,羽田,日本,那覇,15:30,120,6,1410000,30000,47,小規模運航,120,2100000,1,1,4,35,40,81.2684289
25日,日本,羽田,日本,那覇,16:00,120,6,1350000,30000,45,小規模運航,120,2100000,1,1,4,35,40,93.0841767
25日,日本,羽田,日本,那覇,16:30,120,6,1290000,30000,43,小規模運航,120,2100000,1,1,4,35,40,92.8858327
25日,日本,羽田,日本,那覇,17:00,120,6,1590000,30000,53,小規模運航,120,2100000,1,1,4,35,40,96.7797717
25日,日本,羽田,日本,那覇,17:30,120,6,1590000,30000,53,小規模運航,120,2100000,1,1,4,35,40,98.3091161
25日,日本,羽田,日本,那覇,18:00,120,6,1800000,30000,60,小規模運航,120,2100000,1,1,4,35,40,98.4225546
25日,日本,羽田,日本,那覇,18:30,120,6,1770000,30000,59,小規模運航,120,2100000,1,1,4,35,40,96.4574051
25日,日本,羽田,日本,那覇,19:00,120,6,1620000,30000,54,小規模運航,120,2100000,1,1,4,35,40,93.35865
25日,日本,羽田,日本,那覇,19:30,120,6,1770000,30000,59,小規模運航,120,2100000,1,1,4,35,40,98.828261
25日,日本,羽田,日本,那覇,20:00,120,6,1260000,30000,42,小規模運航,120,2100000,1,1,4,35,40,97.3332535
25日,日本,羽田,日本,那覇,20:30,120,6,1410000,30000,47,小規模運航,120,2100000,1,1,4,35,40,90.7856645
25日,日本,羽田,日本,那覇,21:00,120,6,1290000,30000,43,小規模運航,120,2100000,1,1,4,35,40,94.1394116
25日,日本,羽田,日本,那覇,21:30,120,6,1380000,30000,46,小規模運航,120,2100000,1,1,4,35,40,87.3763242
25日,日本,羽田,日本,那覇,22:00,120,6,1230000,30000,41,小規模運航,120,2100000,1,1,4,35,40,91.7242212
25日,日本,羽田,日本,那覇,22:30,120,6,990000,30000,33,小規模運航,120,2100000,1,1,4,35,40,89.0670244
26日,日本,羽田,日本,那覇,07:00,120,6,1140000,30000,38,小規模運航,120,2100000,1,1,4,35,40,92.266541
26日,日本,羽田,日本,那覇,07:30,120,6,1200000,30000,40,小規模運航,120,2100000,1,1,4,35,40,95.6669225
26日,日本,羽田,日本,那覇,08:00,120,6,1530000,30000,51,小規模運航,120,2100000,1,1,4,35,40,93.2223241
26日,日本,羽田,日本,那覇,08:30,120,6,1650000,30000,55,小規模運航,120,2100000,1,1,4,35,40,86.8283288
26日,日本,羽田,日本,那覇,09:00,120,6,1680000,30000,56,小規模運航,120,2100000,1,1,4,35,40,84.2262176
26日,日本,羽田,日本,那覇,09:30,120,6,1770000,30000,59,小規模運航,120,2100000,1,1,4,35,40,98.4753625
26日,日本,羽田,日本,那覇,10:00,120,6,1380000,30000,46,小規模運航,120,2100000,1,1,4,35,40,82.9933802
26日,日本,羽田,日本,那覇,10:30,120,6,1410000,30000,47,小規模運航,120,2100000,1,1,4,35,40,74.8935766
26日,日本,羽田,日本,那覇,11:00,120,6,1470000,30000,49,小規模運航,120,2100000,1,1,4,35,40,95.8409601
26日,日本,羽田,日本,那覇,11:30,120,6,1470000,30000,49,小規模運航,120,2100000,1,1,4,35,40,95.2744089
26日,日本,羽田,日本,那覇,12:00,120,6,1500000,30000,50,小規模運航,120,2100000,1,1,4,35,40,97.4906944
26日,日本,羽田,日本,那覇,12:30,120,6,1380000,30000,46,小規模運航,120,2100000,1,1,4,35,40,91.8215106
26日,日本,羽田,日本,那覇,13:00,120,6,1470000,30000,49,小規模運航,120,2100000,1,1,4,35,40,95.6674194
26日,日本,羽田,日本,那覇,13:30,120,6,1440000,30000,48,小規模運航,120,2100000,1,1,4,35,40,98.5344523
26日,日本,羽田,日本,那覇,14:00,120,6,1410000,30000,47,小規模運航,120,2100000,1,1,4,35,40,97.9726662
26日,日本,羽田,日本,那覇,14:30,120,6,1290000,30000,43,小規模運航,120,2100000,1,1,4,35,40,84.6321013
26日,日本,羽田,日本,那覇,15:00,120,6,1290000,30000,43,小規模運航,120,2100000,1,1,4,35,40,96.8764395
26日,日本,羽田,日本,那覇,15:30,120,6,1290000,30000,43,小規模運航,120,2100000,1,1,4,35,40,98.5323918
26日,日本,羽田,日本,那覇,16:00,120,6,1380000,30000,46,小規模運航,120,2100000,1,1,4,35,40,92.9376412
26日,日本,羽田,日本,那覇,16:30,120,6,1470000,30000,49,小規模運航,120,2100000,1,1,4,35,40,92.6796474
26日,日本,羽田,日本,那覇,17:00,120,6,1680000,30000,56,小規模運航,120,2100000,1,1,4,35,40,93.2962859
26日,日本,羽田,日本,那覇,17:30,120,6,1740000,30000,58,小規模運航,120,2100000,1,1,4,35,40,98.9697984
26日,日本,羽田,日本,那覇,18:00,120,6,1650000,30000,55,小規模運航,120,2100000,1,1,4,35,40,98.7675902
26日,日本,羽田,日本,那覇,18:30,120,6,1770000,30000,59,小規模運航,120,2100000,1,1,4,35,40,96.4574051
26日,日本,羽田,日本,那覇,19:00,120,6,1770000,30000,59,小規模運航,120,2100000,1,1,4,35,40,97.7926069
26日,日本,羽田,日本,那覇,19:30,120,6,1530000,30000,51,小規模運航,120,2100000,1,1,4,35,40,96.1985004
26日,日本,羽田,日本,那覇,20:00,120,6,1440000,30000,48,小規模運航,120,2100000,1,1,4,35,40,96.6929432
26日,日本,羽田,日本,那覇,20:30,120,6,1470000,30000,49,小規模運航,120,2100000,1,1,4,35,40,78.3084037
26日,日本,羽田,日本,那覇,21:00,120,6,1350000,30000,45,小規模運航,120,2100000,1,1,4,35,40,92.6972914
26日,日本,羽田,日本,那覇,21:30,120,6,1290000,30000,43,小規模運航,120,2100000,1,1,4,35,40,86.9978142
26日,日本,羽田,日本,那覇,22:00,120,6,1170000,30000,39,小規模運航,120,2100000,1,1,4,35,40,98.383565
26日,日本,羽田,日本,那覇,22:30,120,6,1110000,30000,37,小規模運航,120,2100000,1,1,4,35,40,92.9416439
27日,日本,羽田,日本,那覇,07:00,120,6,1140000,30000,38,小規模運航,120,2100000,1,1,4,35,40,92.266541
27日,日本,羽田,日本,那覇,07:30,120,6,1080000,30000,36,小規模運航,120,2100000,1,1,4,35,40,94.2640169
27日,日本,羽田,日本,那覇,08:00,120,6,1770000,30000,59,小規模運航,120,2100000,1,1,4,35,40,96.3591132
27日,日本,羽田,日本,那覇,08:30,120,6,1740000,30000,58,小規模運航,120,2100000,1,1,4,35,40,91.515461
27日,日本,羽田,日本,那覇,09:00,120,6,1530000,30000,51,小規模運航,120,2100000,1,1,4,35,40,81.3368497
27日,日本,羽田,日本,那覇,09:30,120,6,1590000,30000,53,小規模運航,120,2100000,1,1,4,35,40,94.9173141
27日,日本,羽田,日本,那覇,10:00,120,6,1380000,30000,46,小規模運航,120,2100000,1,1,4,35,40,82.9933802
27日,日本,羽田,日本,那覇,10:30,120,6,1500000,30000,50,小規模運航,120,2100000,1,1,4,35,40,90.6557138
27日,日本,羽田,日本,那覇,11:00,120,6,1290000,30000,43,小規模運航,120,2100000,1,1,4,35,40,96.5039823
27日,日本,羽田,日本,那覇,11:30,120,6,1260000,30000,42,小規模運航,120,2100000,1,1,4,35,40,91.0105508
27日,日本,羽田,日本,那覇,12:00,120,6,1410000,30000,47,小規模運航,120,2100000,1,1,4,35,40,97.4577738
27日,日本,羽田,日本,那覇,12:30,120,6,1380000,30000,46,小規模運航,120,2100000,1,1,4,35,40,91.8215106
27日,日本,羽田,日本,那覇,13:00,120,6,1410000,30000,47,小規模運航,120,2100000,1,1,4,35,40,93.9524924
27日,日本,羽田,日本,那覇,13:30,120,6,1410000,30000,47,小規模運航,120,2100000,1,1,4,35,40,94.3801399
27日,日本,羽田,日本,那覇,14:00,120,6,1260000,30000,42,小規模運航,120,2100000,1,1,4,35,40,97.0695386
27日,日本,羽田,日本,那覇,14:30,120,6,1470000,30000,49,小規模運航,120,2100000,1,1,4,35,40,95.7958146
27日,日本,羽田,日本,那覇,15:00,120,6,1320000,30000,44,小規模運航,120,2100000,1,1,4,35,40,85.0463808
27日,日本,羽田,日本,那覇,15:30,120,6,1290000,30000,43,小規模運航,120,2100000,1,1,4,35,40,98.5323918
27日,日本,羽田,日本,那覇,16:00,120,6,1410000,30000,47,小規模運航,120,2100000,1,1,4,35,40,98.6077764
27日,日本,羽田,日本,那覇,16:30,120,6,1410000,30000,47,小規模運航,120,2100000,1,1,4,35,40,98.5093759
27日,日本,羽田,日本,那覇,17:00,120,6,1530000,30000,51,小規模運航,120,2100000,1,1,4,35,40,95.3606336
27日,日本,羽田,日本,那覇,17:30,120,6,1530000,30000,51,小規模運航,120,2100000,1,1,4,35,40,97.9408614
27日,日本,羽田,日本,那覇,18:00,120,6,1710000,30000,57,小規模運航,120,2100000,1,1,4,35,40,98.7310732
27日,日本,羽田,日本,那覇,18:30,120,6,1530000,30000,51,小規模運航,120,2100000,1,1,4,35,40,85.0969085
27日,日本,羽田,日本,那覇,19:00,120,6,1650000,30000,55,小規模運航,120,2100000,1,1,4,35,40,97.3168412
27日,日本,羽田,日本,那覇,19:30,120,6,1590000,30000,53,小規模運航,120,2100000,1,1,4,35,40,94.1544047
27日,日本,羽田,日本,那覇,20:00,120,6,1410000,30000,47,小規模運航,120,2100000,1,1,4,35,40,81.3766857
27日,日本,羽田,日本,那覇,20:30,120,6,1410000,30000,47,小規模運航,120,2100000,1,1,4,35,40,90.7856645
27日,日本,羽田,日本,那覇,21:00,120,6,1470000,30000,49,小規模運航,120,2100000,1,1,4,35,40,97.87356
27日,日本,羽田,日本,那覇,21:30,120,6,1440000,30000,48,小規模運航,120,2100000,1,1,4,35,40,96.5767432
27日,日本,羽田,日本,那覇,22:00,120,6,1110000,30000,37,小規模運航,120,2100000,1,1,4,35,40,96.5604363
27日,日本,羽田,日本,那覇,22:30,120,6,1050000,30000,35,小規模運航,120,2100000,1,1,4,35,40,80.9809639
28日,日本,羽田,日本,那覇,07:00,120,6,1050000,30000,35,小規模運航,120,2100000,1,1,4,35,40,78.2742019
28日,日本,羽田,日本,那覇,07:30,120,6,1020000,30000,34,小規模運航,120,2100000,1,1,4,35,40,95.3869235
28日,日本,羽田,日本,那覇,08:00,120,6,1770000,30000,59,小規模運航,120,2100000,1,1,4,35,40,96.3591132
28日,日本,羽田,日本,那覇,08:30,120,6,1740000,30000,58,小規模運航,120,2100000,1,1,4,35,40,91.515461
28日,日本,羽田,日本,那覇,09:00,120,6,1770000,30000,59,小規模運航,120,2100000,1,1,4,35,40,81.3950454
28日,日本,羽田,日本,那覇,09:30,120,6,1740000,30000,58,小規模運航,120,2100000,1,1,4,35,40,95.7700624
28日,日本,羽田,日本,那覇,10:00,120,6,1290000,30000,43,小規模運航,120,2100000,1,1,4,35,40,94.1626611
28日,日本,羽田,日本,那覇,10:30,120,6,1440000,30000,48,小規模運航,120,2100000,1,1,4,35,40,92.1284115
28日,日本,羽田,日本,那覇,11:00,120,6,1470000,30000,49,小規模運航,120,2100000,1,1,4,35,40,95.8409601
28日,日本,羽田,日本,那覇,11:30,120,6,1500000,30000,50,小規模運航,120,2100000,1,1,4,35,40,89.4506196
28日,日本,羽田,日本,那覇,12:00,120,6,1350000,30000,45,小規模運航,120,2100000,1,1,4,35,40,95.1836323
28日,日本,羽田,日本,那覇,12:30,120,6,1410000,30000,47,小規模運航,120,2100000,1,1,4,35,40,95.8952194
28日,日本,羽田,日本,那覇,13:00,120,6,1410000,30000,47,小規模運航,120,2100000,1,1,4,35,40,93.9524924
28日,日本,羽田,日本,那覇,13:30,120,6,1500000,30000,50,小規模運航,120,2100000,1,1,4,35,40,97.2361929
28日,日本,羽田,日本,那覇,14:00,120,6,1320000,30000,44,小規模運航,120,2100000,1,1,4,35,40,96.1108188
28日,日本,羽田,日本,那覇,14:30,120,6,1380000,30000,46,小規模運航,120,2100000,1,1,4,35,40,97.8236635
28日,日本,羽田,日本,那覇,15:00,120,6,1410000,30000,47,小規模運航,120,2100000,1,1,4,35,40,94.9453794
28日,日本,羽田,日本,那覇,15:30,120,6,1320000,30000,44,小規模運航,120,2100000,1,1,4,35,40,86.4730425
28日,日本,羽田,日本,那覇,16:00,120,6,1410000,30000,47,小規模運航,120,2100000,1,1,4,35,40,98.6077764
28日,日本,羽田,日本,那覇,16:30,120,6,1320000,30000,44,小規模運航,120,2100000,1,1,4,35,40,88.4041573
28日,日本,羽田,日本,那覇,17:00,120,6,1650000,30000,55,小規模運航,120,2100000,1,1,4,35,40,94.8248118
28日,日本,羽田,日本,那覇,17:30,120,6,1800000,30000,60,小規模運航,120,2100000,1,1,4,35,40,94.5711923
28日,日本,羽田,日本,那覇,18:00,120,6,1680000,30000,56,小規模運航,120,2100000,1,1,4,35,40,98.3585766
28日,日本,羽田,日本,那覇,18:30,120,6,1770000,30000,59,小規模運航,120,2100000,1,1,4,35,40,96.4574051
28日,日本,羽田,日本,那覇,19:00,120,6,1740000,30000,58,小規模運航,120,2100000,1,1,4,35,40,98.9750565
28日,日本,羽田,日本,那覇,19:30,120,6,1560000,30000,52,小規模運航,120,2100000,1,1,4,35,40,93.9094755
28日,日本,羽田,日本,那覇,20:00,120,6,1440000,30000,48,小規模運航,120,2100000,1,1,4,35,40,96.6929432
28日,日本,羽田,日本,那覇,20:30,120,6,1380000,30000,46,小規模運航,120,2100000,1,1,4,35,40,97.6234189
28日,日本,羽田,日本,那覇,21:00,120,6,1440000,30000,48,小規模運航,120,2100000,1,1,4,35,40,95.971256
28日,日本,羽田,日本,那覇,21:30,120,6,1500000,30000,50,小規模運航,120,2100000,1,1,4,35,40,87.7006544
28日,日本,羽田,日本,那覇,22:00,120,6,1170000,30000,39,小規模運航,120,2100000,1,1,4,35,40,98.383565
28日,日本,羽田,日本,那覇,22:30,120,6,1050000,30000,35,小規模運航,120,2100000,1,1,4,35,40,80.9809639
29日,日本,羽田,日本,那覇,07:00,120,6,1020000,30000,34,小規模運航,120,2100000,1,1,4,35,40,96.5676155
29日,日本,羽田,日本,那覇,07:30,120,6,1140000,30000,38,小規模運航,120,2100000,1,1,4,35,40,92.1098532
29日,日本,羽田,日本,那覇,08:00,120,6,1590000,30000,53,小規模運航,120,2100000,1,1,4,35,40,94.2536879
29日,日本,羽田,日本,那覇,08:30,120,6,1650000,30000,55,小規模運航,120,2100000,1,1,4,35,40,86.8283288
29日,日本,羽田,日本,那覇,09:00,120,6,1560000,30000,52,小規模運航,120,2100000,1,1,4,35,40,95.970526
29日,日本,羽田,日本,那覇,09:30,120,6,1710000,30000,57,小規模運航,120,2100000,1,1,4,35,40,93.5376964
29日,日本,羽田,日本,那覇,10:00,120,6,1410000,30000,47,小規模運航,120,2100000,1,1,4,35,40,92.886698
29日,日本,羽田,日本,那覇,10:30,120,6,1320000,30000,44,小規模運航,120,2100000,1,1,4,35,40,91.4872139
29日,日本,羽田,日本,那覇,11:00,120,6,1500000,30000,50,小規模運航,120,2100000,1,1,4,35,40,96.4461126
29日,日本,羽田,日本,那覇,11:30,120,6,1440000,30000,48,小規模運航,120,2100000,1,1,4,35,40,96.9794662
29日,日本,羽田,日本,那覇,12:00,120,6,1410000,30000,47,小規模運航,120,2100000,1,1,4,35,40,97.4577738
29日,日本,羽田,日本,那覇,12:30,120,6,1260000,30000,42,小規模運航,120,2100000,1,1,4,35,40,94.7285238
29日,日本,羽田,日本,那覇,13:00,120,6,1350000,30000,45,小規模運航,120,2100000,1,1,4,35,40,94.8455481
29日,日本,羽田,日本,那覇,13:30,120,6,1500000,30000,50,小規模運航,120,2100000,1,1,4,35,40,97.2361929
29日,日本,羽田,日本,那覇,14:00,120,6,1350000,30000,45,小規模運航,120,2100000,1,1,4,35,40,94.3682022
29日,日本,羽田,日本,那覇,14:30,120,6,1440000,30000,48,小規模運航,120,2100000,1,1,4,35,40,87.6191101
29日,日本,羽田,日本,那覇,15:00,120,6,1350000,30000,45,小規模運航,120,2100000,1,1,4,35,40,93.9688028
29日,日本,羽田,日本,那覇,15:30,120,6,1440000,30000,48,小規模運航,120,2100000,1,1,4,35,40,98.7426336
29日,日本,羽田,日本,那覇,16:00,120,6,1350000,30000,45,小規模運航,120,2100000,1,1,4,35,40,93.0841767
29日,日本,羽田,日本,那覇,16:30,120,6,1410000,30000,47,小規模運航,120,2100000,1,1,4,35,40,98.5093759
29日,日本,羽田,日本,那覇,17:00,120,6,1530000,30000,51,小規模運航,120,2100000,1,1,4,35,40,95.3606336
29日,日本,羽田,日本,那覇,17:30,120,6,1710000,30000,57,小規模運航,120,2100000,1,1,4,35,40,85.4523613
29日,日本,羽田,日本,那覇,18:00,120,6,1560000,30000,52,小規模運航,120,2100000,1,1,4,35,40,92.3737372
29日,日本,羽田,日本,那覇,18:30,120,6,1650000,30000,55,小規模運航,120,2100000,1,1,4,35,40,97.8419265
29日,日本,羽田,日本,那覇,19:00,120,6,1560000,30000,52,小規模運航,120,2100000,1,1,4,35,40,98.7836623
29日,日本,羽田,日本,那覇,19:30,120,6,1710000,30000,57,小規模運航,120,2100000,1,1,4,35,40,85.0580824
29日,日本,羽田,日本,那覇,20:00,120,6,1350000,30000,45,小規模運航,120,2100000,1,1,4,35,40,98.1067108
29日,日本,羽田,日本,那覇,20:30,120,6,1380000,30000,46,小規模運航,120,2100000,1,1,4,35,40,97.6234189
29日,日本,羽田,日本,那覇,21:00,120,6,1290000,30000,43,小規模運航,120,2100000,1,1,4,35,40,94.1394116
29日,日本,羽田,日本,那覇,21:30,120,6,1440000,30000,48,小規模運航,120,2100000,1,1,4,35,40,96.5767432
29日,日本,羽田,日本,那覇,22:00,120,6,1170000,30000,39,小規模運航,120,2100000,1,1,4,35,40,98.383565
29日,日本,羽田,日本,那覇,22:30,120,6,1200000,30000,40,小規模運航,120,2100000,1,1,4,35,40,95.8003471
30日,日本,羽田,日本,那覇,07:00,120,6,1230000,30000,41,小規模運航,120,2100000,1,1,4,35,40,95.0113009
30日,日本,羽田,日本,那覇,07:30,120,6,1230000,30000,41,小規模運航,120,2100000,1,1,4,35,40,82.127997
30日,日本,羽田,日本,那覇,08:00,120,6,1560000,30000,52,小規模運航,120,2100000,1,1,4,35,40,86.357949
30日,日本,羽田,日本,那覇,08:30,120,6,1590000,30000,53,小規模運航,120,2100000,1,1,4,35,40,95.1560265
30日,日本,羽田,日本,那覇,09:00,120,6,1740000,30000,58,小規模運航,120,2100000,1,1,4,35,40,97.8722856
30日,日本,羽田,日本,那覇,09:30,120,6,1710000,30000,57,小規模運航,120,2100000,1,1,4,35,40,93.5376964
30日,日本,羽田,日本,那覇,10:00,120,6,1410000,30000,47,小規模運航,120,2100000,1,1,4,35,40,92.886698
30日,日本,羽田,日本,那覇,10:30,120,6,1290000,30000,43,小規模運航,120,2100000,1,1,4,35,40,93.7647972
30日,日本,羽田,日本,那覇,11:00,120,6,1440000,30000,48,小規模運航,120,2100000,1,1,4,35,40,96.879572
30日,日本,羽田,日本,那覇,11:30,120,6,1320000,30000,44,小規模運航,120,2100000,1,1,4,35,40,73.6436847
30日,日本,羽田,日本,那覇,12:00,120,6,1410000,30000,47,小規模運航,120,2100000,1,1,4,35,40,97.4577738
30日,日本,羽田,日本,那覇,12:30,120,6,1470000,30000,49,小規模運航,120,2100000,1,1,4,35,40,86.0986102
30日,日本,羽田,日本,那覇,13:00,120,6,1290000,30000,43,小規模運航,120,2100000,1,1,4,35,40,90.4714385
30日,日本,羽田,日本,那覇,13:30,120,6,1440000,30000,48,小規模運航,120,2100000,1,1,4,35,40,98.5344523
30日,日本,羽田,日本,那覇,14:00,120,6,1500000,30000,50,小規模運航,120,2100000,1,1,4,35,40,89.1017072
30日,日本,羽田,日本,那覇,14:30,120,6,1440000,30000,48,小規模運航,120,2100000,1,1,4,35,40,87.6191101
30日,日本,羽田,日本,那覇,15:00,120,6,1440000,30000,48,小規模運航,120,2100000,1,1,4,35,40,92.8045948
30日,日本,羽田,日本,那覇,15:30,120,6,1290000,30000,43,小規模運航,120,2100000,1,1,4,35,40,98.5323918
30日,日本,羽田,日本,那覇,16:00,120,6,1410000,30000,47,小規模運航,120,2100000,1,1,4,35,40,98.6077764
30日,日本,羽田,日本,那覇,16:30,120,6,1530000,30000,51,小規模運航,120,2100000,1,1,4,35,40,91.9076916
30日,日本,羽田,日本,那覇,17:00,120,6,1590000,30000,53,小規模運航,120,2100000,1,1,4,35,40,96.7797717
30日,日本,羽田,日本,那覇,17:30,120,6,1710000,30000,57,小規模運航,120,2100000,1,1,4,35,40,85.4523613
30日,日本,羽田,日本,那覇,18:00,120,6,1620000,30000,54,小規模運航,120,2100000,1,1,4,35,40,90.1970267
30日,日本,羽田,日本,那覇,18:30,120,6,1590000,30000,53,小規模運航,120,2100000,1,1,4,35,40,98.0485924
30日,日本,羽田,日本,那覇,19:00,120,6,1650000,30000,55,小規模運航,120,2100000,1,1,4,35,40,97.3168412
30日,日本,羽田,日本,那覇,19:30,120,6,1740000,30000,58,小規模運航,120,2100000,1,1,4,35,40,96.9150629
30日,日本,羽田,日本,那覇,20:00,120,6,1440000,30000,48,小規模運航,120,2100000,1,1,4,35,40,96.6929432
30日,日本,羽田,日本,那覇,20:30,120,6,1500000,30000,50,小規模運航,120,2100000,1,1,4,35,40,97.6497934
30日,日本,羽田,日本,那覇,21:00,120,6,1380000,30000,46,小規模運航,120,2100000,1,1,4,35,40,98.6154892
30日,日本,羽田,日本,那覇,21:30,120,6,1350000,30000,45,小規模運航,120,2100000,1,1,4,35,40,92.3950201
30日,日本,羽田,日本,那覇,22:00,120,6,990000,30000,33,小規模運航,120,2100000,1,1,4,35,40,97.7976701
30日,日本,羽田,日本,那覇,22:30,120,6,1140000,30000,38,小規模運航,120,2100000,1,1,4,35,40,97.9412187
31日,日本,羽田,日本,那覇,07:00,120,6,1020000,30000,34,小規模運航,120,2100000,1,1,4,35,40,96.5676155
31日,日本,羽田,日本,那覇,07:30,120,6,1140000,30000,38,小規模運航,120,2100000,1,1,4,35,40,92.1098532
31日,日本,羽田,日本,那覇,08:00,120,6,1620000,30000,54,小規模運航,120,2100000,1,1,4,35,40,97.2544447
31日,日本,羽田,日本,那覇,08:30,120,6,1770000,30000,59,小規模運航,120,2100000,1,1,4,35,40,96.4231917
31日,日本,羽田,日本,那覇,09:00,120,6,1770000,30000,59,小規模運航,120,2100000,1,1,4,35,40,81.3950454
31日,日本,羽田,日本,那覇,09:30,120,6,1680000,30000,56,小規模運航,120,2100000,1,1,4,35,40,93.8808329
31日,日本,羽田,日本,那覇,10:00,120,6,1440000,30000,48,小規模運航,120,2100000,1,1,4,35,40,95.0643639
31日,日本,羽田,日本,那覇,10:30,120,6,1440000,30000,48,小規模運航,120,2100000,1,1,4,35,40,92.1284115
31日,日本,羽田,日本,那覇,11:00,120,6,1410000,30000,47,小規模運航,120,2100000,1,1,4,35,40,99.2140771
31日,日本,羽田,日本,那覇,11:30,120,6,1410000,30000,47,小規模運航,120,2100000,1,1,4,35,40,83.8789465
31日,日本,羽田,日本,那覇,12:00,120,6,1260000,30000,42,小規模運航,120,2100000,1,1,4,35,40,90.3114353
31日,日本,羽田,日本,那覇,12:30,120,6,1260000,30000,42,小規模運航,120,2100000,1,1,4,35,40,94.7285238
31日,日本,羽田,日本,那覇,13:00,120,6,1350000,30000,45,小規模運航,120,2100000,1,1,4,35,40,94.8455481
31日,日本,羽田,日本,那覇,13:30,120,6,1350000,30000,45,小規模運航,120,2100000,1,1,4,35,40,96.0730755
31日,日本,羽田,日本,那覇,14:00,120,6,1350000,30000,45,小規模運航,120,2100000,1,1,4,35,40,94.3682022
31日,日本,羽田,日本,那覇,14:30,120,6,1470000,30000,49,小規模運航,120,2100000,1,1,4,35,40,95.7958146
31日,日本,羽田,日本,那覇,15:00,120,6,1320000,30000,44,小規模運航,120,2100000,1,1,4,35,40,85.0463808
31日,日本,羽田,日本,那覇,15:30,120,6,1440000,30000,48,小規模運航,120,2100000,1,1,4,35,40,98.7426336
31日,日本,羽田,日本,那覇,16:00,120,6,1440000,30000,48,小規模運航,120,2100000,1,1,4,35,40,90.4533704
31日,日本,羽田,日本,那覇,16:30,120,6,1290000,30000,43,小規模運航,120,2100000,1,1,4,35,40,92.8858327
31日,日本,羽田,日本,那覇,17:00,120,6,1530000,30000,51,小規模運航,120,2100000,1,1,4,35,40,95.3606336
31日,日本,羽田,日本,那覇,17:30,120,6,1770000,30000,59,小規模運航,120,2100000,1,1,4,35,40,94.2407376
31日,日本,羽田,日本,那覇,18:00,120,6,1650000,30000,55,小規模運航,120,2100000,1,1,4,35,40,98.7675902
31日,日本,羽田,日本,那覇,18:30,120,6,1710000,30000,57,小規模運航,120,2100000,1,1,4,35,40,85.5958109
31日,日本,羽田,日本,那覇,19:00,120,6,1620000,30000,54,小規模運航,120,2100000,1,1,4,35,40,93.35865
31日,日本,羽田,日本,那覇,19:30,120,6,1590000,30000,53,小規模運航,120,2100000,1,1,4,35,40,94.1544047
31日,日本,羽田,日本,那覇,20:00,120,6,1410000,30000,47,小規模運航,120,2100000,1,1,4,35,40,81.3766857
31日,日本,羽田,日本,那覇,20:30,120,6,1410000,30000,47,小規模運航,120,2100000,1,1,4,35,40,90.7856645
31日,日本,羽田,日本,那覇,21:00,120,6,1500000,30000,50,小規模運航,120,2100000,1,1,4,35,40,94.2007617
31日,日本,羽田,日本,那覇,21:30,120,6,1260000,30000,42,小規模運航,120,2100000,1,1,4,35,40,94.085877
31日,日本,羽田,日本,那覇,22:00,120,6,1050000,30000,35,小規模運航,120,2100000,1,1,4,35,40,93.529228
31日,日本,羽田,日本,那覇,22:30,120,6,1020000,30000,34,小規模運航,120,2100000,1,1,4,35,40,92.947076
1日,日本,中部,日本,那覇,07:00,90,9,1050000,30000,35,小規模運航,120,2100000,1,1,4,35,40,97.4039529
1日,日本,中部,日本,那覇,07:30,90,9,990000,30000,33,小規模運航,120,2100000,1,1,4,35,40,97.04807
1日,日本,中部,日本,那覇,08:00,90,9,1770000,30000,59,小規模運航,120,2100000,1,1,4,35,40,98.8816556
1日,日本,中部,日本,那覇,08:30,90,9,1770000,30000,59,小規模運航,120,2100000,1,1,4,35,40,94.812553
1日,日本,中部,日本,那覇,09:00,90,9,1770000,30000,59,小規模運航,120,2100000,1,1,4,35,40,84.6079477
1日,日本,中部,日本,那覇,09:30,90,9,1620000,30000,54,小規模運航,120,2100000,1,1,4,35,40,94.7065266
1日,日本,中部,日本,那覇,10:00,90,9,1500000,30000,50,小規模運航,120,2100000,1,1,4,35,40,94.4540682
1日,日本,中部,日本,那覇,10:30,90,9,1500000,30000,50,小規模運航,120,2100000,1,1,4,35,40,98.4420364
1日,日本,中部,日本,那覇,11:00,90,9,1410000,30000,47,小規模運航,120,2100000,1,1,4,35,40,81.1298902
1日,日本,中部,日本,那覇,11:30,90,9,1410000,30000,47,小規模運航,120,2100000,1,1,4,35,40,97.9712998
1日,日本,中部,日本,那覇,12:00,90,9,1440000,30000,48,小規模運航,120,2100000,1,1,4,35,40,94.2585045
1日,日本,中部,日本,那覇,12:30,90,9,1410000,30000,47,小規模運航,120,2100000,1,1,4,35,40,92.0451295
1日,日本,中部,日本,那覇,13:00,90,9,1260000,30000,42,小規模運航,120,2100000,1,1,4,35,40,81.798821
1日,日本,中部,日本,那覇,13:30,90,9,1410000,30000,47,小規模運航,120,2100000,1,1,4,35,40,73.342205
1日,日本,中部,日本,那覇,14:00,90,9,1500000,30000,50,小規模運航,120,2100000,1,1,4,35,40,94.9725085
1日,日本,中部,日本,那覇,14:30,90,9,1410000,30000,47,小規模運航,120,2100000,1,1,4,35,40,73.8869891
1日,日本,中部,日本,那覇,15:00,90,9,1320000,30000,44,小規模運航,120,2100000,1,1,4,35,40,96.113924
1日,日本,中部,日本,那覇,15:30,90,9,1500000,30000,50,小規模運航,120,2100000,1,1,4,35,40,98.5644323
1日,日本,中部,日本,那覇,16:00,90,9,1530000,30000,51,小規模運航,120,2100000,1,1,4,35,40,93.0590672
1日,日本,中部,日本,那覇,16:30,90,9,1530000,30000,51,小規模運航,120,2100000,1,1,4,35,40,98.5384877
1日,日本,中部,日本,那覇,17:00,90,9,1770000,30000,59,小規模運航,120,2100000,1,1,4,35,40,98.1524464
1日,日本,中部,日本,那覇,17:30,90,9,1710000,30000,57,小規模運航,120,2100000,1,1,4,35,40,99.2884906
1日,日本,中部,日本,那覇,18:00,90,9,1710000,30000,57,小規模運航,120,2100000,1,1,4,35,40,94.3080323
1日,日本,中部,日本,那覇,18:30,90,9,1530000,30000,51,小規模運航,120,2100000,1,1,4,35,40,84.1731641
1日,日本,中部,日本,那覇,19:00,90,9,1770000,30000,59,小規模運航,120,2100000,1,1,4,35,40,95.5687863
1日,日本,中部,日本,那覇,19:30,90,9,1770000,30000,59,小規模運航,120,2100000,1,1,4,35,40,91.3561009
1日,日本,中部,日本,那覇,20:00,90,9,1260000,30000,42,小規模運航,120,2100000,1,1,4,35,40,97.5756405
1日,日本,中部,日本,那覇,20:30,90,9,1410000,30000,47,小規模運航,120,2100000,1,1,4,35,40,91.2305266
1日,日本,中部,日本,那覇,21:00,90,9,1380000,30000,46,小規模運航,120,2100000,1,1,4,35,40,93.6253425
1日,日本,中部,日本,那覇,21:30,90,9,1410000,30000,47,小規模運航,120,2100000,1,1,4,35,40,95.2810304
1日,日本,中部,日本,那覇,22:00,90,9,1050000,30000,35,小規模運航,120,2100000,1,1,4,35,40,76.3652856
1日,日本,中部,日本,那覇,22:30,90,9,1080000,30000,36,小規模運航,120,2100000,1,1,4,35,40,91.7170922
2日,日本,中部,日本,那覇,07:00,90,9,1170000,30000,39,小規模運航,120,2100000,1,1,4,35,40,71.3224848
2日,日本,中部,日本,那覇,07:30,90,9,1020000,30000,34,小規模運航,120,2100000,1,1,4,35,40,69.9793212
2日,日本,中部,日本,那覇,08:00,90,9,1770000,30000,59,小規模運航,120,2100000,1,1,4,35,40,98.8816556
2日,日本,中部,日本,那覇,08:30,90,9,1620000,30000,54,小規模運航,120,2100000,1,1,4,35,40,98.6320848
2日,日本,中部,日本,那覇,09:00,90,9,1770000,30000,59,小規模運航,120,2100000,1,1,4,35,40,84.6079477
2日,日本,中部,日本,那覇,09:30,90,9,1590000,30000,53,小規模運航,120,2100000,1,1,4,35,40,95.9879555
2日,日本,中部,日本,那覇,10:00,90,9,1260000,30000,42,小規模運航,120,2100000,1,1,4,35,40,98.1824638
2日,日本,中部,日本,那覇,10:30,90,9,1410000,30000,47,小規模運航,120,2100000,1,1,4,35,40,97.7549461
2日,日本,中部,日本,那覇,11:00,90,9,1440000,30000,48,小規模運航,120,2100000,1,1,4,35,40,83.7426062
2日,日本,中部,日本,那覇,11:30,90,9,1290000,30000,43,小規模運航,120,2100000,1,1,4,35,40,79.827566
2日,日本,中部,日本,那覇,12:00,90,9,1470000,30000,49,小規模運航,120,2100000,1,1,4,35,40,94.2298026
2日,日本,中部,日本,那覇,12:30,90,9,1380000,30000,46,小規模運航,120,2100000,1,1,4,35,40,93.5257513
2日,日本,中部,日本,那覇,13:00,90,9,1470000,30000,49,小規模運航,120,2100000,1,1,4,35,40,96.8190036
2日,日本,中部,日本,那覇,13:30,90,9,1320000,30000,44,小規模運航,120,2100000,1,1,4,35,40,85.9483816
2日,日本,中部,日本,那覇,14:00,90,9,1290000,30000,43,小規模運航,120,2100000,1,1,4,35,40,91.6744656
2日,日本,中部,日本,那覇,14:30,90,9,1500000,30000,50,小規模運航,120,2100000,1,1,4,35,40,82.298088
2日,日本,中部,日本,那覇,15:00,90,9,1530000,30000,51,小規模運航,120,2100000,1,1,4,35,40,68.2917869
2日,日本,中部,日本,那覇,15:30,90,9,1380000,30000,46,小規模運航,120,2100000,1,1,4,35,40,91.2188026
2日,日本,中部,日本,那覇,16:00,90,9,1260000,30000,42,小規模運航,120,2100000,1,1,4,35,40,94.8354701
2日,日本,中部,日本,那覇,16:30,90,9,1320000,30000,44,小規模運航,120,2100000,1,1,4,35,40,96.9964085
2日,日本,中部,日本,那覇,17:00,90,9,1800000,30000,60,小規模運航,120,2100000,1,1,4,35,40,84.3629539
2日,日本,中部,日本,那覇,17:30,90,9,1770000,30000,59,小規模運航,120,2100000,1,1,4,35,40,94.811727
2日,日本,中部,日本,那覇,18:00,90,9,1770000,30000,59,小規模運航,120,2100000,1,1,4,35,40,98.7855915
2日,日本,中部,日本,那覇,18:30,90,9,1740000,30000,58,小規模運航,120,2100000,1,1,4,35,40,85.613774
2日,日本,中部,日本,那覇,19:00,90,9,1560000,30000,52,小規模運航,120,2100000,1,1,4,35,40,98.5771004
2日,日本,中部,日本,那覇,19:30,90,9,1560000,30000,52,小規模運航,120,2100000,1,1,4,35,40,96.2653051
2日,日本,中部,日本,那覇,20:00,90,9,1320000,30000,44,小規模運航,120,2100000,1,1,4,35,40,95.197006
2日,日本,中部,日本,那覇,20:30,90,9,1350000,30000,45,小規模運航,120,2100000,1,1,4,35,40,98.3103887
2日,日本,中部,日本,那覇,21:00,90,9,1470000,30000,49,小規模運航,120,2100000,1,1,4,35,40,98.6500195
2日,日本,中部,日本,那覇,21:30,90,9,1410000,30000,47,小規模運航,120,2100000,1,1,4,35,40,95.2810304
2日,日本,中部,日本,那覇,22:00,90,9,1170000,30000,39,小規模運航,120,2100000,1,1,4,35,40,92.2416645
2日,日本,中部,日本,那覇,22:30,90,9,1140000,30000,38,小規模運航,120,2100000,1,1,4,35,40,90.603074
3日,日本,中部,日本,那覇,07:00,90,9,1050000,30000,35,小規模運航,120,2100000,1,1,4,35,40,97.4039529
3日,日本,中部,日本,那覇,07:30,90,9,1260000,30000,42,小規模運航,120,2100000,1,1,4,35,40,97.8571245
3日,日本,中部,日本,那覇,08:00,90,9,1590000,30000,53,小規模運航,120,2100000,1,1,4,35,40,97.2381511
3日,日本,中部,日本,那覇,08:30,90,9,1800000,30000,60,小規模運航,120,2100000,1,1,4,35,40,98.9019042
3日,日本,中部,日本,那覇,09:00,90,9,1590000,30000,53,小規模運航,120,2100000,1,1,4,35,40,97.3923393
3日,日本,中部,日本,那覇,09:30,90,9,1650000,30000,55,小規模運航,120,2100000,1,1,4,35,40,84.9657146
3日,日本,中部,日本,那覇,10:00,90,9,1440000,30000,48,小規模運航,120,2100000,1,1,4,35,40,98.151893
3日,日本,中部,日本,那覇,10:30,90,9,1410000,30000,47,小規模運航,120,2100000,1,1,4,35,40,97.7549461
3日,日本,中部,日本,那覇,11:00,90,9,1530000,30000,51,小規模運航,120,2100000,1,1,4,35,40,95.3433774
3日,日本,中部,日本,那覇,11:30,90,9,1380000,30000,46,小規模運航,120,2100000,1,1,4,35,40,98.0967761
3日,日本,中部,日本,那覇,12:00,90,9,1350000,30000,45,小規模運航,120,2100000,1,1,4,35,40,95.9260805
3日,日本,中部,日本,那覇,12:30,90,9,1410000,30000,47,小規模運航,120,2100000,1,1,4,35,40,92.0451295
3日,日本,中部,日本,那覇,13:00,90,9,1350000,30000,45,小規模運航,120,2100000,1,1,4,35,40,95.7684403
3日,日本,中部,日本,那覇,13:30,90,9,1410000,30000,47,小規模運航,120,2100000,1,1,4,35,40,73.342205
3日,日本,中部,日本,那覇,14:00,90,9,1380000,30000,46,小規模運航,120,2100000,1,1,4,35,40,96.6229148
3日,日本,中部,日本,那覇,14:30,90,9,1380000,30000,46,小規模運航,120,2100000,1,1,4,35,40,92.6414074
3日,日本,中部,日本,那覇,15:00,90,9,1410000,30000,47,小規模運航,120,2100000,1,1,4,35,40,92.9945619
3日,日本,中部,日本,那覇,15:30,90,9,1290000,30000,43,小規模運航,120,2100000,1,1,4,35,40,83.361222
3日,日本,中部,日本,那覇,16:00,90,9,1320000,30000,44,小規模運航,120,2100000,1,1,4,35,40,91.5235289
3日,日本,中部,日本,那覇,16:30,90,9,1380000,30000,46,小規模運航,120,2100000,1,1,4,35,40,98.092984
3日,日本,中部,日本,那覇,17:00,90,9,1710000,30000,57,小規模運航,120,2100000,1,1,4,35,40,95.9618539
3日,日本,中部,日本,那覇,17:30,90,9,1800000,30000,60,小規模運航,120,2100000,1,1,4,35,40,96.3374403
3日,日本,中部,日本,那覇,18:00,90,9,1740000,30000,58,小規模運航,120,2100000,1,1,4,35,40,94.5984586
3日,日本,中部,日本,那覇,18:30,90,9,1590000,30000,53,小規模運航,120,2100000,1,1,4,35,40,91.8667819
3日,日本,中部,日本,那覇,19:00,90,9,1770000,30000,59,小規模運航,120,2100000,1,1,4,35,40,95.5687863
3日,日本,中部,日本,那覇,19:30,90,9,1740000,30000,58,小規模運航,120,2100000,1,1,4,35,40,97.6577129
3日,日本,中部,日本,那覇,20:00,90,9,1380000,30000,46,小規模運航,120,2100000,1,1,4,35,40,88.9421997
3日,日本,中部,日本,那覇,20:30,90,9,1350000,30000,45,小規模運航,120,2100000,1,1,4,35,40,98.3103887
3日,日本,中部,日本,那覇,21:00,90,9,1290000,30000,43,小規模運航,120,2100000,1,1,4,35,40,93.9212438
3日,日本,中部,日本,那覇,21:30,90,9,1440000,30000,48,小規模運航,120,2100000,1,1,4,35,40,97.2238906
3日,日本,中部,日本,那覇,22:00,90,9,1080000,30000,36,小規模運航,120,2100000,1,1,4,35,40,93.9238025
3日,日本,中部,日本,那覇,22:30,90,9,1050000,30000,35,小規模運航,120,2100000,1,1,4,35,40,90.6207489
4日,日本,中部,日本,那覇,07:00,90,9,1050000,30000,35,小規模運航,120,2100000,1,1,4,35,40,97.4039529
4日,日本,中部,日本,那覇,07:30,90,9,1140000,30000,38,小規模運航,120,2100000,1,1,4,35,40,66.2182239
4日,日本,中部,日本,那覇,08:00,90,9,1620000,30000,54,小規模運航,120,2100000,1,1,4,35,40,94.884776
4日,日本,中部,日本,那覇,08:30,90,9,1560000,30000,52,小規模運航,120,2100000,1,1,4,35,40,98.2959361
4日,日本,中部,日本,那覇,09:00,90,9,1650000,30000,55,小規模運航,120,2100000,1,1,4,35,40,98.7653532
4日,日本,中部,日本,那覇,09:30,90,9,1530000,30000,51,小規模運航,120,2100000,1,1,4,35,40,98.0680253
4日,日本,中部,日本,那覇,10:00,90,9,1500000,30000,50,小規模運航,120,2100000,1,1,4,35,40,94.4540682
4日,日本,中部,日本,那覇,10:30,90,9,1410000,30000,47,小規模運航,120,2100000,1,1,4,35,40,97.7549461
4日,日本,中部,日本,那覇,11:00,90,9,1530000,30000,51,小規模運航,120,2100000,1,1,4,35,40,95.3433774
4日,日本,中部,日本,那覇,11:30,90,9,1410000,30000,47,小規模運航,120,2100000,1,1,4,35,40,97.9712998
4日,日本,中部,日本,那覇,12:00,90,9,1290000,30000,43,小規模運航,120,2100000,1,1,4,35,40,94.3235365
4日,日本,中部,日本,那覇,12:30,90,9,1410000,30000,47,小規模運航,120,2100000,1,1,4,35,40,92.0451295
4日,日本,中部,日本,那覇,13:00,90,9,1410000,30000,47,小規模運航,120,2100000,1,1,4,35,40,85.2527032
4日,日本,中部,日本,那覇,13:30,90,9,1440000,30000,48,小規模運航,120,2100000,1,1,4,35,40,92.1381219
4日,日本,中部,日本,那覇,14:00,90,9,1260000,30000,42,小規模運航,120,2100000,1,1,4,35,40,92.3599884
4日,日本,中部,日本,那覇,14:30,90,9,1440000,30000,48,小規模運航,120,2100000,1,1,4,35,40,90.3125372
4日,日本,中部,日本,那覇,15:00,90,9,1410000,30000,47,小規模運航,120,2100000,1,1,4,35,40,92.9945619
4日,日本,中部,日本,那覇,15:30,90,9,1260000,30000,42,小規模運航,120,2100000,1,1,4,35,40,91.8641904
4日,日本,中部,日本,那覇,16:00,90,9,1440000,30000,48,小規模運航,120,2100000,1,1,4,35,40,90.4719785
4日,日本,中部,日本,那覇,16:30,90,9,1500000,30000,50,小規模運航,120,2100000,1,1,4,35,40,80.3619932
4日,日本,中部,日本,那覇,17:00,90,9,1620000,30000,54,小規模運航,120,2100000,1,1,4,35,40,95.8186951
4日,日本,中部,日本,那覇,17:30,90,9,1530000,30000,51,小規模運航,120,2100000,1,1,4,35,40,98.820636
4日,日本,中部,日本,那覇,18:00,90,9,1560000,30000,52,小規模運航,120,2100000,1,1,4,35,40,97.6434342
4日,日本,中部,日本,那覇,18:30,90,9,1800000,30000,60,小規模運航,120,2100000,1,1,4,35,40,98.5547961
4日,日本,中部,日本,那覇,19:00,90,9,1770000,30000,59,小規模運航,120,2100000,1,1,4,35,40,95.5687863
4日,日本,中部,日本,那覇,19:30,90,9,1590000,30000,53,小規模運航,120,2100000,1,1,4,35,40,88.446405
4日,日本,中部,日本,那覇,20:00,90,9,1410000,30000,47,小規模運航,120,2100000,1,1,4,35,40,94.2105519
4日,日本,中部,日本,那覇,20:30,90,9,1530000,30000,51,小規模運航,120,2100000,1,1,4,35,40,93.9551426
4日,日本,中部,日本,那覇,21:00,90,9,1440000,30000,48,小規模運航,120,2100000,1,1,4,35,40,92.6847043
4日,日本,中部,日本,那覇,21:30,90,9,1500000,30000,50,小規模運航,120,2100000,1,1,4,35,40,94.224609
4日,日本,中部,日本,那覇,22:00,90,9,1050000,30000,35,小規模運航,120,2100000,1,1,4,35,40,76.3652856
4日,日本,中部,日本,那覇,22:30,90,9,1050000,30000,35,小規模運航,120,2100000,1,1,4,35,40,90.6207489
5日,日本,中部,日本,那覇,07:00,90,9,990000,30000,33,小規模運航,120,2100000,1,1,4,35,40,89.2171908
5日,日本,中部,日本,那覇,07:30,90,9,1080000,30000,36,小規模運航,120,2100000,1,1,4,35,40,90.8171957
5日,日本,中部,日本,那覇,08:00,90,9,1530000,30000,51,小規模運航,120,2100000,1,1,4,35,40,96.5487131
5日,日本,中部,日本,那覇,08:30,90,9,1590000,30000,53,小規模運航,120,2100000,1,1,4,35,40,94.4738683
5日,日本,中部,日本,那覇,09:00,90,9,1710000,30000,57,小規模運航,120,2100000,1,1,4,35,40,95.9782588
5日,日本,中部,日本,那覇,09:30,90,9,1650000,30000,55,小規模運航,120,2100000,1,1,4,35,40,84.9657146
5日,日本,中部,日本,那覇,10:00,90,9,1410000,30000,47,小規模運航,120,2100000,1,1,4,35,40,94.2143154
5日,日本,中部,日本,那覇,10:30,90,9,1500000,30000,50,小規模運航,120,2100000,1,1,4,35,40,98.4420364
5日,日本,中部,日本,那覇,11:00,90,9,1290000,30000,43,小規模運航,120,2100000,1,1,4,35,40,98.1578637
5日,日本,中部,日本,那覇,11:30,90,9,1380000,30000,46,小規模運航,120,2100000,1,1,4,35,40,98.0967761
5日,日本,中部,日本,那覇,12:00,90,9,1470000,30000,49,小規模運航,120,2100000,1,1,4,35,40,94.2298026
5日,日本,中部,日本,那覇,12:30,90,9,1410000,30000,47,小規模運航,120,2100000,1,1,4,35,40,92.0451295
5日,日本,中部,日本,那覇,13:00,90,9,1380000,30000,46,小規模運航,120,2100000,1,1,4,35,40,90.0508402
5日,日本,中部,日本,那覇,13:30,90,9,1500000,30000,50,小規模運航,120,2100000,1,1,4,35,40,88.1689673
5日,日本,中部,日本,那覇,14:00,90,9,1380000,30000,46,小規模運航,120,2100000,1,1,4,35,40,96.6229148
5日,日本,中部,日本,那覇,14:30,90,9,1410000,30000,47,小規模運航,120,2100000,1,1,4,35,40,73.8869891
5日,日本,中部,日本,那覇,15:00,90,9,1260000,30000,42,小規模運航,120,2100000,1,1,4,35,40,93.3664066
5日,日本,中部,日本,那覇,15:30,90,9,1470000,30000,49,小規模運航,120,2100000,1,1,4,35,40,94.6521216
5日,日本,中部,日本,那覇,16:00,90,9,1410000,30000,47,小規模運航,120,2100000,1,1,4,35,40,97.6358099
5日,日本,中部,日本,那覇,16:30,90,9,1350000,30000,45,小規模運航,120,2100000,1,1,4,35,40,97.7111485
5日,日本,中部,日本,那覇,17:00,90,9,1770000,30000,59,小規模運航,120,2100000,1,1,4,35,40,98.1524464
5日,日本,中部,日本,那覇,17:30,90,9,1530000,30000,51,小規模運航,120,2100000,1,1,4,35,40,98.820636
5日,日本,中部,日本,那覇,18:00,90,9,1710000,30000,57,小規模運航,120,2100000,1,1,4,35,40,94.3080323
5日,日本,中部,日本,那覇,18:30,90,9,1560000,30000,52,小規模運航,120,2100000,1,1,4,35,40,87.4850906
5日,日本,中部,日本,那覇,19:00,90,9,1560000,30000,52,小規模運航,120,2100000,1,1,4,35,40,98.5771004
5日,日本,中部,日本,那覇,19:30,90,9,1800000,30000,60,小規模運航,120,2100000,1,1,4,35,40,96.3209578
5日,日本,中部,日本,那覇,20:00,90,9,1290000,30000,43,小規模運航,120,2100000,1,1,4,35,40,93.7031334
5日,日本,中部,日本,那覇,20:30,90,9,1380000,30000,46,小規模運航,120,2100000,1,1,4,35,40,98.5558817
5日,日本,中部,日本,那覇,21:00,90,9,1380000,30000,46,小規模運航,120,2100000,1,1,4,35,40,93.6253425
5日,日本,中部,日本,那覇,21:30,90,9,1500000,30000,50,小規模運航,120,2100000,1,1,4,35,40,94.224609
5日,日本,中部,日本,那覇,22:00,90,9,1080000,30000,36,小規模運航,120,2100000,1,1,4,35,40,93.9238025
5日,日本,中部,日本,那覇,22:30,90,9,1200000,30000,40,小規模運航,120,2100000,1,1,4,35,40,96.5732383
6日,日本,中部,日本,那覇,07:00,90,9,990000,30000,33,小規模運航,120,2100000,1,1,4,35,40,89.2171908
6日,日本,中部,日本,那覇,07:30,90,9,1080000,30000,36,小規模運航,120,2100000,1,1,4,35,40,90.8171957
6日,日本,中部,日本,那覇,08:00,90,9,1650000,30000,55,小規模運航,120,2100000,1,1,4,35,40,98.3564459
6日,日本,中部,日本,那覇,08:30,90,9,1590000,30000,53,小規模運航,120,2100000,1,1,4,35,40,94.4738683
6日,日本,中部,日本,那覇,09:00,90,9,1740000,30000,58,小規模運航,120,2100000,1,1,4,35,40,81.8035398
6日,日本,中部,日本,那覇,09:30,90,9,1650000,30000,55,小規模運航,120,2100000,1,1,4,35,40,84.9657146
6日,日本,中部,日本,那覇,10:00,90,9,1440000,30000,48,小規模運航,120,2100000,1,1,4,35,40,98.151893
6日,日本,中部,日本,那覇,10:30,90,9,1470000,30000,49,小規模運航,120,2100000,1,1,4,35,40,75.7217334
6日,日本,中部,日本,那覇,11:00,90,9,1410000,30000,47,小規模運航,120,2100000,1,1,4,35,40,81.1298902
6日,日本,中部,日本,那覇,11:30,90,9,1260000,30000,42,小規模運航,120,2100000,1,1,4,35,40,98.0107254
6日,日本,中部,日本,那覇,12:00,90,9,1350000,30000,45,小規模運航,120,2100000,1,1,4,35,40,95.9260805
6日,日本,中部,日本,那覇,12:30,90,9,1380000,30000,46,小規模運航,120,2100000,1,1,4,35,40,93.5257513
6日,日本,中部,日本,那覇,13:00,90,9,1440000,30000,48,小規模運航,120,2100000,1,1,4,35,40,93.9178631
6日,日本,中部,日本,那覇,13:30,90,9,1470000,30000,49,小規模運航,120,2100000,1,1,4,35,40,90.5125307
6日,日本,中部,日本,那覇,14:00,90,9,1500000,30000,50,小規模運航,120,2100000,1,1,4,35,40,94.9725085
6日,日本,中部,日本,那覇,14:30,90,9,1290000,30000,43,小規模運航,120,2100000,1,1,4,35,40,95.2142544
6日,日本,中部,日本,那覇,15:00,90,9,1530000,30000,51,小規模運航,120,2100000,1,1,4,35,40,68.2917869
6日,日本,中部,日本,那覇,15:30,90,9,1320000,30000,44,小規模運航,120,2100000,1,1,4,35,40,85.1988678
6日,日本,中部,日本,那覇,16:00,90,9,1320000,30000,44,小規模運航,120,2100000,1,1,4,35,40,91.5235289
6日,日本,中部,日本,那覇,16:30,90,9,1410000,30000,47,小規模運航,120,2100000,1,1,4,35,40,92.2438625
6日,日本,中部,日本,那覇,17:00,90,9,1770000,30000,59,小規模運航,120,2100000,1,1,4,35,40,98.1524464
6日,日本,中部,日本,那覇,17:30,90,9,1530000,30000,51,小規模運航,120,2100000,1,1,4,35,40,98.820636
6日,日本,中部,日本,那覇,18:00,90,9,1620000,30000,54,小規模運航,120,2100000,1,1,4,35,40,98.7284301
6日,日本,中部,日本,那覇,18:30,90,9,1650000,30000,55,小規模運航,120,2100000,1,1,4,35,40,98.4390629
6日,日本,中部,日本,那覇,19:00,90,9,1740000,30000,58,小規模運航,120,2100000,1,1,4,35,40,91.9194134
6日,日本,中部,日本,那覇,19:30,90,9,1530000,30000,51,小規模運航,120,2100000,1,1,4,35,40,93.3512989
6日,日本,中部,日本,那覇,20:00,90,9,1290000,30000,43,小規模運航,120,2100000,1,1,4,35,40,93.7031334
6日,日本,中部,日本,那覇,20:30,90,9,1470000,30000,49,小規模運航,120,2100000,1,1,4,35,40,77.2375709
6日,日本,中部,日本,那覇,21:00,90,9,1410000,30000,47,小規模運航,120,2100000,1,1,4,35,40,98.0286925
6日,日本,中部,日本,那覇,21:30,90,9,1470000,30000,49,小規模運航,120,2100000,1,1,4,35,40,96.9650053
6日,日本,中部,日本,那覇,22:00,90,9,1230000,30000,41,小規模運航,120,2100000,1,1,4,35,40,92.750817
6日,日本,中部,日本,那覇,22:30,90,9,1080000,30000,36,小規模運航,120,2100000,1,1,4,35,40,91.7170922
7日,日本,中部,日本,那覇,07:00,90,9,1080000,30000,36,小規模運航,120,2100000,1,1,4,35,40,72.0251538
7日,日本,中部,日本,那覇,07:30,90,9,1200000,30000,40,小規模運航,120,2100000,1,1,4,35,40,92.2750786
7日,日本,中部,日本,那覇,08:00,90,9,1620000,30000,54,小規模運航,120,2100000,1,1,4,35,40,94.884776
7日,日本,中部,日本,那覇,08:30,90,9,1650000,30000,55,小規模運航,120,2100000,1,1,4,35,40,96.6275781
7日,日本,中部,日本,那覇,09:00,90,9,1770000,30000,59,小規模運航,120,2100000,1,1,4,35,40,84.6079477
7日,日本,中部,日本,那覇,09:30,90,9,1740000,30000,58,小規模運航,120,2100000,1,1,4,35,40,93.2122288
7日,日本,中部,日本,那覇,10:00,90,9,1350000,30000,45,小規模運航,120,2100000,1,1,4,35,40,98.4594064
7日,日本,中部,日本,那覇,10:30,90,9,1500000,30000,50,小規模運航,120,2100000,1,1,4,35,40,98.4420364
7日,日本,中部,日本,那覇,11:00,90,9,1410000,30000,47,小規模運航,120,2100000,1,1,4,35,40,81.1298902
7日,日本,中部,日本,那覇,11:30,90,9,1500000,30000,50,小規模運航,120,2100000,1,1,4,35,40,94.7363853
7日,日本,中部,日本,那覇,12:00,90,9,1380000,30000,46,小規模運航,120,2100000,1,1,4,35,40,98.9869085
7日,日本,中部,日本,那覇,12:30,90,9,1380000,30000,46,小規模運航,120,2100000,1,1,4,35,40,93.5257513
7日,日本,中部,日本,那覇,13:00,90,9,1470000,30000,49,小規模運航,120,2100000,1,1,4,35,40,96.8190036
7日,日本,中部,日本,那覇,13:30,90,9,1500000,30000,50,小規模運航,120,2100000,1,1,4,35,40,88.1689673
7日,日本,中部,日本,那覇,14:00,90,9,1350000,30000,45,小規模運航,120,2100000,1,1,4,35,40,93.4566915
7日,日本,中部,日本,那覇,14:30,90,9,1410000,30000,47,小規模運航,120,2100000,1,1,4,35,40,73.8869891
7日,日本,中部,日本,那覇,15:00,90,9,1440000,30000,48,小規模運航,120,2100000,1,1,4,35,40,91.8585076
7日,日本,中部,日本,那覇,15:30,90,9,1470000,30000,49,小規模運航,120,2100000,1,1,4,35,40,94.6521216
7日,日本,中部,日本,那覇,16:00,90,9,1410000,30000,47,小規模運航,120,2100000,1,1,4,35,40,97.6358099
7日,日本,中部,日本,那覇,16:30,90,9,1350000,30000,45,小規模運航,120,2100000,1,1,4,35,40,97.7111485
7日,日本,中部,日本,那覇,17:00,90,9,1770000,30000,59,小規模運航,120,2100000,1,1,4,35,40,98.1524464
7日,日本,中部,日本,那覇,17:30,90,9,1650000,30000,55,小規模運航,120,2100000,1,1,4,35,40,95.9267435
7日,日本,中部,日本,那覇,18:00,90,9,1530000,30000,51,小規模運航,120,2100000,1,1,4,35,40,96.4885009
7日,日本,中部,日本,那覇,18:30,90,9,1710000,30000,57,小規模運航,120,2100000,1,1,4,35,40,98.8513208
7日,日本,中部,日本,那覇,19:00,90,9,1800000,30000,60,小規模運航,120,2100000,1,1,4,35,40,97.9681635
7日,日本,中部,日本,那覇,19:30,90,9,1650000,30000,55,小規模運航,120,2100000,1,1,4,35,40,91.478673
7日,日本,中部,日本,那覇,20:00,90,9,1380000,30000,46,小規模運航,120,2100000,1,1,4,35,40,88.9421997
7日,日本,中部,日本,那覇,20:30,90,9,1290000,30000,43,小規模運航,120,2100000,1,1,4,35,40,98.533234
7日,日本,中部,日本,那覇,21:00,90,9,1440000,30000,48,小規模運航,120,2100000,1,1,4,35,40,92.6847043
7日,日本,中部,日本,那覇,21:30,90,9,1320000,30000,44,小規模運航,120,2100000,1,1,4,35,40,97.4518417
7日,日本,中部,日本,那覇,22:00,90,9,1200000,30000,40,小規模運航,120,2100000,1,1,4,35,40,97.8038935
7日,日本,中部,日本,那覇,22:30,90,9,1080000,30000,36,小規模運航,120,2100000,1,1,4,35,40,91.7170922
8日,日本,中部,日本,那覇,07:00,90,9,1050000,30000,35,小規模運航,120,2100000,1,1,4,35,40,97.4039529
8日,日本,中部,日本,那覇,07:30,90,9,1050000,30000,35,小規模運航,120,2100000,1,1,4,35,40,75.473424
8日,日本,中部,日本,那覇,08:00,90,9,1620000,30000,54,小規模運航,120,2100000,1,1,4,35,40,94.884776
8日,日本,中部,日本,那覇,08:30,90,9,1740000,30000,58,小規模運航,120,2100000,1,1,4,35,40,97.0025826
8日,日本,中部,日本,那覇,09:00,90,9,1590000,30000,53,小規模運航,120,2100000,1,1,4,35,40,97.3923393
8日,日本,中部,日本,那覇,09:30,90,9,1800000,30000,60,小規模運航,120,2100000,1,1,4,35,40,95.6693796
8日,日本,中部,日本,那覇,10:00,90,9,1290000,30000,43,小規模運航,120,2100000,1,1,4,35,40,96.0020311
8日,日本,中部,日本,那覇,10:30,90,9,1410000,30000,47,小規模運航,120,2100000,1,1,4,35,40,97.7549461
8日,日本,中部,日本,那覇,11:00,90,9,1410000,30000,47,小規模運航,120,2100000,1,1,4,35,40,81.1298902
8日,日本,中部,日本,那覇,11:30,90,9,1410000,30000,47,小規模運航,120,2100000,1,1,4,35,40,97.9712998
8日,日本,中部,日本,那覇,12:00,90,9,1440000,30000,48,小規模運航,120,2100000,1,1,4,35,40,94.2585045
8日,日本,中部,日本,那覇,12:30,90,9,1500000,30000,50,小規模運航,120,2100000,1,1,4,35,40,97.5397345
8日,日本,中部,日本,那覇,13:00,90,9,1380000,30000,46,小規模運航,120,2100000,1,1,4,35,40,90.0508402
8日,日本,中部,日本,那覇,13:30,90,9,1530000,30000,51,小規模運航,120,2100000,1,1,4,35,40,91.1720692
8日,日本,中部,日本,那覇,14:00,90,9,1410000,30000,47,小規模運航,120,2100000,1,1,4,35,40,76.4277205
8日,日本,中部,日本,那覇,14:30,90,9,1440000,30000,48,小規模運航,120,2100000,1,1,4,35,40,90.3125372
8日,日本,中部,日本,那覇,15:00,90,9,1470000,30000,49,小規模運航,120,2100000,1,1,4,35,40,90.5870885
8日,日本,中部,日本,那覇,15:30,90,9,1380000,30000,46,小規模運航,120,2100000,1,1,4,35,40,91.2188026
8日,日本,中部,日本,那覇,16:00,90,9,1500000,30000,50,小規模運航,120,2100000,1,1,4,35,40,78.3575381
8日,日本,中部,日本,那覇,16:30,90,9,1410000,30000,47,小規模運航,120,2100000,1,1,4,35,40,92.2438625
8日,日本,中部,日本,那覇,17:00,90,9,1620000,30000,54,小規模運航,120,2100000,1,1,4,35,40,95.8186951
8日,日本,中部,日本,那覇,17:30,90,9,1650000,30000,55,小規模運航,120,2100000,1,1,4,35,40,95.9267435
8日,日本,中部,日本,那覇,18:00,90,9,1650000,30000,55,小規模運航,120,2100000,1,1,4,35,40,94.4397749
8日,日本,中部,日本,那覇,18:30,90,9,1530000,30000,51,小規模運航,120,2100000,1,1,4,35,40,84.1731641
8日,日本,中部,日本,那覇,19:00,90,9,1620000,30000,54,小規模運航,120,2100000,1,1,4,35,40,90.0451567
8日,日本,中部,日本,那覇,19:30,90,9,1590000,30000,53,小規模運航,120,2100000,1,1,4,35,40,88.446405
8日,日本,中部,日本,那覇,20:00,90,9,1290000,30000,43,小規模運航,120,2100000,1,1,4,35,40,93.7031334
8日,日本,中部,日本,那覇,20:30,90,9,1440000,30000,48,小規模運航,120,2100000,1,1,4,35,40,85.4645846
8日,日本,中部,日本,那覇,21:00,90,9,1260000,30000,42,小規模運航,120,2100000,1,1,4,35,40,98.7571791
8日,日本,中部,日本,那覇,21:30,90,9,1440000,30000,48,小規模運航,120,2100000,1,1,4,35,40,97.2238906
8日,日本,中部,日本,那覇,22:00,90,9,1080000,30000,36,小規模運航,120,2100000,1,1,4,35,40,93.9238025
8日,日本,中部,日本,那覇,22:30,90,9,1050000,30000,35,小規模運航,120,2100000,1,1,4,35,40,90.6207489
9日,日本,中部,日本,那覇,07:00,90,9,1230000,30000,41,小規模運航,120,2100000,1,1,4,35,40,92.3787333
9日,日本,中部,日本,那覇,07:30,90,9,1110000,30000,37,小規模運航,120,2100000,1,1,4,35,40,84.9170449
9日,日本,中部,日本,那覇,08:00,90,9,1740000,30000,58,小規模運航,120,2100000,1,1,4,35,40,97.0036403
9日,日本,中部,日本,那覇,08:30,90,9,1770000,30000,59,小規模運航,120,2100000,1,1,4,35,40,94.812553
9日,日本,中部,日本,那覇,09:00,90,9,1710000,30000,57,小規模運航,120,2100000,1,1,4,35,40,95.9782588
9日,日本,中部,日本,那覇,09:30,90,9,1620000,30000,54,小規模運航,120,2100000,1,1,4,35,40,94.7065266
9日,日本,中部,日本,那覇,10:00,90,9,1440000,30000,48,小規模運航,120,2100000,1,1,4,35,40,98.151893
9日,日本,中部,日本,那覇,10:30,90,9,1500000,30000,50,小規模運航,120,2100000,1,1,4,35,40,98.4420364
9日,日本,中部,日本,那覇,11:00,90,9,1440000,30000,48,小規模運航,120,2100000,1,1,4,35,40,83.7426062
9日,日本,中部,日本,那覇,11:30,90,9,1410000,30000,47,小規模運航,120,2100000,1,1,4,35,40,97.9712998
9日,日本,中部,日本,那覇,12:00,90,9,1410000,30000,47,小規模運航,120,2100000,1,1,4,35,40,94.7728356
9日,日本,中部,日本,那覇,12:30,90,9,1530000,30000,51,小規模運航,120,2100000,1,1,4,35,40,98.1406627
9日,日本,中部,日本,那覇,13:00,90,9,1290000,30000,43,小規模運航,120,2100000,1,1,4,35,40,78.2279306
9日,日本,中部,日本,那覇,13:30,90,9,1410000,30000,47,小規模運航,120,2100000,1,1,4,35,40,73.342205
9日,日本,中部,日本,那覇,14:00,90,9,1470000,30000,49,小規模運航,120,2100000,1,1,4,35,40,96.5300051
9日,日本,中部,日本,那覇,14:30,90,9,1380000,30000,46,小規模運航,120,2100000,1,1,4,35,40,92.6414074
9日,日本,中部,日本,那覇,15:00,90,9,1440000,30000,48,小規模運航,120,2100000,1,1,4,35,40,91.8585076
9日,日本,中部,日本,那覇,15:30,90,9,1260000,30000,42,小規模運航,120,2100000,1,1,4,35,40,91.8641904
9日,日本,中部,日本,那覇,16:00,90,9,1500000,30000,50,小規模運航,120,2100000,1,1,4,35,40,78.3575381
9日,日本,中部,日本,那覇,16:30,90,9,1320000,30000,44,小規模運航,120,2100000,1,1,4,35,40,96.9964085
9日,日本,中部,日本,那覇,17:00,90,9,1560000,30000,52,小規模運航,120,2100000,1,1,4,35,40,91.4966411
9日,日本,中部,日本,那覇,17:30,90,9,1770000,30000,59,小規模運航,120,2100000,1,1,4,35,40,94.811727
9日,日本,中部,日本,那覇,18:00,90,9,1530000,30000,51,小規模運航,120,2100000,1,1,4,35,40,96.4885009
9日,日本,中部,日本,那覇,18:30,90,9,1740000,30000,58,小規模運航,120,2100000,1,1,4,35,40,85.613774
9日,日本,中部,日本,那覇,19:00,90,9,1590000,30000,53,小規模運航,120,2100000,1,1,4,35,40,96.4228196
9日,日本,中部,日本,那覇,19:30,90,9,1770000,30000,59,小規模運航,120,2100000,1,1,4,35,40,91.3561009
9日,日本,中部,日本,那覇,20:00,90,9,1410000,30000,47,小規模運航,120,2100000,1,1,4,35,40,94.2105519
9日,日本,中部,日本,那覇,20:30,90,9,1410000,30000,47,小規模運航,120,2100000,1,1,4,35,40,91.2305266
9日,日本,中部,日本,那覇,21:00,90,9,1410000,30000,47,小規模運航,120,2100000,1,1,4,35,40,98.0286925
9日,日本,中部,日本,那覇,21:30,90,9,1290000,30000,43,小規模運航,120,2100000,1,1,4,35,40,84.3908537
9日,日本,中部,日本,那覇,22:00,90,9,1050000,30000,35,小規模運航,120,2100000,1,1,4,35,40,76.3652856
9日,日本,中部,日本,那覇,22:30,90,9,1110000,30000,37,小規模運航,120,2100000,1,1,4,35,40,90.8313478
10日,日本,中部,日本,那覇,07:00,90,9,1260000,30000,42,小規模運航,120,2100000,1,1,4,35,40,97.3891919
10日,日本,中部,日本,那覇,07:30,90,9,990000,30000,33,小規模運航,120,2100000,1,1,4,35,40,97.04807
10日,日本,中部,日本,那覇,08:00,90,9,1800000,30000,60,小規模運航,120,2100000,1,1,4,35,40,96.5577811
10日,日本,中部,日本,那覇,08:30,90,9,1620000,30000,54,小規模運航,120,2100000,1,1,4,35,40,98.6320848
10日,日本,中部,日本,那覇,09:00,90,9,1770000,30000,59,小規模運航,120,2100000,1,1,4,35,40,84.6079477
10日,日本,中部,日本,那覇,09:30,90,9,1680000,30000,56,小規模運航,120,2100000,1,1,4,35,40,85.0907816
10日,日本,中部,日本,那覇,10:00,90,9,1320000,30000,44,小規模運航,120,2100000,1,1,4,35,40,98.7041358
10日,日本,中部,日本,那覇,10:30,90,9,1530000,30000,51,小規模運航,120,2100000,1,1,4,35,40,95.1678171
10日,日本,中部,日本,那覇,11:00,90,9,1530000,30000,51,小規模運航,120,2100000,1,1,4,35,40,95.3433774
10日,日本,中部,日本,那覇,11:30,90,9,1260000,30000,42,小規模運航,120,2100000,1,1,4,35,40,98.0107254
10日,日本,中部,日本,那覇,12:00,90,9,1440000,30000,48,小規模運航,120,2100000,1,1,4,35,40,94.2585045
10日,日本,中部,日本,那覇,12:30,90,9,1410000,30000,47,小規模運航,120,2100000,1,1,4,35,40,92.0451295
10日,日本,中部,日本,那覇,13:00,90,9,1530000,30000,51,小規模運航,120,2100000,1,1,4,35,40,90.6083434
10日,日本,中部,日本,那覇,13:30,90,9,1530000,30000,51,小規模運航,120,2100000,1,1,4,35,40,91.1720692
10日,日本,中部,日本,那覇,14:00,90,9,1470000,30000,49,小規模運航,120,2100000,1,1,4,35,40,96.5300051
10日,日本,中部,日本,那覇,14:30,90,9,1380000,30000,46,小規模運航,120,2100000,1,1,4,35,40,92.6414074
10日,日本,中部,日本,那覇,15:00,90,9,1380000,30000,46,小規模運航,120,2100000,1,1,4,35,40,92.3367864
10日,日本,中部,日本,那覇,15:30,90,9,1440000,30000,48,小規模運航,120,2100000,1,1,4,35,40,97.049767
10日,日本,中部,日本,那覇,16:00,90,9,1320000,30000,44,小規模運航,120,2100000,1,1,4,35,40,91.5235289
10日,日本,中部,日本,那覇,16:30,90,9,1380000,30000,46,小規模運航,120,2100000,1,1,4,35,40,98.092984
10日,日本,中部,日本,那覇,17:00,90,9,1770000,30000,59,小規模運航,120,2100000,1,1,4,35,40,98.1524464
10日,日本,中部,日本,那覇,17:30,90,9,1560000,30000,52,小規模運航,120,2100000,1,1,4,35,40,98.8989728
10日,日本,中部,日本,那覇,18:00,90,9,1740000,30000,58,小規模運航,120,2100000,1,1,4,35,40,94.5984586
10日,日本,中部,日本,那覇,18:30,90,9,1710000,30000,57,小規模運航,120,2100000,1,1,4,35,40,98.8513208
10日,日本,中部,日本,那覇,19:00,90,9,1770000,30000,59,小規模運航,120,2100000,1,1,4,35,40,95.5687863
10日,日本,中部,日本,那覇,19:30,90,9,1740000,30000,58,小規模運航,120,2100000,1,1,4,35,40,97.6577129
10日,日本,中部,日本,那覇,20:00,90,9,1320000,30000,44,小規模運航,120,2100000,1,1,4,35,40,95.197006
10日,日本,中部,日本,那覇,20:30,90,9,1320000,30000,44,小規模運航,120,2100000,1,1,4,35,40,97.2724224
10日,日本,中部,日本,那覇,21:00,90,9,1440000,30000,48,小規模運航,120,2100000,1,1,4,35,40,92.6847043
10日,日本,中部,日本,那覇,21:30,90,9,1260000,30000,42,小規模運航,120,2100000,1,1,4,35,40,91.5855692
10日,日本,中部,日本,那覇,22:00,90,9,1050000,30000,35,小規模運航,120,2100000,1,1,4,35,40,76.3652856
10日,日本,中部,日本,那覇,22:30,90,9,1200000,30000,40,小規模運航,120,2100000,1,1,4,35,40,96.5732383
11日,日本,中部,日本,那覇,07:00,90,9,1230000,30000,41,小規模運航,120,2100000,1,1,4,35,40,92.3787333
11日,日本,中部,日本,那覇,07:30,90,9,1020000,30000,34,小規模運航,120,2100000,1,1,4,35,40,69.9793212
11日,日本,中部,日本,那覇,08:00,90,9,1560000,30000,52,小規模運航,120,2100000,1,1,4,35,40,87.1811164
11日,日本,中部,日本,那覇,08:30,90,9,1650000,30000,55,小規模運航,120,2100000,1,1,4,35,40,96.6275781
11日,日本,中部,日本,那覇,09:00,90,9,1710000,30000,57,小規模運航,120,2100000,1,1,4,35,40,95.9782588
11日,日本,中部,日本,那覇,09:30,90,9,1800000,30000,60,小規模運航,120,2100000,1,1,4,35,40,95.6693796
11日,日本,中部,日本,那覇,10:00,90,9,1500000,30000,50,小規模運航,120,2100000,1,1,4,35,40,94.4540682
11日,日本,中部,日本,那覇,10:30,90,9,1290000,30000,43,小規模運航,120,2100000,1,1,4,35,40,98.4447207
11日,日本,中部,日本,那覇,11:00,90,9,1440000,30000,48,小規模運航,120,2100000,1,1,4,35,40,83.7426062
11日,日本,中部,日本,那覇,11:30,90,9,1320000,30000,44,小規模運航,120,2100000,1,1,4,35,40,96.9064927
11日,日本,中部,日本,那覇,12:00,90,9,1410000,30000,47,小規模運航,120,2100000,1,1,4,35,40,94.7728356
11日,日本,中部,日本,那覇,12:30,90,9,1410000,30000,47,小規模運航,120,2100000,1,1,4,35,40,92.0451295
11日,日本,中部,日本,那覇,13:00,90,9,1410000,30000,47,小規模運航,120,2100000,1,1,4,35,40,85.2527032
11日,日本,中部,日本,那覇,13:30,90,9,1260000,30000,42,小規模運航,120,2100000,1,1,4,35,40,98.564517
11日,日本,中部,日本,那覇,14:00,90,9,1470000,30000,49,小規模運航,120,2100000,1,1,4,35,40,96.5300051
11日,日本,中部,日本,那覇,14:30,90,9,1470000,30000,49,小規模運航,120,2100000,1,1,4,35,40,93.4178011
11日,日本,中部,日本,那覇,15:00,90,9,1320000,30000,44,小規模運航,120,2100000,1,1,4,35,40,96.113924
11日,日本,中部,日本,那覇,15:30,90,9,1500000,30000,50,小規模運航,120,2100000,1,1,4,35,40,98.5644323
11日,日本,中部,日本,那覇,16:00,90,9,1320000,30000,44,小規模運航,120,2100000,1,1,4,35,40,91.5235289
11日,日本,中部,日本,那覇,16:30,90,9,1260000,30000,42,小規模運航,120,2100000,1,1,4,35,40,97.4249543
11日,日本,中部,日本,那覇,17:00,90,9,1650000,30000,55,小規模運航,120,2100000,1,1,4,35,40,94.4536777
11日,日本,中部,日本,那覇,17:30,90,9,1740000,30000,58,小規模運航,120,2100000,1,1,4,35,40,94.9053866
11日,日本,中部,日本,那覇,18:00,90,9,1740000,30000,58,小規模運航,120,2100000,1,1,4,35,40,94.5984586
11日,日本,中部,日本,那覇,18:30,90,9,1740000,30000,58,小規模運航,120,2100000,1,1,4,35,40,85.613774
11日,日本,中部,日本,那覇,19:00,90,9,1560000,30000,52,小規模運航,120,2100000,1,1,4,35,40,98.5771004
11日,日本,中部,日本,那覇,19:30,90,9,1650000,30000,55,小規模運航,120,2100000,1,1,4,35,40,91.478673
11日,日本,中部,日本,那覇,20:00,90,9,1470000,30000,49,小規模運航,120,2100000,1,1,4,35,40,82.18447
11日,日本,中部,日本,那覇,20:30,90,9,1350000,30000,45,小規模運航,120,2100000,1,1,4,35,40,98.3103887
11日,日本,中部,日本,那覇,21:00,90,9,1350000,30000,45,小規模運航,120,2100000,1,1,4,35,40,98.4620126
11日,日本,中部,日本,那覇,21:30,90,9,1320000,30000,44,小規模運航,120,2100000,1,1,4,35,40,97.4518417
11日,日本,中部,日本,那覇,22:00,90,9,1110000,30000,37,小規模運航,120,2100000,1,1,4,35,40,98.3540793
11日,日本,中部,日本,那覇,22:30,90,9,1050000,30000,35,小規模運航,120,2100000,1,1,4,35,40,90.6207489
12日,日本,中部,日本,那覇,07:00,90,9,1230000,30000,41,小規模運航,120,2100000,1,1,4,35,40,92.3787333
12日,日本,中部,日本,那覇,07:30,90,9,1140000,30000,38,小規模運航,120,2100000,1,1,4,35,40,66.2182239
12日,日本,中部,日本,那覇,08:00,90,9,1620000,30000,54,小規模運航,120,2100000,1,1,4,35,40,94.884776
12日,日本,中部,日本,那覇,08:30,90,9,1800000,30000,60,小規模運航,120,2100000,1,1,4,35,40,98.9019042
12日,日本,中部,日本,那覇,09:00,90,9,1530000,30000,51,小規模運航,120,2100000,1,1,4,35,40,94.3749096
12日,日本,中部,日本,那覇,09:30,90,9,1740000,30000,58,小規模運航,120,2100000,1,1,4,35,40,93.2122288
12日,日本,中部,日本,那覇,10:00,90,9,1260000,30000,42,小規模運航,120,2100000,1,1,4,35,40,98.1824638
12日,日本,中部,日本,那覇,10:30,90,9,1260000,30000,42,小規模運航,120,2100000,1,1,4,35,40,96.9879096
12日,日本,中部,日本,那覇,11:00,90,9,1440000,30000,48,小規模運航,120,2100000,1,1,4,35,40,83.7426062
12日,日本,中部,日本,那覇,11:30,90,9,1290000,30000,43,小規模運航,120,2100000,1,1,4,35,40,79.827566
12日,日本,中部,日本,那覇,12:00,90,9,1380000,30000,46,小規模運航,120,2100000,1,1,4,35,40,98.9869085
12日,日本,中部,日本,那覇,12:30,90,9,1410000,30000,47,小規模運航,120,2100000,1,1,4,35,40,92.0451295
12日,日本,中部,日本,那覇,13:00,90,9,1410000,30000,47,小規模運航,120,2100000,1,1,4,35,40,85.2527032
12日,日本,中部,日本,那覇,13:30,90,9,1530000,30000,51,小規模運航,120,2100000,1,1,4,35,40,91.1720692
12日,日本,中部,日本,那覇,14:00,90,9,1350000,30000,45,小規模運航,120,2100000,1,1,4,35,40,93.4566915
12日,日本,中部,日本,那覇,14:30,90,9,1500000,30000,50,小規模運航,120,2100000,1,1,4,35,40,82.298088
12日,日本,中部,日本,那覇,15:00,90,9,1260000,30000,42,小規模運航,120,2100000,1,1,4,35,40,93.3664066
12日,日本,中部,日本,那覇,15:30,90,9,1410000,30000,47,小規模運航,120,2100000,1,1,4,35,40,98.1592982
12日,日本,中部,日本,那覇,16:00,90,9,1350000,30000,45,小規模運航,120,2100000,1,1,4,35,40,94.8514533
12日,日本,中部,日本,那覇,16:30,90,9,1320000,30000,44,小規模運航,120,2100000,1,1,4,35,40,96.9964085
12日,日本,中部,日本,那覇,17:00,90,9,1590000,30000,53,小規模運航,120,2100000,1,1,4,35,40,97.9713613
12日,日本,中部,日本,那覇,17:30,90,9,1620000,30000,54,小規模運航,120,2100000,1,1,4,35,40,93.2118987
12日,日本,中部,日本,那覇,18:00,90,9,1800000,30000,60,小規模運航,120,2100000,1,1,4,35,40,97.3906458
12日,日本,中部,日本,那覇,18:30,90,9,1530000,30000,51,小規模運航,120,2100000,1,1,4,35,40,84.1731641
12日,日本,中部,日本,那覇,19:00,90,9,1680000,30000,56,小規模運航,120,2100000,1,1,4,35,40,90.1823099
12日,日本,中部,日本,那覇,19:30,90,9,1710000,30000,57,小規模運航,120,2100000,1,1,4,35,40,96.049251
12日,日本,中部,日本,那覇,20:00,90,9,1470000,30000,49,小規模運航,120,2100000,1,1,4,35,40,82.18447
12日,日本,中部,日本,那覇,20:30,90,9,1470000,30000,49,小規模運航,120,2100000,1,1,4,35,40,77.2375709
12日,日本,中部,日本,那覇,21:00,90,9,1380000,30000,46,小規模運航,120,2100000,1,1,4,35,40,93.6253425
12日,日本,中部,日本,那覇,21:30,90,9,1380000,30000,46,小規模運航,120,2100000,1,1,4,35,40,97.5013365
12日,日本,中部,日本,那覇,22:00,90,9,1050000,30000,35,小規模運航,120,2100000,1,1,4,35,40,76.3652856
12日,日本,中部,日本,那覇,22:30,90,9,1080000,30000,36,小規模運航,120,2100000,1,1,4,35,40,91.7170922
13日,日本,中部,日本,那覇,07:00,90,9,1170000,30000,39,小規模運航,120,2100000,1,1,4,35,40,71.3224848
13日,日本,中部,日本,那覇,07:30,90,9,1050000,30000,35,小規模運航,120,2100000,1,1,4,35,40,75.473424
13日,日本,中部,日本,那覇,08:00,90,9,1650000,30000,55,小規模運航,120,2100000,1,1,4,35,40,98.3564459
13日,日本,中部,日本,那覇,08:30,90,9,1740000,30000,58,小規模運航,120,2100000,1,1,4,35,40,97.0025826
13日,日本,中部,日本,那覇,09:00,90,9,1620000,30000,54,小規模運航,120,2100000,1,1,4,35,40,98.3891231
13日,日本,中部,日本,那覇,09:30,90,9,1770000,30000,59,小規模運航,120,2100000,1,1,4,35,40,82.508009
13日,日本,中部,日本,那覇,10:00,90,9,1500000,30000,50,小規模運航,120,2100000,1,1,4,35,40,94.4540682
13日,日本,中部,日本,那覇,10:30,90,9,1350000,30000,45,小規模運航,120,2100000,1,1,4,35,40,98.4916728
13日,日本,中部,日本,那覇,11:00,90,9,1500000,30000,50,小規模運航,120,2100000,1,1,4,35,40,95.6664017
13日,日本,中部,日本,那覇,11:30,90,9,1440000,30000,48,小規模運航,120,2100000,1,1,4,35,40,97.6769697
13日,日本,中部,日本,那覇,12:00,90,9,1410000,30000,47,小規模運航,120,2100000,1,1,4,35,40,94.7728356
13日,日本,中部,日本,那覇,12:30,90,9,1320000,30000,44,小規模運航,120,2100000,1,1,4,35,40,95.7964551
13日,日本,中部,日本,那覇,13:00,90,9,1290000,30000,43,小規模運航,120,2100000,1,1,4,35,40,78.2279306
13日,日本,中部,日本,那覇,13:30,90,9,1380000,30000,46,小規模運航,120,2100000,1,1,4,35,40,75.27209
13日,日本,中部,日本,那覇,14:00,90,9,1290000,30000,43,小規模運航,120,2100000,1,1,4,35,40,91.6744656
13日,日本,中部,日本,那覇,14:30,90,9,1350000,30000,45,小規模運航,120,2100000,1,1,4,35,40,80.0426938
13日,日本,中部,日本,那覇,15:00,90,9,1410000,30000,47,小規模運航,120,2100000,1,1,4,35,40,92.9945619
13日,日本,中部,日本,那覇,15:30,90,9,1410000,30000,47,小規模運航,120,2100000,1,1,4,35,40,98.1592982
13日,日本,中部,日本,那覇,16:00,90,9,1320000,30000,44,小規模運航,120,2100000,1,1,4,35,40,91.5235289
13日,日本,中部,日本,那覇,16:30,90,9,1350000,30000,45,小規模運航,120,2100000,1,1,4,35,40,97.7111485
13日,日本,中部,日本,那覇,17:00,90,9,1740000,30000,58,小規模運航,120,2100000,1,1,4,35,40,98.6562345
13日,日本,中部,日本,那覇,17:30,90,9,1590000,30000,53,小規模運航,120,2100000,1,1,4,35,40,84.9883129
13日,日本,中部,日本,那覇,18:00,90,9,1530000,30000,51,小規模運航,120,2100000,1,1,4,35,40,96.4885009
13日,日本,中部,日本,那覇,18:30,90,9,1650000,30000,55,小規模運航,120,2100000,1,1,4,35,40,98.4390629
13日,日本,中部,日本,那覇,19:00,90,9,1650000,30000,55,小規模運航,120,2100000,1,1,4,35,40,96.6814784
13日,日本,中部,日本,那覇,19:30,90,9,1770000,30000,59,小規模運航,120,2100000,1,1,4,35,40,91.3561009
13日,日本,中部,日本,那覇,20:00,90,9,1410000,30000,47,小規模運航,120,2100000,1,1,4,35,40,94.2105519
13日,日本,中部,日本,那覇,20:30,90,9,1320000,30000,44,小規模運航,120,2100000,1,1,4,35,40,97.2724224
13日,日本,中部,日本,那覇,21:00,90,9,1410000,30000,47,小規模運航,120,2100000,1,1,4,35,40,98.0286925
13日,日本,中部,日本,那覇,21:30,90,9,1260000,30000,42,小規模運航,120,2100000,1,1,4,35,40,91.5855692
13日,日本,中部,日本,那覇,22:00,90,9,1050000,30000,35,小規模運航,120,2100000,1,1,4,35,40,76.3652856
13日,日本,中部,日本,那覇,22:30,90,9,1140000,30000,38,小規模運航,120,2100000,1,1,4,35,40,90.603074
14日,日本,中部,日本,那覇,07:00,90,9,1170000,30000,39,小規模運航,120,2100000,1,1,4,35,40,71.3224848
14日,日本,中部,日本,那覇,07:30,90,9,1230000,30000,41,小規模運航,120,2100000,1,1,4,35,40,95.6700612
14日,日本,中部,日本,那覇,08:00,90,9,1710000,30000,57,小規模運航,120,2100000,1,1,4,35,40,96.9554843
14日,日本,中部,日本,那覇,08:30,90,9,1680000,30000,56,小規模運航,120,2100000,1,1,4,35,40,95.4807454
14日,日本,中部,日本,那覇,09:00,90,9,1560000,30000,52,小規模運航,120,2100000,1,1,4,35,40,93.4480957
14日,日本,中部,日本,那覇,09:30,90,9,1620000,30000,54,小規模運航,120,2100000,1,1,4,35,40,94.7065266
14日,日本,中部,日本,那覇,10:00,90,9,1470000,30000,49,小規模運航,120,2100000,1,1,4,35,40,71.459447
14日,日本,中部,日本,那覇,10:30,90,9,1320000,30000,44,小規模運航,120,2100000,1,1,4,35,40,89.0643091
14日,日本,中部,日本,那覇,11:00,90,9,1470000,30000,49,小規模運航,120,2100000,1,1,4,35,40,93.7329748
14日,日本,中部,日本,那覇,11:30,90,9,1260000,30000,42,小規模運航,120,2100000,1,1,4,35,40,98.0107254
14日,日本,中部,日本,那覇,12:00,90,9,1500000,30000,50,小規模運航,120,2100000,1,1,4,35,40,95.6362878
14日,日本,中部,日本,那覇,12:30,90,9,1260000,30000,42,小規模運航,120,2100000,1,1,4,35,40,75.8270183
14日,日本,中部,日本,那覇,13:00,90,9,1470000,30000,49,小規模運航,120,2100000,1,1,4,35,40,96.8190036
14日,日本,中部,日本,那覇,13:30,90,9,1260000,30000,42,小規模運航,120,2100000,1,1,4,35,40,98.564517
14日,日本,中部,日本,那覇,14:00,90,9,1500000,30000,50,小規模運航,120,2100000,1,1,4,35,40,94.9725085
14日,日本,中部,日本,那覇,14:30,90,9,1410000,30000,47,小規模運航,120,2100000,1,1,4,35,40,73.8869891
14日,日本,中部,日本,那覇,15:00,90,9,1410000,30000,47,小規模運航,120,2100000,1,1,4,35,40,92.9945619
14日,日本,中部,日本,那覇,15:30,90,9,1440000,30000,48,小規模運航,120,2100000,1,1,4,35,40,97.049767
14日,日本,中部,日本,那覇,16:00,90,9,1500000,30000,50,小規模運航,120,2100000,1,1,4,35,40,78.3575381
14日,日本,中部,日本,那覇,16:30,90,9,1380000,30000,46,小規模運航,120,2100000,1,1,4,35,40,98.092984
14日,日本,中部,日本,那覇,17:00,90,9,1740000,30000,58,小規模運航,120,2100000,1,1,4,35,40,98.6562345
14日,日本,中部,日本,那覇,17:30,90,9,1650000,30000,55,小規模運航,120,2100000,1,1,4,35,40,95.9267435
14日,日本,中部,日本,那覇,18:00,90,9,1650000,30000,55,小規模運航,120,2100000,1,1,4,35,40,94.4397749
14日,日本,中部,日本,那覇,18:30,90,9,1710000,30000,57,小規模運航,120,2100000,1,1,4,35,40,98.8513208
14日,日本,中部,日本,那覇,19:00,90,9,1740000,30000,58,小規模運航,120,2100000,1,1,4,35,40,91.9194134
14日,日本,中部,日本,那覇,19:30,90,9,1770000,30000,59,小規模運航,120,2100000,1,1,4,35,40,91.3561009
14日,日本,中部,日本,那覇,20:00,90,9,1380000,30000,46,小規模運航,120,2100000,1,1,4,35,40,88.9421997
14日,日本,中部,日本,那覇,20:30,90,9,1410000,30000,47,小規模運航,120,2100000,1,1,4,35,40,91.2305266
14日,日本,中部,日本,那覇,21:00,90,9,1350000,30000,45,小規模運航,120,2100000,1,1,4,35,40,98.4620126
14日,日本,中部,日本,那覇,21:30,90,9,1380000,30000,46,小規模運航,120,2100000,1,1,4,35,40,97.5013365
14日,日本,中部,日本,那覇,22:00,90,9,1050000,30000,35,小規模運航,120,2100000,1,1,4,35,40,76.3652856
14日,日本,中部,日本,那覇,22:30,90,9,1020000,30000,34,小規模運航,120,2100000,1,1,4,35,40,96.9966379
15日,日本,中部,日本,那覇,07:00,90,9,1230000,30000,41,小規模運航,120,2100000,1,1,4,35,40,92.3787333
15日,日本,中部,日本,那覇,07:30,90,9,1230000,30000,41,小規模運航,120,2100000,1,1,4,35,40,95.6700612
15日,日本,中部,日本,那覇,08:00,90,9,1590000,30000,53,小規模運航,120,2100000,1,1,4,35,40,97.2381511
15日,日本,中部,日本,那覇,08:30,90,9,1710000,30000,57,小規模運航,120,2100000,1,1,4,35,40,99.0905142
15日,日本,中部,日本,那覇,09:00,90,9,1770000,30000,59,小規模運航,120,2100000,1,1,4,35,40,84.6079477
15日,日本,中部,日本,那覇,09:30,90,9,1680000,30000,56,小規模運航,120,2100000,1,1,4,35,40,85.0907816
15日,日本,中部,日本,那覇,10:00,90,9,1350000,30000,45,小規模運航,120,2100000,1,1,4,35,40,98.4594064
15日,日本,中部,日本,那覇,10:30,90,9,1380000,30000,46,小規模運航,120,2100000,1,1,4,35,40,97.7084924
15日,日本,中部,日本,那覇,11:00,90,9,1500000,30000,50,小規模運航,120,2100000,1,1,4,35,40,95.6664017
15日,日本,中部,日本,那覇,11:30,90,9,1470000,30000,49,小規模運航,120,2100000,1,1,4,35,40,94.2631358
15日,日本,中部,日本,那覇,12:00,90,9,1260000,30000,42,小規模運航,120,2100000,1,1,4,35,40,81.9230228
15日,日本,中部,日本,那覇,12:30,90,9,1410000,30000,47,小規模運航,120,2100000,1,1,4,35,40,92.0451295
15日,日本,中部,日本,那覇,13:00,90,9,1410000,30000,47,小規模運航,120,2100000,1,1,4,35,40,85.2527032
15日,日本,中部,日本,那覇,13:30,90,9,1380000,30000,46,小規模運航,120,2100000,1,1,4,35,40,75.27209
15日,日本,中部,日本,那覇,14:00,90,9,1320000,30000,44,小規模運航,120,2100000,1,1,4,35,40,92.0533315
15日,日本,中部,日本,那覇,14:30,90,9,1500000,30000,50,小規模運航,120,2100000,1,1,4,35,40,82.298088
15日,日本,中部,日本,那覇,15:00,90,9,1380000,30000,46,小規模運航,120,2100000,1,1,4,35,40,92.3367864
15日,日本,中部,日本,那覇,15:30,90,9,1410000,30000,47,小規模運航,120,2100000,1,1,4,35,40,98.1592982
15日,日本,中部,日本,那覇,16:00,90,9,1500000,30000,50,小規模運航,120,2100000,1,1,4,35,40,78.3575381
15日,日本,中部,日本,那覇,16:30,90,9,1380000,30000,46,小規模運航,120,2100000,1,1,4,35,40,98.092984
15日,日本,中部,日本,那覇,17:00,90,9,1560000,30000,52,小規模運航,120,2100000,1,1,4,35,40,91.4966411
15日,日本,中部,日本,那覇,17:30,90,9,1740000,30000,58,小規模運航,120,2100000,1,1,4,35,40,94.9053866
15日,日本,中部,日本,那覇,18:00,90,9,1740000,30000,58,小規模運航,120,2100000,1,1,4,35,40,94.5984586
15日,日本,中部,日本,那覇,18:30,90,9,1710000,30000,57,小規模運航,120,2100000,1,1,4,35,40,98.8513208
15日,日本,中部,日本,那覇,19:00,90,9,1650000,30000,55,小規模運航,120,2100000,1,1,4,35,40,96.6814784
15日,日本,中部,日本,那覇,19:30,90,9,1740000,30000,58,小規模運航,120,2100000,1,1,4,35,40,97.6577129
15日,日本,中部,日本,那覇,20:00,90,9,1410000,30000,47,小規模運航,120,2100000,1,1,4,35,40,94.2105519
15日,日本,中部,日本,那覇,20:30,90,9,1290000,30000,43,小規模運航,120,2100000,1,1,4,35,40,98.533234
15日,日本,中部,日本,那覇,21:00,90,9,1290000,30000,43,小規模運航,120,2100000,1,1,4,35,40,93.9212438
15日,日本,中部,日本,那覇,21:30,90,9,1530000,30000,51,小規模運航,120,2100000,1,1,4,35,40,97.9739291
15日,日本,中部,日本,那覇,22:00,90,9,1200000,30000,40,小規模運航,120,2100000,1,1,4,35,40,97.8038935
15日,日本,中部,日本,那覇,22:30,90,9,1260000,30000,42,小規模運航,120,2100000,1,1,4,35,40,92.9780784
16日,日本,中部,日本,那覇,07:00,90,9,1080000,30000,36,小規模運航,120,2100000,1,1,4,35,40,72.0251538
16日,日本,中部,日本,那覇,07:30,90,9,990000,30000,33,小規模運航,120,2100000,1,1,4,35,40,97.04807
16日,日本,中部,日本,那覇,08:00,90,9,1530000,30000,51,小規模運航,120,2100000,1,1,4,35,40,96.5487131
16日,日本,中部,日本,那覇,08:30,90,9,1560000,30000,52,小規模運航,120,2100000,1,1,4,35,40,98.2959361
16日,日本,中部,日本,那覇,09:00,90,9,1650000,30000,55,小規模運航,120,2100000,1,1,4,35,40,98.7653532
16日,日本,中部,日本,那覇,09:30,90,9,1800000,30000,60,小規模運航,120,2100000,1,1,4,35,40,95.6693796
16日,日本,中部,日本,那覇,10:00,90,9,1410000,30000,47,小規模運航,120,2100000,1,1,4,35,40,94.2143154
16日,日本,中部,日本,那覇,10:30,90,9,1350000,30000,45,小規模運航,120,2100000,1,1,4,35,40,98.4916728
16日,日本,中部,日本,那覇,11:00,90,9,1440000,30000,48,小規模運航,120,2100000,1,1,4,35,40,83.7426062
16日,日本,中部,日本,那覇,11:30,90,9,1530000,30000,51,小規模運航,120,2100000,1,1,4,35,40,93.6391372
16日,日本,中部,日本,那覇,12:00,90,9,1320000,30000,44,小規模運航,120,2100000,1,1,4,35,40,97.8524014
16日,日本,中部,日本,那覇,12:30,90,9,1380000,30000,46,小規模運航,120,2100000,1,1,4,35,40,93.5257513
16日,日本,中部,日本,那覇,13:00,90,9,1440000,30000,48,小規模運航,120,2100000,1,1,4,35,40,93.9178631
16日,日本,中部,日本,那覇,13:30,90,9,1380000,30000,46,小規模運航,120,2100000,1,1,4,35,40,75.27209
16日,日本,中部,日本,那覇,14:00,90,9,1380000,30000,46,小規模運航,120,2100000,1,1,4,35,40,96.6229148
16日,日本,中部,日本,那覇,14:30,90,9,1410000,30000,47,小規模運航,120,2100000,1,1,4,35,40,73.8869891
16日,日本,中部,日本,那覇,15:00,90,9,1530000,30000,51,小規模運航,120,2100000,1,1,4,35,40,68.2917869
16日,日本,中部,日本,那覇,15:30,90,9,1350000,30000,45,小規模運航,120,2100000,1,1,4,35,40,96.7176156
16日,日本,中部,日本,那覇,16:00,90,9,1350000,30000,45,小規模運航,120,2100000,1,1,4,35,40,94.8514533
16日,日本,中部,日本,那覇,16:30,90,9,1320000,30000,44,小規模運航,120,2100000,1,1,4,35,40,96.9964085
16日,日本,中部,日本,那覇,17:00,90,9,1620000,30000,54,小規模運航,120,2100000,1,1,4,35,40,95.8186951
16日,日本,中部,日本,那覇,17:30,90,9,1740000,30000,58,小規模運航,120,2100000,1,1,4,35,40,94.9053866
16日,日本,中部,日本,那覇,18:00,90,9,1560000,30000,52,小規模運航,120,2100000,1,1,4,35,40,97.6434342
16日,日本,中部,日本,那覇,18:30,90,9,1770000,30000,59,小規模運航,120,2100000,1,1,4,35,40,90.4965746
16日,日本,中部,日本,那覇,19:00,90,9,1770000,30000,59,小規模運航,120,2100000,1,1,4,35,40,95.5687863
16日,日本,中部,日本,那覇,19:30,90,9,1560000,30000,52,小規模運航,120,2100000,1,1,4,35,40,96.2653051
16日,日本,中部,日本,那覇,20:00,90,9,1410000,30000,47,小規模運航,120,2100000,1,1,4,35,40,94.2105519
16日,日本,中部,日本,那覇,20:30,90,9,1470000,30000,49,小規模運航,120,2100000,1,1,4,35,40,77.2375709
16日,日本,中部,日本,那覇,21:00,90,9,1260000,30000,42,小規模運航,120,2100000,1,1,4,35,40,98.7571791
16日,日本,中部,日本,那覇,21:30,90,9,1410000,30000,47,小規模運航,120,2100000,1,1,4,35,40,95.2810304
16日,日本,中部,日本,那覇,22:00,90,9,1140000,30000,38,小規模運航,120,2100000,1,1,4,35,40,83.7639905
16日,日本,中部,日本,那覇,22:30,90,9,1140000,30000,38,小規模運航,120,2100000,1,1,4,35,40,90.603074
17日,日本,中部,日本,那覇,07:00,90,9,990000,30000,33,小規模運航,120,2100000,1,1,4,35,40,89.2171908
17日,日本,中部,日本,那覇,07:30,90,9,1080000,30000,36,小規模運航,120,2100000,1,1,4,35,40,90.8171957
17日,日本,中部,日本,那覇,08:00,90,9,1710000,30000,57,小規模運航,120,2100000,1,1,4,35,40,96.9554843
17日,日本,中部,日本,那覇,08:30,90,9,1650000,30000,55,小規模運航,120,2100000,1,1,4,35,40,96.6275781
17日,日本,中部,日本,那覇,09:00,90,9,1620000,30000,54,小規模運航,120,2100000,1,1,4,35,40,98.3891231
17日,日本,中部,日本,那覇,09:30,90,9,1680000,30000,56,小規模運航,120,2100000,1,1,4,35,40,85.0907816
17日,日本,中部,日本,那覇,10:00,90,9,1380000,30000,46,小規模運航,120,2100000,1,1,4,35,40,98.2959588
17日,日本,中部,日本,那覇,10:30,90,9,1290000,30000,43,小規模運航,120,2100000,1,1,4,35,40,98.4447207
17日,日本,中部,日本,那覇,11:00,90,9,1410000,30000,47,小規模運航,120,2100000,1,1,4,35,40,81.1298902
17日,日本,中部,日本,那覇,11:30,90,9,1260000,30000,42,小規模運航,120,2100000,1,1,4,35,40,98.0107254
17日,日本,中部,日本,那覇,12:00,90,9,1500000,30000,50,小規模運航,120,2100000,1,1,4,35,40,95.6362878
17日,日本,中部,日本,那覇,12:30,90,9,1260000,30000,42,小規模運航,120,2100000,1,1,4,35,40,75.8270183
17日,日本,中部,日本,那覇,13:00,90,9,1260000,30000,42,小規模運航,120,2100000,1,1,4,35,40,81.798821
17日,日本,中部,日本,那覇,13:30,90,9,1470000,30000,49,小規模運航,120,2100000,1,1,4,35,40,90.5125307
17日,日本,中部,日本,那覇,14:00,90,9,1500000,30000,50,小規模運航,120,2100000,1,1,4,35,40,94.9725085
17日,日本,中部,日本,那覇,14:30,90,9,1440000,30000,48,小規模運航,120,2100000,1,1,4,35,40,90.3125372
17日,日本,中部,日本,那覇,15:00,90,9,1410000,30000,47,小規模運航,120,2100000,1,1,4,35,40,92.9945619
17日,日本,中部,日本,那覇,15:30,90,9,1380000,30000,46,小規模運航,120,2100000,1,1,4,35,40,91.2188026
17日,日本,中部,日本,那覇,16:00,90,9,1410000,30000,47,小規模運航,120,2100000,1,1,4,35,40,97.6358099
17日,日本,中部,日本,那覇,16:30,90,9,1500000,30000,50,小規模運航,120,2100000,1,1,4,35,40,80.3619932
17日,日本,中部,日本,那覇,17:00,90,9,1770000,30000,59,小規模運航,120,2100000,1,1,4,35,40,98.1524464
17日,日本,中部,日本,那覇,17:30,90,9,1770000,30000,59,小規模運航,120,2100000,1,1,4,35,40,94.811727
17日,日本,中部,日本,那覇,18:00,90,9,1530000,30000,51,小規模運航,120,2100000,1,1,4,35,40,96.4885009
17日,日本,中部,日本,那覇,18:30,90,9,1560000,30000,52,小規模運航,120,2100000,1,1,4,35,40,87.4850906
17日,日本,中部,日本,那覇,19:00,90,9,1740000,30000,58,小規模運航,120,2100000,1,1,4,35,40,91.9194134
17日,日本,中部,日本,那覇,19:30,90,9,1680000,30000,56,小規模運航,120,2100000,1,1,4,35,40,98.9425028
17日,日本,中部,日本,那覇,20:00,90,9,1260000,30000,42,小規模運航,120,2100000,1,1,4,35,40,97.5756405
17日,日本,中部,日本,那覇,20:30,90,9,1320000,30000,44,小規模運航,120,2100000,1,1,4,35,40,97.2724224
17日,日本,中部,日本,那覇,21:00,90,9,1350000,30000,45,小規模運航,120,2100000,1,1,4,35,40,98.4620126
17日,日本,中部,日本,那覇,21:30,90,9,1350000,30000,45,小規模運航,120,2100000,1,1,4,35,40,91.2074252
17日,日本,中部,日本,那覇,22:00,90,9,1080000,30000,36,小規模運航,120,2100000,1,1,4,35,40,93.9238025
17日,日本,中部,日本,那覇,22:30,90,9,1080000,30000,36,小規模運航,120,2100000,1,1,4,35,40,91.7170922
18日,日本,中部,日本,那覇,07:00,90,9,1230000,30000,41,小規模運航,120,2100000,1,1,4,35,40,92.3787333
18日,日本,中部,日本,那覇,07:30,90,9,1080000,30000,36,小規模運航,120,2100000,1,1,4,35,40,90.8171957
18日,日本,中部,日本,那覇,08:00,90,9,1590000,30000,53,小規模運航,120,2100000,1,1,4,35,40,97.2381511
18日,日本,中部,日本,那覇,08:30,90,9,1650000,30000,55,小規模運航,120,2100000,1,1,4,35,40,96.6275781
18日,日本,中部,日本,那覇,09:00,90,9,1620000,30000,54,小規模運航,120,2100000,1,1,4,35,40,98.3891231
18日,日本,中部,日本,那覇,09:30,90,9,1770000,30000,59,小規模運航,120,2100000,1,1,4,35,40,82.508009
18日,日本,中部,日本,那覇,10:00,90,9,1500000,30000,50,小規模運航,120,2100000,1,1,4,35,40,94.4540682
18日,日本,中部,日本,那覇,10:30,90,9,1320000,30000,44,小規模運航,120,2100000,1,1,4,35,40,89.0643091
18日,日本,中部,日本,那覇,11:00,90,9,1320000,30000,44,小規模運航,120,2100000,1,1,4,35,40,97.8511176
18日,日本,中部,日本,那覇,11:30,90,9,1320000,30000,44,小規模運航,120,2100000,1,1,4,35,40,96.9064927
18日,日本,中部,日本,那覇,12:00,90,9,1470000,30000,49,小規模運航,120,2100000,1,1,4,35,40,94.2298026
18日,日本,中部,日本,那覇,12:30,90,9,1470000,30000,49,小規模運航,120,2100000,1,1,4,35,40,94.3945689
18日,日本,中部,日本,那覇,13:00,90,9,1500000,30000,50,小規模運航,120,2100000,1,1,4,35,40,87.5933565
18日,日本,中部,日本,那覇,13:30,90,9,1530000,30000,51,小規模運航,120,2100000,1,1,4,35,40,91.1720692
18日,日本,中部,日本,那覇,14:00,90,9,1290000,30000,43,小規模運航,120,2100000,1,1,4,35,40,91.6744656
18日,日本,中部,日本,那覇,14:30,90,9,1500000,30000,50,小規模運航,120,2100000,1,1,4,35,40,82.298088
18日,日本,中部,日本,那覇,15:00,90,9,1290000,30000,43,小規模運航,120,2100000,1,1,4,35,40,98.6854486
18日,日本,中部,日本,那覇,15:30,90,9,1410000,30000,47,小規模運航,120,2100000,1,1,4,35,40,98.1592982
18日,日本,中部,日本,那覇,16:00,90,9,1320000,30000,44,小規模運航,120,2100000,1,1,4,35,40,91.5235289
18日,日本,中部,日本,那覇,16:30,90,9,1500000,30000,50,小規模運航,120,2100000,1,1,4,35,40,80.3619932
18日,日本,中部,日本,那覇,17:00,90,9,1710000,30000,57,小規模運航,120,2100000,1,1,4,35,40,95.9618539
18日,日本,中部,日本,那覇,17:30,90,9,1800000,30000,60,小規模運航,120,2100000,1,1,4,35,40,96.3374403
18日,日本,中部,日本,那覇,18:00,90,9,1590000,30000,53,小規模運航,120,2100000,1,1,4,35,40,99.1636875
18日,日本,中部,日本,那覇,18:30,90,9,1770000,30000,59,小規模運航,120,2100000,1,1,4,35,40,90.4965746
18日,日本,中部,日本,那覇,19:00,90,9,1710000,30000,57,小規模運航,120,2100000,1,1,4,35,40,95.9874031
18日,日本,中部,日本,那覇,19:30,90,9,1650000,30000,55,小規模運航,120,2100000,1,1,4,35,40,91.478673
18日,日本,中部,日本,那覇,20:00,90,9,1260000,30000,42,小規模運航,120,2100000,1,1,4,35,40,97.5756405
18日,日本,中部,日本,那覇,20:30,90,9,1350000,30000,45,小規模運航,120,2100000,1,1,4,35,40,98.3103887
18日,日本,中部,日本,那覇,21:00,90,9,1320000,30000,44,小規模運航,120,2100000,1,1,4,35,40,91.1230931
18日,日本,中部,日本,那覇,21:30,90,9,1380000,30000,46,小規模運航,120,2100000,1,1,4,35,40,97.5013365
18日,日本,中部,日本,那覇,22:00,90,9,1050000,30000,35,小規模運航,120,2100000,1,1,4,35,40,76.3652856
18日,日本,中部,日本,那覇,22:30,90,9,1050000,30000,35,小規模運航,120,2100000,1,1,4,35,40,90.6207489
19日,日本,中部,日本,那覇,07:00,90,9,1200000,30000,40,小規模運航,120,2100000,1,1,4,35,40,74.1760899
19日,日本,中部,日本,那覇,07:30,90,9,1170000,30000,39,小規模運航,120,2100000,1,1,4,35,40,95.0527604
19日,日本,中部,日本,那覇,08:00,90,9,1770000,30000,59,小規模運航,120,2100000,1,1,4,35,40,98.8816556
19日,日本,中部,日本,那覇,08:30,90,9,1710000,30000,57,小規模運航,120,2100000,1,1,4,35,40,99.0905142
19日,日本,中部,日本,那覇,09:00,90,9,1620000,30000,54,小規模運航,120,2100000,1,1,4,35,40,98.3891231
19日,日本,中部,日本,那覇,09:30,90,9,1710000,30000,57,小規模運航,120,2100000,1,1,4,35,40,88.1930329
19日,日本,中部,日本,那覇,10:00,90,9,1320000,30000,44,小規模運航,120,2100000,1,1,4,35,40,98.7041358
19日,日本,中部,日本,那覇,10:30,90,9,1470000,30000,49,小規模運航,120,2100000,1,1,4,35,40,75.7217334
19日,日本,中部,日本,那覇,11:00,90,9,1470000,30000,49,小規模運航,120,2100000,1,1,4,35,40,93.7329748
19日,日本,中部,日本,那覇,11:30,90,9,1380000,30000,46,小規模運航,120,2100000,1,1,4,35,40,98.0967761
19日,日本,中部,日本,那覇,12:00,90,9,1380000,30000,46,小規模運航,120,2100000,1,1,4,35,40,98.9869085
19日,日本,中部,日本,那覇,12:30,90,9,1470000,30000,49,小規模運航,120,2100000,1,1,4,35,40,94.3945689
19日,日本,中部,日本,那覇,13:00,90,9,1380000,30000,46,小規模運航,120,2100000,1,1,4,35,40,90.0508402
19日,日本,中部,日本,那覇,13:30,90,9,1410000,30000,47,小規模運航,120,2100000,1,1,4,35,40,73.342205
19日,日本,中部,日本,那覇,14:00,90,9,1350000,30000,45,小規模運航,120,2100000,1,1,4,35,40,93.4566915
19日,日本,中部,日本,那覇,14:30,90,9,1470000,30000,49,小規模運航,120,2100000,1,1,4,35,40,93.4178011
19日,日本,中部,日本,那覇,15:00,90,9,1380000,30000,46,小規模運航,120,2100000,1,1,4,35,40,92.3367864
19日,日本,中部,日本,那覇,15:30,90,9,1440000,30000,48,小規模運航,120,2100000,1,1,4,35,40,97.049767
19日,日本,中部,日本,那覇,16:00,90,9,1380000,30000,46,小規模運航,120,2100000,1,1,4,35,40,79.9930824
19日,日本,中部,日本,那覇,16:30,90,9,1470000,30000,49,小規模運航,120,2100000,1,1,4,35,40,85.0875483
19日,日本,中部,日本,那覇,17:00,90,9,1680000,30000,56,小規模運航,120,2100000,1,1,4,35,40,95.4443633
19日,日本,中部,日本,那覇,17:30,90,9,1560000,30000,52,小規模運航,120,2100000,1,1,4,35,40,98.8989728
19日,日本,中部,日本,那覇,18:00,90,9,1560000,30000,52,小規模運航,120,2100000,1,1,4,35,40,97.6434342
19日,日本,中部,日本,那覇,18:30,90,9,1770000,30000,59,小規模運航,120,2100000,1,1,4,35,40,90.4965746
19日,日本,中部,日本,那覇,19:00,90,9,1800000,30000,60,小規模運航,120,2100000,1,1,4,35,40,97.9681635
19日,日本,中部,日本,那覇,19:30,90,9,1800000,30000,60,小規模運航,120,2100000,1,1,4,35,40,96.3209578
19日,日本,中部,日本,那覇,20:00,90,9,1380000,30000,46,小規模運航,120,2100000,1,1,4,35,40,88.9421997
19日,日本,中部,日本,那覇,20:30,90,9,1290000,30000,43,小規模運航,120,2100000,1,1,4,35,40,98.533234
19日,日本,中部,日本,那覇,21:00,90,9,1410000,30000,47,小規模運航,120,2100000,1,1,4,35,40,98.0286925
19日,日本,中部,日本,那覇,21:30,90,9,1530000,30000,51,小規模運航,120,2100000,1,1,4,35,40,97.9739291
19日,日本,中部,日本,那覇,22:00,90,9,1230000,30000,41,小規模運航,120,2100000,1,1,4,35,40,92.750817
19日,日本,中部,日本,那覇,22:30,90,9,1080000,30000,36,小規模運航,120,2100000,1,1,4,35,40,91.7170922
20日,日本,中部,日本,那覇,07:00,90,9,990000,30000,33,小規模運航,120,2100000,1,1,4,35,40,89.2171908
20日,日本,中部,日本,那覇,07:30,90,9,990000,30000,33,小規模運航,120,2100000,1,1,4,35,40,97.04807
20日,日本,中部,日本,那覇,08:00,90,9,1650000,30000,55,小規模運航,120,2100000,1,1,4,35,40,98.3564459
20日,日本,中部,日本,那覇,08:30,90,9,1560000,30000,52,小規模運航,120,2100000,1,1,4,35,40,98.2959361
20日,日本,中部,日本,那覇,09:00,90,9,1620000,30000,54,小規模運航,120,2100000,1,1,4,35,40,98.3891231
20日,日本,中部,日本,那覇,09:30,90,9,1590000,30000,53,小規模運航,120,2100000,1,1,4,35,40,95.9879555
20日,日本,中部,日本,那覇,10:00,90,9,1350000,30000,45,小規模運航,120,2100000,1,1,4,35,40,98.4594064
20日,日本,中部,日本,那覇,10:30,90,9,1410000,30000,47,小規模運航,120,2100000,1,1,4,35,40,97.7549461
20日,日本,中部,日本,那覇,11:00,90,9,1290000,30000,43,小規模運航,120,2100000,1,1,4,35,40,98.1578637
20日,日本,中部,日本,那覇,11:30,90,9,1440000,30000,48,小規模運航,120,2100000,1,1,4,35,40,97.6769697
20日,日本,中部,日本,那覇,12:00,90,9,1380000,30000,46,小規模運航,120,2100000,1,1,4,35,40,98.9869085
20日,日本,中部,日本,那覇,12:30,90,9,1260000,30000,42,小規模運航,120,2100000,1,1,4,35,40,75.8270183
20日,日本,中部,日本,那覇,13:00,90,9,1260000,30000,42,小規模運航,120,2100000,1,1,4,35,40,81.798821
20日,日本,中部,日本,那覇,13:30,90,9,1290000,30000,43,小規模運航,120,2100000,1,1,4,35,40,84.3044196
20日,日本,中部,日本,那覇,14:00,90,9,1320000,30000,44,小規模運航,120,2100000,1,1,4,35,40,92.0533315
20日,日本,中部,日本,那覇,14:30,90,9,1380000,30000,46,小規模運航,120,2100000,1,1,4,35,40,92.6414074
20日,日本,中部,日本,那覇,15:00,90,9,1380000,30000,46,小規模運航,120,2100000,1,1,4,35,40,92.3367864
20日,日本,中部,日本,那覇,15:30,90,9,1320000,30000,44,小規模運航,120,2100000,1,1,4,35,40,85.1988678
20日,日本,中部,日本,那覇,16:00,90,9,1470000,30000,49,小規模運航,120,2100000,1,1,4,35,40,98.1847351
20日,日本,中部,日本,那覇,16:30,90,9,1470000,30000,49,小規模運航,120,2100000,1,1,4,35,40,85.0875483
20日,日本,中部,日本,那覇,17:00,90,9,1650000,30000,55,小規模運航,120,2100000,1,1,4,35,40,94.4536777
20日,日本,中部,日本,那覇,17:30,90,9,1680000,30000,56,小規模運航,120,2100000,1,1,4,35,40,95.8344511
20日,日本,中部,日本,那覇,18:00,90,9,1680000,30000,56,小規模運航,120,2100000,1,1,4,35,40,89.7472688
20日,日本,中部,日本,那覇,18:30,90,9,1530000,30000,51,小規模運航,120,2100000,1,1,4,35,40,84.1731641
20日,日本,中部,日本,那覇,19:00,90,9,1770000,30000,59,小規模運航,120,2100000,1,1,4,35,40,95.5687863
20日,日本,中部,日本,那覇,19:30,90,9,1680000,30000,56,小規模運航,120,2100000,1,1,4,35,40,98.9425028
20日,日本,中部,日本,那覇,20:00,90,9,1440000,30000,48,小規模運航,120,2100000,1,1,4,35,40,81.4459493
20日,日本,中部,日本,那覇,20:30,90,9,1320000,30000,44,小規模運航,120,2100000,1,1,4,35,40,97.2724224
20日,日本,中部,日本,那覇,21:00,90,9,1440000,30000,48,小規模運航,120,2100000,1,1,4,35,40,92.6847043
20日,日本,中部,日本,那覇,21:30,90,9,1500000,30000,50,小規模運航,120,2100000,1,1,4,35,40,94.224609
20日,日本,中部,日本,那覇,22:00,90,9,1050000,30000,35,小規模運航,120,2100000,1,1,4,35,40,76.3652856
20日,日本,中部,日本,那覇,22:30,90,9,1050000,30000,35,小規模運航,120,2100000,1,1,4,35,40,90.6207489
21日,日本,中部,日本,那覇,07:00,90,9,1230000,30000,41,小規模運航,120,2100000,1,1,4,35,40,92.3787333
21日,日本,中部,日本,那覇,07:30,90,9,1020000,30000,34,小規模運航,120,2100000,1,1,4,35,40,69.9793212
21日,日本,中部,日本,那覇,08:00,90,9,1740000,30000,58,小規模運航,120,2100000,1,1,4,35,40,97.0036403
21日,日本,中部,日本,那覇,08:30,90,9,1710000,30000,57,小規模運航,120,2100000,1,1,4,35,40,99.0905142
21日,日本,中部,日本,那覇,09:00,90,9,1710000,30000,57,小規模運航,120,2100000,1,1,4,35,40,95.9782588
21日,日本,中部,日本,那覇,09:30,90,9,1590000,30000,53,小規模運航,120,2100000,1,1,4,35,40,95.9879555
21日,日本,中部,日本,那覇,10:00,90,9,1260000,30000,42,小規模運航,120,2100000,1,1,4,35,40,98.1824638
21日,日本,中部,日本,那覇,10:30,90,9,1320000,30000,44,小規模運航,120,2100000,1,1,4,35,40,89.0643091
21日,日本,中部,日本,那覇,11:00,90,9,1500000,30000,50,小規模運航,120,2100000,1,1,4,35,40,95.6664017
21日,日本,中部,日本,那覇,11:30,90,9,1350000,30000,45,小規模運航,120,2100000,1,1,4,35,40,93.0601076
21日,日本,中部,日本,那覇,12:00,90,9,1440000,30000,48,小規模運航,120,2100000,1,1,4,35,40,94.2585045
21日,日本,中部,日本,那覇,12:30,90,9,1410000,30000,47,小規模運航,120,2100000,1,1,4,35,40,92.0451295
21日,日本,中部,日本,那覇,13:00,90,9,1290000,30000,43,小規模運航,120,2100000,1,1,4,35,40,78.2279306
21日,日本,中部,日本,那覇,13:30,90,9,1440000,30000,48,小規模運航,120,2100000,1,1,4,35,40,92.1381219
21日,日本,中部,日本,那覇,14:00,90,9,1470000,30000,49,小規模運航,120,2100000,1,1,4,35,40,96.5300051
21日,日本,中部,日本,那覇,14:30,90,9,1350000,30000,45,小規模運航,120,2100000,1,1,4,35,40,80.0426938
21日,日本,中部,日本,那覇,15:00,90,9,1530000,30000,51,小規模運航,120,2100000,1,1,4,35,40,68.2917869
21日,日本,中部,日本,那覇,15:30,90,9,1350000,30000,45,小規模運航,120,2100000,1,1,4,35,40,96.7176156
21日,日本,中部,日本,那覇,16:00,90,9,1290000,30000,43,小規模運航,120,2100000,1,1,4,35,40,79.3412659
21日,日本,中部,日本,那覇,16:30,90,9,1440000,30000,48,小規模運航,120,2100000,1,1,4,35,40,94.697028
21日,日本,中部,日本,那覇,17:00,90,9,1740000,30000,58,小規模運航,120,2100000,1,1,4,35,40,98.6562345
21日,日本,中部,日本,那覇,17:30,90,9,1620000,30000,54,小規模運航,120,2100000,1,1,4,35,40,93.2118987
21日,日本,中部,日本,那覇,18:00,90,9,1530000,30000,51,小規模運航,120,2100000,1,1,4,35,40,96.4885009
21日,日本,中部,日本,那覇,18:30,90,9,1680000,30000,56,小規模運航,120,2100000,1,1,4,35,40,96.6884966
21日,日本,中部,日本,那覇,19:00,90,9,1770000,30000,59,小規模運航,120,2100000,1,1,4,35,40,95.5687863
21日,日本,中部,日本,那覇,19:30,90,9,1800000,30000,60,小規模運航,120,2100000,1,1,4,35,40,96.3209578
21日,日本,中部,日本,那覇,20:00,90,9,1380000,30000,46,小規模運航,120,2100000,1,1,4,35,40,88.9421997
21日,日本,中部,日本,那覇,20:30,90,9,1410000,30000,47,小規模運航,120,2100000,1,1,4,35,40,91.2305266
21日,日本,中部,日本,那覇,21:00,90,9,1440000,30000,48,小規模運航,120,2100000,1,1,4,35,40,92.6847043
21日,日本,中部,日本,那覇,21:30,90,9,1440000,30000,48,小規模運航,120,2100000,1,1,4,35,40,97.2238906
21日,日本,中部,日本,那覇,22:00,90,9,1110000,30000,37,小規模運航,120,2100000,1,1,4,35,40,98.3540793
21日,日本,中部,日本,那覇,22:30,90,9,1170000,30000,39,小規模運航,120,2100000,1,1,4,35,40,96.9858388
22日,日本,中部,日本,那覇,07:00,90,9,1140000,30000,38,小規模運航,120,2100000,1,1,4,35,40,82.2720604
22日,日本,中部,日本,那覇,07:30,90,9,990000,30000,33,小規模運航,120,2100000,1,1,4,35,40,97.04807
22日,日本,中部,日本,那覇,08:00,90,9,1560000,30000,52,小規模運航,120,2100000,1,1,4,35,40,87.1811164
22日,日本,中部,日本,那覇,08:30,90,9,1680000,30000,56,小規模運航,120,2100000,1,1,4,35,40,95.4807454
22日,日本,中部,日本,那覇,09:00,90,9,1800000,30000,60,小規模運航,120,2100000,1,1,4,35,40,95.8403378
22日,日本,中部,日本,那覇,09:30,90,9,1530000,30000,51,小規模運航,120,2100000,1,1,4,35,40,98.0680253
22日,日本,中部,日本,那覇,10:00,90,9,1350000,30000,45,小規模運航,120,2100000,1,1,4,35,40,98.4594064
22日,日本,中部,日本,那覇,10:30,90,9,1470000,30000,49,小規模運航,120,2100000,1,1,4,35,40,75.7217334
22日,日本,中部,日本,那覇,11:00,90,9,1260000,30000,42,小規模運航,120,2100000,1,1,4,35,40,96.1112286
22日,日本,中部,日本,那覇,11:30,90,9,1380000,30000,46,小規模運航,120,2100000,1,1,4,35,40,98.0967761
22日,日本,中部,日本,那覇,12:00,90,9,1380000,30000,46,小規模運航,120,2100000,1,1,4,35,40,98.9869085
22日,日本,中部,日本,那覇,12:30,90,9,1320000,30000,44,小規模運航,120,2100000,1,1,4,35,40,95.7964551
22日,日本,中部,日本,那覇,13:00,90,9,1320000,30000,44,小規模運航,120,2100000,1,1,4,35,40,91.3230357
22日,日本,中部,日本,那覇,13:30,90,9,1410000,30000,47,小規模運航,120,2100000,1,1,4,35,40,73.342205
22日,日本,中部,日本,那覇,14:00,90,9,1530000,30000,51,小規模運航,120,2100000,1,1,4,35,40,94.7768998
22日,日本,中部,日本,那覇,14:30,90,9,1410000,30000,47,小規模運航,120,2100000,1,1,4,35,40,73.8869891
22日,日本,中部,日本,那覇,15:00,90,9,1320000,30000,44,小規模運航,120,2100000,1,1,4,35,40,96.113924
22日,日本,中部,日本,那覇,15:30,90,9,1410000,30000,47,小規模運航,120,2100000,1,1,4,35,40,98.1592982
22日,日本,中部,日本,那覇,16:00,90,9,1470000,30000,49,小規模運航,120,2100000,1,1,4,35,40,98.1847351
22日,日本,中部,日本,那覇,16:30,90,9,1380000,30000,46,小規模運航,120,2100000,1,1,4,35,40,98.092984
22日,日本,中部,日本,那覇,17:00,90,9,1770000,30000,59,小規模運航,120,2100000,1,1,4,35,40,98.1524464
22日,日本,中部,日本,那覇,17:30,90,9,1740000,30000,58,小規模運航,120,2100000,1,1,4,35,40,94.9053866
22日,日本,中部,日本,那覇,18:00,90,9,1770000,30000,59,小規模運航,120,2100000,1,1,4,35,40,98.7855915
22日,日本,中部,日本,那覇,18:30,90,9,1770000,30000,59,小規模運航,120,2100000,1,1,4,35,40,90.4965746
22日,日本,中部,日本,那覇,19:00,90,9,1770000,30000,59,小規模運航,120,2100000,1,1,4,35,40,95.5687863
22日,日本,中部,日本,那覇,19:30,90,9,1800000,30000,60,小規模運航,120,2100000,1,1,4,35,40,96.3209578
22日,日本,中部,日本,那覇,20:00,90,9,1320000,30000,44,小規模運航,120,2100000,1,1,4,35,40,95.197006
22日,日本,中部,日本,那覇,20:30,90,9,1410000,30000,47,小規模運航,120,2100000,1,1,4,35,40,91.2305266
22日,日本,中部,日本,那覇,21:00,90,9,1410000,30000,47,小規模運航,120,2100000,1,1,4,35,40,98.0286925
22日,日本,中部,日本,那覇,21:30,90,9,1440000,30000,48,小規模運航,120,2100000,1,1,4,35,40,97.2238906
22日,日本,中部,日本,那覇,22:00,90,9,1080000,30000,36,小規模運航,120,2100000,1,1,4,35,40,93.9238025
22日,日本,中部,日本,那覇,22:30,90,9,1050000,30000,35,小規模運航,120,2100000,1,1,4,35,40,90.6207489
23日,日本,中部,日本,那覇,07:00,90,9,1170000,30000,39,小規模運航,120,2100000,1,1,4,35,40,71.3224848
23日,日本,中部,日本,那覇,07:30,90,9,1020000,30000,34,小規模運航,120,2100000,1,1,4,35,40,69.9793212
23日,日本,中部,日本,那覇,08:00,90,9,1590000,30000,53,小規模運航,120,2100000,1,1,4,35,40,97.2381511
23日,日本,中部,日本,那覇,08:30,90,9,1770000,30000,59,小規模運航,120,2100000,1,1,4,35,40,94.812553
23日,日本,中部,日本,那覇,09:00,90,9,1590000,30000,53,小規模運航,120,2100000,1,1,4,35,40,97.3923393
23日,日本,中部,日本,那覇,09:30,90,9,1800000,30000,60,小規模運航,120,2100000,1,1,4,35,40,95.6693796
23日,日本,中部,日本,那覇,10:00,90,9,1470000,30000,49,小規模運航,120,2100000,1,1,4,35,40,71.459447
23日,日本,中部,日本,那覇,10:30,90,9,1470000,30000,49,小規模運航,120,2100000,1,1,4,35,40,75.7217334
23日,日本,中部,日本,那覇,11:00,90,9,1320000,30000,44,小規模運航,120,2100000,1,1,4,35,40,97.8511176
23日,日本,中部,日本,那覇,11:30,90,9,1440000,30000,48,小規模運航,120,2100000,1,1,4,35,40,97.6769697
23日,日本,中部,日本,那覇,12:00,90,9,1410000,30000,47,小規模運航,120,2100000,1,1,4,35,40,94.7728356
23日,日本,中部,日本,那覇,12:30,90,9,1320000,30000,44,小規模運航,120,2100000,1,1,4,35,40,95.7964551
23日,日本,中部,日本,那覇,13:00,90,9,1260000,30000,42,小規模運航,120,2100000,1,1,4,35,40,81.798821
23日,日本,中部,日本,那覇,13:30,90,9,1410000,30000,47,小規模運航,120,2100000,1,1,4,35,40,73.342205
23日,日本,中部,日本,那覇,14:00,90,9,1380000,30000,46,小規模運航,120,2100000,1,1,4,35,40,96.6229148
23日,日本,中部,日本,那覇,14:30,90,9,1380000,30000,46,小規模運航,120,2100000,1,1,4,35,40,92.6414074
23日,日本,中部,日本,那覇,15:00,90,9,1500000,30000,50,小規模運航,120,2100000,1,1,4,35,40,93.5018917
23日,日本,中部,日本,那覇,15:30,90,9,1350000,30000,45,小規模運航,120,2100000,1,1,4,35,40,96.7176156
23日,日本,中部,日本,那覇,16:00,90,9,1320000,30000,44,小規模運航,120,2100000,1,1,4,35,40,91.5235289
23日,日本,中部,日本,那覇,16:30,90,9,1260000,30000,42,小規模運航,120,2100000,1,1,4,35,40,97.4249543
23日,日本,中部,日本,那覇,17:00,90,9,1710000,30000,57,小規模運航,120,2100000,1,1,4,35,40,95.9618539
23日,日本,中部,日本,那覇,17:30,90,9,1620000,30000,54,小規模運航,120,2100000,1,1,4,35,40,93.2118987
23日,日本,中部,日本,那覇,18:00,90,9,1620000,30000,54,小規模運航,120,2100000,1,1,4,35,40,98.7284301
23日,日本,中部,日本,那覇,18:30,90,9,1770000,30000,59,小規模運航,120,2100000,1,1,4,35,40,90.4965746
23日,日本,中部,日本,那覇,19:00,90,9,1770000,30000,59,小規模運航,120,2100000,1,1,4,35,40,95.5687863
23日,日本,中部,日本,那覇,19:30,90,9,1560000,30000,52,小規模運航,120,2100000,1,1,4,35,40,96.2653051
23日,日本,中部,日本,那覇,20:00,90,9,1410000,30000,47,小規模運航,120,2100000,1,1,4,35,40,94.2105519
23日,日本,中部,日本,那覇,20:30,90,9,1380000,30000,46,小規模運航,120,2100000,1,1,4,35,40,98.5558817
23日,日本,中部,日本,那覇,21:00,90,9,1380000,30000,46,小規模運航,120,2100000,1,1,4,35,40,93.6253425
23日,日本,中部,日本,那覇,21:30,90,9,1410000,30000,47,小規模運航,120,2100000,1,1,4,35,40,95.2810304
23日,日本,中部,日本,那覇,22:00,90,9,1140000,30000,38,小規模運航,120,2100000,1,1,4,35,40,83.7639905
23日,日本,中部,日本,那覇,22:30,90,9,1050000,30000,35,小規模運航,120,2100000,1,1,4,35,40,90.6207489
24日,日本,中部,日本,那覇,07:00,90,9,1140000,30000,38,小規模運航,120,2100000,1,1,4,35,40,82.2720604
24日,日本,中部,日本,那覇,07:30,90,9,1170000,30000,39,小規模運航,120,2100000,1,1,4,35,40,95.0527604
24日,日本,中部,日本,那覇,08:00,90,9,1680000,30000,56,小規模運航,120,2100000,1,1,4,35,40,98.7757899
24日,日本,中部,日本,那覇,08:30,90,9,1650000,30000,55,小規模運航,120,2100000,1,1,4,35,40,96.6275781
24日,日本,中部,日本,那覇,09:00,90,9,1680000,30000,56,小規模運航,120,2100000,1,1,4,35,40,94.4302278
24日,日本,中部,日本,那覇,09:30,90,9,1770000,30000,59,小規模運航,120,2100000,1,1,4,35,40,82.508009
24日,日本,中部,日本,那覇,10:00,90,9,1350000,30000,45,小規模運航,120,2100000,1,1,4,35,40,98.4594064
24日,日本,中部,日本,那覇,10:30,90,9,1320000,30000,44,小規模運航,120,2100000,1,1,4,35,40,89.0643091
24日,日本,中部,日本,那覇,11:00,90,9,1440000,30000,48,小規模運航,120,2100000,1,1,4,35,40,83.7426062
24日,日本,中部,日本,那覇,11:30,90,9,1470000,30000,49,小規模運航,120,2100000,1,1,4,35,40,94.2631358
24日,日本,中部,日本,那覇,12:00,90,9,1380000,30000,46,小規模運航,120,2100000,1,1,4,35,40,98.9869085
24日,日本,中部,日本,那覇,12:30,90,9,1530000,30000,51,小規模運航,120,2100000,1,1,4,35,40,98.1406627
24日,日本,中部,日本,那覇,13:00,90,9,1290000,30000,43,小規模運航,120,2100000,1,1,4,35,40,78.2279306
24日,日本,中部,日本,那覇,13:30,90,9,1380000,30000,46,小規模運航,120,2100000,1,1,4,35,40,75.27209
24日,日本,中部,日本,那覇,14:00,90,9,1410000,30000,47,小規模運航,120,2100000,1,1,4,35,40,76.4277205
24日,日本,中部,日本,那覇,14:30,90,9,1410000,30000,47,小規模運航,120,2100000,1,1,4,35,40,73.8869891
24日,日本,中部,日本,那覇,15:00,90,9,1350000,30000,45,小規模運航,120,2100000,1,1,4,35,40,83.6584892
24日,日本,中部,日本,那覇,15:30,90,9,1260000,30000,42,小規模運航,120,2100000,1,1,4,35,40,91.8641904
24日,日本,中部,日本,那覇,16:00,90,9,1320000,30000,44,小規模運航,120,2100000,1,1,4,35,40,91.5235289
24日,日本,中部,日本,那覇,16:30,90,9,1290000,30000,43,小規模運航,120,2100000,1,1,4,35,40,82.4595932
24日,日本,中部,日本,那覇,17:00,90,9,1770000,30000,59,小規模運航,120,2100000,1,1,4,35,40,98.1524464
24日,日本,中部,日本,那覇,17:30,90,9,1650000,30000,55,小規模運航,120,2100000,1,1,4,35,40,95.9267435
24日,日本,中部,日本,那覇,18:00,90,9,1680000,30000,56,小規模運航,120,2100000,1,1,4,35,40,89.7472688
24日,日本,中部,日本,那覇,18:30,90,9,1560000,30000,52,小規模運航,120,2100000,1,1,4,35,40,87.4850906
24日,日本,中部,日本,那覇,19:00,90,9,1560000,30000,52,小規模運航,120,2100000,1,1,4,35,40,98.5771004
24日,日本,中部,日本,那覇,19:30,90,9,1770000,30000,59,小規模運航,120,2100000,1,1,4,35,40,91.3561009
24日,日本,中部,日本,那覇,20:00,90,9,1440000,30000,48,小規模運航,120,2100000,1,1,4,35,40,81.4459493
24日,日本,中部,日本,那覇,20:30,90,9,1410000,30000,47,小規模運航,120,2100000,1,1,4,35,40,91.2305266
24日,日本,中部,日本,那覇,21:00,90,9,1410000,30000,47,小規模運航,120,2100000,1,1,4,35,40,98.0286925
24日,日本,中部,日本,那覇,21:30,90,9,1410000,30000,47,小規模運航,120,2100000,1,1,4,35,40,95.2810304
24日,日本,中部,日本,那覇,22:00,90,9,1050000,30000,35,小規模運航,120,2100000,1,1,4,35,40,76.3652856
24日,日本,中部,日本,那覇,22:30,90,9,1020000,30000,34,小規模運航,120,2100000,1,1,4,35,40,96.9966379
25日,日本,中部,日本,那覇,07:00,90,9,1170000,30000,39,小規模運航,120,2100000,1,1,4,35,40,71.3224848
25日,日本,中部,日本,那覇,07:30,90,9,1080000,30000,36,小規模運航,120,2100000,1,1,4,35,40,90.8171957
25日,日本,中部,日本,那覇,08:00,90,9,1650000,30000,55,小規模運航,120,2100000,1,1,4,35,40,98.3564459
25日,日本,中部,日本,那覇,08:30,90,9,1560000,30000,52,小規模運航,120,2100000,1,1,4,35,40,98.2959361
25日,日本,中部,日本,那覇,09:00,90,9,1740000,30000,58,小規模運航,120,2100000,1,1,4,35,40,81.8035398
25日,日本,中部,日本,那覇,09:30,90,9,1590000,30000,53,小規模運航,120,2100000,1,1,4,35,40,95.9879555
25日,日本,中部,日本,那覇,10:00,90,9,1320000,30000,44,小規模運航,120,2100000,1,1,4,35,40,98.7041358
25日,日本,中部,日本,那覇,10:30,90,9,1410000,30000,47,小規模運航,120,2100000,1,1,4,35,40,97.7549461
25日,日本,中部,日本,那覇,11:00,90,9,1500000,30000,50,小規模運航,120,2100000,1,1,4,35,40,95.6664017
25日,日本,中部,日本,那覇,11:30,90,9,1410000,30000,47,小規模運航,120,2100000,1,1,4,35,40,97.9712998
25日,日本,中部,日本,那覇,12:00,90,9,1290000,30000,43,小規模運航,120,2100000,1,1,4,35,40,94.3235365
25日,日本,中部,日本,那覇,12:30,90,9,1410000,30000,47,小規模運航,120,2100000,1,1,4,35,40,92.0451295
25日,日本,中部,日本,那覇,13:00,90,9,1320000,30000,44,小規模運航,120,2100000,1,1,4,35,40,91.3230357
25日,日本,中部,日本,那覇,13:30,90,9,1410000,30000,47,小規模運航,120,2100000,1,1,4,35,40,73.342205
25日,日本,中部,日本,那覇,14:00,90,9,1350000,30000,45,小規模運航,120,2100000,1,1,4,35,40,93.4566915
25日,日本,中部,日本,那覇,14:30,90,9,1260000,30000,42,小規模運航,120,2100000,1,1,4,35,40,98.2065489
25日,日本,中部,日本,那覇,15:00,90,9,1260000,30000,42,小規模運航,120,2100000,1,1,4,35,40,93.3664066
25日,日本,中部,日本,那覇,15:30,90,9,1440000,30000,48,小規模運航,120,2100000,1,1,4,35,40,97.049767
25日,日本,中部,日本,那覇,16:00,90,9,1260000,30000,42,小規模運航,120,2100000,1,1,4,35,40,94.8354701
25日,日本,中部,日本,那覇,16:30,90,9,1500000,30000,50,小規模運航,120,2100000,1,1,4,35,40,80.3619932
25日,日本,中部,日本,那覇,17:00,90,9,1770000,30000,59,小規模運航,120,2100000,1,1,4,35,40,98.1524464
25日,日本,中部,日本,那覇,17:30,90,9,1650000,30000,55,小規模運航,120,2100000,1,1,4,35,40,95.9267435
25日,日本,中部,日本,那覇,18:00,90,9,1650000,30000,55,小規模運航,120,2100000,1,1,4,35,40,94.4397749
25日,日本,中部,日本,那覇,18:30,90,9,1590000,30000,53,小規模運航,120,2100000,1,1,4,35,40,91.8667819
25日,日本,中部,日本,那覇,19:00,90,9,1770000,30000,59,小規模運航,120,2100000,1,1,4,35,40,95.5687863
25日,日本,中部,日本,那覇,19:30,90,9,1770000,30000,59,小規模運航,120,2100000,1,1,4,35,40,91.3561009
25日,日本,中部,日本,那覇,20:00,90,9,1500000,30000,50,小規模運航,120,2100000,1,1,4,35,40,97.5493861
25日,日本,中部,日本,那覇,20:30,90,9,1320000,30000,44,小規模運航,120,2100000,1,1,4,35,40,97.2724224
25日,日本,中部,日本,那覇,21:00,90,9,1320000,30000,44,小規模運航,120,2100000,1,1,4,35,40,91.1230931
25日,日本,中部,日本,那覇,21:30,90,9,1260000,30000,42,小規模運航,120,2100000,1,1,4,35,40,91.5855692
25日,日本,中部,日本,那覇,22:00,90,9,990000,30000,33,小規模運航,120,2100000,1,1,4,35,40,98.0169883
25日,日本,中部,日本,那覇,22:30,90,9,1020000,30000,34,小規模運航,120,2100000,1,1,4,35,40,96.9966379
26日,日本,中部,日本,那覇,07:00,90,9,1050000,30000,35,小規模運航,120,2100000,1,1,4,35,40,97.4039529
26日,日本,中部,日本,那覇,07:30,90,9,990000,30000,33,小規模運航,120,2100000,1,1,4,35,40,97.04807
26日,日本,中部,日本,那覇,08:00,90,9,1650000,30000,55,小規模運航,120,2100000,1,1,4,35,40,98.3564459
26日,日本,中部,日本,那覇,08:30,90,9,1530000,30000,51,小規模運航,120,2100000,1,1,4,35,40,94.7298166
26日,日本,中部,日本,那覇,09:00,90,9,1530000,30000,51,小規模運航,120,2100000,1,1,4,35,40,94.3749096
26日,日本,中部,日本,那覇,09:30,90,9,1770000,30000,59,小規模運航,120,2100000,1,1,4,35,40,82.508009
26日,日本,中部,日本,那覇,10:00,90,9,1320000,30000,44,小規模運航,120,2100000,1,1,4,35,40,98.7041358
26日,日本,中部,日本,那覇,10:30,90,9,1410000,30000,47,小規模運航,120,2100000,1,1,4,35,40,97.7549461
26日,日本,中部,日本,那覇,11:00,90,9,1440000,30000,48,小規模運航,120,2100000,1,1,4,35,40,83.7426062
26日,日本,中部,日本,那覇,11:30,90,9,1410000,30000,47,小規模運航,120,2100000,1,1,4,35,40,97.9712998
26日,日本,中部,日本,那覇,12:00,90,9,1410000,30000,47,小規模運航,120,2100000,1,1,4,35,40,94.7728356
26日,日本,中部,日本,那覇,12:30,90,9,1380000,30000,46,小規模運航,120,2100000,1,1,4,35,40,93.5257513
26日,日本,中部,日本,那覇,13:00,90,9,1410000,30000,47,小規模運航,120,2100000,1,1,4,35,40,85.2527032
26日,日本,中部,日本,那覇,13:30,90,9,1260000,30000,42,小規模運航,120,2100000,1,1,4,35,40,98.564517
26日,日本,中部,日本,那覇,14:00,90,9,1320000,30000,44,小規模運航,120,2100000,1,1,4,35,40,92.0533315
26日,日本,中部,日本,那覇,14:30,90,9,1500000,30000,50,小規模運航,120,2100000,1,1,4,35,40,82.298088
26日,日本,中部,日本,那覇,15:00,90,9,1320000,30000,44,小規模運航,120,2100000,1,1,4,35,40,96.113924
26日,日本,中部,日本,那覇,15:30,90,9,1320000,30000,44,小規模運航,120,2100000,1,1,4,35,40,85.1988678
26日,日本,中部,日本,那覇,16:00,90,9,1440000,30000,48,小規模運航,120,2100000,1,1,4,35,40,90.4719785
26日,日本,中部,日本,那覇,16:30,90,9,1350000,30000,45,小規模運航,120,2100000,1,1,4,35,40,97.7111485
26日,日本,中部,日本,那覇,17:00,90,9,1650000,30000,55,小規模運航,120,2100000,1,1,4,35,40,94.4536777
26日,日本,中部,日本,那覇,17:30,90,9,1560000,30000,52,小規模運航,120,2100000,1,1,4,35,40,98.8989728
26日,日本,中部,日本,那覇,18:00,90,9,1650000,30000,55,小規模運航,120,2100000,1,1,4,35,40,94.4397749
26日,日本,中部,日本,那覇,18:30,90,9,1770000,30000,59,小規模運航,120,2100000,1,1,4,35,40,90.4965746
26日,日本,中部,日本,那覇,19:00,90,9,1710000,30000,57,小規模運航,120,2100000,1,1,4,35,40,95.9874031
26日,日本,中部,日本,那覇,19:30,90,9,1770000,30000,59,小規模運航,120,2100000,1,1,4,35,40,91.3561009
26日,日本,中部,日本,那覇,20:00,90,9,1530000,30000,51,小規模運航,120,2100000,1,1,4,35,40,97.6863569
26日,日本,中部,日本,那覇,20:30,90,9,1320000,30000,44,小規模運航,120,2100000,1,1,4,35,40,97.2724224
26日,日本,中部,日本,那覇,21:00,90,9,1290000,30000,43,小規模運航,120,2100000,1,1,4,35,40,93.9212438
26日,日本,中部,日本,那覇,21:30,90,9,1350000,30000,45,小規模運航,120,2100000,1,1,4,35,40,91.2074252
26日,日本,中部,日本,那覇,22:00,90,9,1080000,30000,36,小規模運航,120,2100000,1,1,4,35,40,93.9238025
26日,日本,中部,日本,那覇,22:30,90,9,1020000,30000,34,小規模運航,120,2100000,1,1,4,35,40,96.9966379
27日,日本,中部,日本,那覇,07:00,90,9,1170000,30000,39,小規模運航,120,2100000,1,1,4,35,40,71.3224848
27日,日本,中部,日本,那覇,07:30,90,9,1140000,30000,38,小規模運航,120,2100000,1,1,4,35,40,66.2182239
27日,日本,中部,日本,那覇,08:00,90,9,1710000,30000,57,小規模運航,120,2100000,1,1,4,35,40,96.9554843
27日,日本,中部,日本,那覇,08:30,90,9,1620000,30000,54,小規模運航,120,2100000,1,1,4,35,40,98.6320848
27日,日本,中部,日本,那覇,09:00,90,9,1560000,30000,52,小規模運航,120,2100000,1,1,4,35,40,93.4480957
27日,日本,中部,日本,那覇,09:30,90,9,1680000,30000,56,小規模運航,120,2100000,1,1,4,35,40,85.0907816
27日,日本,中部,日本,那覇,10:00,90,9,1380000,30000,46,小規模運航,120,2100000,1,1,4,35,40,98.2959588
27日,日本,中部,日本,那覇,10:30,90,9,1260000,30000,42,小規模運航,120,2100000,1,1,4,35,40,96.9879096
27日,日本,中部,日本,那覇,11:00,90,9,1440000,30000,48,小規模運航,120,2100000,1,1,4,35,40,83.7426062
27日,日本,中部,日本,那覇,11:30,90,9,1320000,30000,44,小規模運航,120,2100000,1,1,4,35,40,96.9064927
27日,日本,中部,日本,那覇,12:00,90,9,1470000,30000,49,小規模運航,120,2100000,1,1,4,35,40,94.2298026
27日,日本,中部,日本,那覇,12:30,90,9,1440000,30000,48,小規模運航,120,2100000,1,1,4,35,40,92.1012943
27日,日本,中部,日本,那覇,13:00,90,9,1410000,30000,47,小規模運航,120,2100000,1,1,4,35,40,85.2527032
27日,日本,中部,日本,那覇,13:30,90,9,1320000,30000,44,小規模運航,120,2100000,1,1,4,35,40,85.9483816
27日,日本,中部,日本,那覇,14:00,90,9,1500000,30000,50,小規模運航,120,2100000,1,1,4,35,40,94.9725085
27日,日本,中部,日本,那覇,14:30,90,9,1410000,30000,47,小規模運航,120,2100000,1,1,4,35,40,73.8869891
27日,日本,中部,日本,那覇,15:00,90,9,1530000,30000,51,小規模運航,120,2100000,1,1,4,35,40,68.2917869
27日,日本,中部,日本,那覇,15:30,90,9,1350000,30000,45,小規模運航,120,2100000,1,1,4,35,40,96.7176156
27日,日本,中部,日本,那覇,16:00,90,9,1260000,30000,42,小規模運航,120,2100000,1,1,4,35,40,94.8354701
27日,日本,中部,日本,那覇,16:30,90,9,1440000,30000,48,小規模運航,120,2100000,1,1,4,35,40,94.697028
27日,日本,中部,日本,那覇,17:00,90,9,1620000,30000,54,小規模運航,120,2100000,1,1,4,35,40,95.8186951
27日,日本,中部,日本,那覇,17:30,90,9,1770000,30000,59,小規模運航,120,2100000,1,1,4,35,40,94.811727
27日,日本,中部,日本,那覇,18:00,90,9,1590000,30000,53,小規模運航,120,2100000,1,1,4,35,40,99.1636875
27日,日本,中部,日本,那覇,18:30,90,9,1710000,30000,57,小規模運航,120,2100000,1,1,4,35,40,98.8513208
27日,日本,中部,日本,那覇,19:00,90,9,1590000,30000,53,小規模運航,120,2100000,1,1,4,35,40,96.4228196
27日,日本,中部,日本,那覇,19:30,90,9,1590000,30000,53,小規模運航,120,2100000,1,1,4,35,40,88.446405
27日,日本,中部,日本,那覇,20:00,90,9,1500000,30000,50,小規模運航,120,2100000,1,1,4,35,40,97.5493861
27日,日本,中部,日本,那覇,20:30,90,9,1470000,30000,49,小規模運航,120,2100000,1,1,4,35,40,77.2375709
27日,日本,中部,日本,那覇,21:00,90,9,1350000,30000,45,小規模運航,120,2100000,1,1,4,35,40,98.4620126
27日,日本,中部,日本,那覇,21:30,90,9,1320000,30000,44,小規模運航,120,2100000,1,1,4,35,40,97.4518417
27日,日本,中部,日本,那覇,22:00,90,9,990000,30000,33,小規模運航,120,2100000,1,1,4,35,40,98.0169883
27日,日本,中部,日本,那覇,22:30,90,9,1050000,30000,35,小規模運航,120,2100000,1,1,4,35,40,90.6207489
28日,日本,中部,日本,那覇,07:00,90,9,1170000,30000,39,小規模運航,120,2100000,1,1,4,35,40,71.3224848
28日,日本,中部,日本,那覇,07:30,90,9,1200000,30000,40,小規模運航,120,2100000,1,1,4,35,40,92.2750786
28日,日本,中部,日本,那覇,08:00,90,9,1560000,30000,52,小規模運航,120,2100000,1,1,4,35,40,87.1811164
28日,日本,中部,日本,那覇,08:30,90,9,1620000,30000,54,小規模運航,120,2100000,1,1,4,35,40,98.6320848
28日,日本,中部,日本,那覇,09:00,90,9,1560000,30000,52,小規模運航,120,2100000,1,1,4,35,40,93.4480957
28日,日本,中部,日本,那覇,09:30,90,9,1590000,30000,53,小規模運航,120,2100000,1,1,4,35,40,95.9879555
28日,日本,中部,日本,那覇,10:00,90,9,1410000,30000,47,小規模運航,120,2100000,1,1,4,35,40,94.2143154
28日,日本,中部,日本,那覇,10:30,90,9,1320000,30000,44,小規模運航,120,2100000,1,1,4,35,40,89.0643091
28日,日本,中部,日本,那覇,11:00,90,9,1350000,30000,45,小規模運航,120,2100000,1,1,4,35,40,93.8414458
28日,日本,中部,日本,那覇,11:30,90,9,1350000,30000,45,小規模運航,120,2100000,1,1,4,35,40,93.0601076
28日,日本,中部,日本,那覇,12:00,90,9,1380000,30000,46,小規模運航,120,2100000,1,1,4,35,40,98.9869085
28日,日本,中部,日本,那覇,12:30,90,9,1410000,30000,47,小規模運航,120,2100000,1,1,4,35,40,92.0451295
28日,日本,中部,日本,那覇,13:00,90,9,1350000,30000,45,小規模運航,120,2100000,1,1,4,35,40,95.7684403
28日,日本,中部,日本,那覇,13:30,90,9,1470000,30000,49,小規模運航,120,2100000,1,1,4,35,40,90.5125307
28日,日本,中部,日本,那覇,14:00,90,9,1320000,30000,44,小規模運航,120,2100000,1,1,4,35,40,92.0533315
28日,日本,中部,日本,那覇,14:30,90,9,1320000,30000,44,小規模運航,120,2100000,1,1,4,35,40,83.1524933
28日,日本,中部,日本,那覇,15:00,90,9,1440000,30000,48,小規模運航,120,2100000,1,1,4,35,40,91.8585076
28日,日本,中部,日本,那覇,15:30,90,9,1440000,30000,48,小規模運航,120,2100000,1,1,4,35,40,97.049767
28日,日本,中部,日本,那覇,16:00,90,9,1320000,30000,44,小規模運航,120,2100000,1,1,4,35,40,91.5235289
28日,日本,中部,日本,那覇,16:30,90,9,1530000,30000,51,小規模運航,120,2100000,1,1,4,35,40,98.5384877
28日,日本,中部,日本,那覇,17:00,90,9,1560000,30000,52,小規模運航,120,2100000,1,1,4,35,40,91.4966411
28日,日本,中部,日本,那覇,17:30,90,9,1740000,30000,58,小規模運航,120,2100000,1,1,4,35,40,94.9053866
28日,日本,中部,日本,那覇,18:00,90,9,1620000,30000,54,小規模運航,120,2100000,1,1,4,35,40,98.7284301
28日,日本,中部,日本,那覇,18:30,90,9,1590000,30000,53,小規模運航,120,2100000,1,1,4,35,40,91.8667819
28日,日本,中部,日本,那覇,19:00,90,9,1560000,30000,52,小規模運航,120,2100000,1,1,4,35,40,98.5771004
28日,日本,中部,日本,那覇,19:30,90,9,1800000,30000,60,小規模運航,120,2100000,1,1,4,35,40,96.3209578
28日,日本,中部,日本,那覇,20:00,90,9,1470000,30000,49,小規模運航,120,2100000,1,1,4,35,40,82.18447
28日,日本,中部,日本,那覇,20:30,90,9,1350000,30000,45,小規模運航,120,2100000,1,1,4,35,40,98.3103887
28日,日本,中部,日本,那覇,21:00,90,9,1500000,30000,50,小規模運航,120,2100000,1,1,4,35,40,94.6312446
28日,日本,中部,日本,那覇,21:30,90,9,1470000,30000,49,小規模運航,120,2100000,1,1,4,35,40,96.9650053
28日,日本,中部,日本,那覇,22:00,90,9,1110000,30000,37,小規模運航,120,2100000,1,1,4,35,40,98.3540793
28日,日本,中部,日本,那覇,22:30,90,9,1080000,30000,36,小規模運航,120,2100000,1,1,4,35,40,91.7170922
29日,日本,中部,日本,那覇,07:00,90,9,1050000,30000,35,小規模運航,120,2100000,1,1,4,35,40,97.4039529
29日,日本,中部,日本,那覇,07:30,90,9,1110000,30000,37,小規模運航,120,2100000,1,1,4,35,40,84.9170449
29日,日本,中部,日本,那覇,08:00,90,9,1740000,30000,58,小規模運航,120,2100000,1,1,4,35,40,97.0036403
29日,日本,中部,日本,那覇,08:30,90,9,1620000,30000,54,小規模運航,120,2100000,1,1,4,35,40,98.6320848
29日,日本,中部,日本,那覇,09:00,90,9,1560000,30000,52,小規模運航,120,2100000,1,1,4,35,40,93.4480957
29日,日本,中部,日本,那覇,09:30,90,9,1800000,30000,60,小規模運航,120,2100000,1,1,4,35,40,95.6693796
29日,日本,中部,日本,那覇,10:00,90,9,1350000,30000,45,小規模運航,120,2100000,1,1,4,35,40,98.4594064
29日,日本,中部,日本,那覇,10:30,90,9,1440000,30000,48,小規模運航,120,2100000,1,1,4,35,40,98.2445954
29日,日本,中部,日本,那覇,11:00,90,9,1350000,30000,45,小規模運航,120,2100000,1,1,4,35,40,93.8414458
29日,日本,中部,日本,那覇,11:30,90,9,1530000,30000,51,小規模運航,120,2100000,1,1,4,35,40,93.6391372
29日,日本,中部,日本,那覇,12:00,90,9,1470000,30000,49,小規模運航,120,2100000,1,1,4,35,40,94.2298026
29日,日本,中部,日本,那覇,12:30,90,9,1410000,30000,47,小規模運航,120,2100000,1,1,4,35,40,92.0451295
29日,日本,中部,日本,那覇,13:00,90,9,1320000,30000,44,小規模運航,120,2100000,1,1,4,35,40,91.3230357
29日,日本,中部,日本,那覇,13:30,90,9,1350000,30000,45,小規模運航,120,2100000,1,1,4,35,40,97.2051424
29日,日本,中部,日本,那覇,14:00,90,9,1320000,30000,44,小規模運航,120,2100000,1,1,4,35,40,92.0533315
29日,日本,中部,日本,那覇,14:30,90,9,1320000,30000,44,小規模運航,120,2100000,1,1,4,35,40,83.1524933
29日,日本,中部,日本,那覇,15:00,90,9,1380000,30000,46,小規模運航,120,2100000,1,1,4,35,40,92.3367864
29日,日本,中部,日本,那覇,15:30,90,9,1410000,30000,47,小規模運航,120,2100000,1,1,4,35,40,98.1592982
29日,日本,中部,日本,那覇,16:00,90,9,1500000,30000,50,小規模運航,120,2100000,1,1,4,35,40,78.3575381
29日,日本,中部,日本,那覇,16:30,90,9,1410000,30000,47,小規模運航,120,2100000,1,1,4,35,40,92.2438625
29日,日本,中部,日本,那覇,17:00,90,9,1680000,30000,56,小規模運航,120,2100000,1,1,4,35,40,95.4443633
29日,日本,中部,日本,那覇,17:30,90,9,1770000,30000,59,小規模運航,120,2100000,1,1,4,35,40,94.811727
29日,日本,中部,日本,那覇,18:00,90,9,1560000,30000,52,小規模運航,120,2100000,1,1,4,35,40,97.6434342
29日,日本,中部,日本,那覇,18:30,90,9,1710000,30000,57,小規模運航,120,2100000,1,1,4,35,40,98.8513208
29日,日本,中部,日本,那覇,19:00,90,9,1530000,30000,51,小規模運航,120,2100000,1,1,4,35,40,98.2243714
29日,日本,中部,日本,那覇,19:30,90,9,1590000,30000,53,小規模運航,120,2100000,1,1,4,35,40,88.446405
29日,日本,中部,日本,那覇,20:00,90,9,1260000,30000,42,小規模運航,120,2100000,1,1,4,35,40,97.5756405
29日,日本,中部,日本,那覇,20:30,90,9,1530000,30000,51,小規模運航,120,2100000,1,1,4,35,40,93.9551426
29日,日本,中部,日本,那覇,21:00,90,9,1410000,30000,47,小規模運航,120,2100000,1,1,4,35,40,98.0286925
29日,日本,中部,日本,那覇,21:30,90,9,1290000,30000,43,小規模運航,120,2100000,1,1,4,35,40,84.3908537
29日,日本,中部,日本,那覇,22:00,90,9,1020000,30000,34,小規模運航,120,2100000,1,1,4,35,40,93.6299859
29日,日本,中部,日本,那覇,22:30,90,9,1110000,30000,37,小規模運航,120,2100000,1,1,4,35,40,90.8313478
30日,日本,中部,日本,那覇,07:00,90,9,1080000,30000,36,小規模運航,120,2100000,1,1,4,35,40,72.0251538
30日,日本,中部,日本,那覇,07:30,90,9,1230000,30000,41,小規模運航,120,2100000,1,1,4,35,40,95.6700612
30日,日本,中部,日本,那覇,08:00,90,9,1620000,30000,54,小規模運航,120,2100000,1,1,4,35,40,94.884776
30日,日本,中部,日本,那覇,08:30,90,9,1740000,30000,58,小規模運航,120,2100000,1,1,4,35,40,97.0025826
30日,日本,中部,日本,那覇,09:00,90,9,1680000,30000,56,小規模運航,120,2100000,1,1,4,35,40,94.4302278
30日,日本,中部,日本,那覇,09:30,90,9,1650000,30000,55,小規模運航,120,2100000,1,1,4,35,40,84.9657146
30日,日本,中部,日本,那覇,10:00,90,9,1410000,30000,47,小規模運航,120,2100000,1,1,4,35,40,94.2143154
30日,日本,中部,日本,那覇,10:30,90,9,1470000,30000,49,小規模運航,120,2100000,1,1,4,35,40,75.7217334
30日,日本,中部,日本,那覇,11:00,90,9,1500000,30000,50,小規模運航,120,2100000,1,1,4,35,40,95.6664017
30日,日本,中部,日本,那覇,11:30,90,9,1320000,30000,44,小規模運航,120,2100000,1,1,4,35,40,96.9064927
30日,日本,中部,日本,那覇,12:00,90,9,1530000,30000,51,小規模運航,120,2100000,1,1,4,35,40,98.3869154
30日,日本,中部,日本,那覇,12:30,90,9,1260000,30000,42,小規模運航,120,2100000,1,1,4,35,40,75.8270183
30日,日本,中部,日本,那覇,13:00,90,9,1410000,30000,47,小規模運航,120,2100000,1,1,4,35,40,85.2527032
30日,日本,中部,日本,那覇,13:30,90,9,1470000,30000,49,小規模運航,120,2100000,1,1,4,35,40,90.5125307
30日,日本,中部,日本,那覇,14:00,90,9,1440000,30000,48,小規模運航,120,2100000,1,1,4,35,40,97.348262
30日,日本,中部,日本,那覇,14:30,90,9,1530000,30000,51,小規模運航,120,2100000,1,1,4,35,40,97.1216705
30日,日本,中部,日本,那覇,15:00,90,9,1410000,30000,47,小規模運航,120,2100000,1,1,4,35,40,92.9945619
30日,日本,中部,日本,那覇,15:30,90,9,1410000,30000,47,小規模運航,120,2100000,1,1,4,35,40,98.1592982
30日,日本,中部,日本,那覇,16:00,90,9,1470000,30000,49,小規模運航,120,2100000,1,1,4,35,40,98.1847351
30日,日本,中部,日本,那覇,16:30,90,9,1320000,30000,44,小規模運航,120,2100000,1,1,4,35,40,96.9964085
30日,日本,中部,日本,那覇,17:00,90,9,1740000,30000,58,小規模運航,120,2100000,1,1,4,35,40,98.6562345
30日,日本,中部,日本,那覇,17:30,90,9,1680000,30000,56,小規模運航,120,2100000,1,1,4,35,40,95.8344511
30日,日本,中部,日本,那覇,18:00,90,9,1800000,30000,60,小規模運航,120,2100000,1,1,4,35,40,97.3906458
30日,日本,中部,日本,那覇,18:30,90,9,1770000,30000,59,小規模運航,120,2100000,1,1,4,35,40,90.4965746
30日,日本,中部,日本,那覇,19:00,90,9,1770000,30000,59,小規模運航,120,2100000,1,1,4,35,40,95.5687863
30日,日本,中部,日本,那覇,19:30,90,9,1590000,30000,53,小規模運航,120,2100000,1,1,4,35,40,88.446405
30日,日本,中部,日本,那覇,20:00,90,9,1320000,30000,44,小規模運航,120,2100000,1,1,4,35,40,95.197006
30日,日本,中部,日本,那覇,20:30,90,9,1470000,30000,49,小規模運航,120,2100000,1,1,4,35,40,77.2375709
30日,日本,中部,日本,那覇,21:00,90,9,1470000,30000,49,小規模運航,120,2100000,1,1,4,35,40,98.6500195
30日,日本,中部,日本,那覇,21:30,90,9,1470000,30000,49,小規模運航,120,2100000,1,1,4,35,40,96.9650053
30日,日本,中部,日本,那覇,22:00,90,9,1260000,30000,42,小規模運航,120,2100000,1,1,4,35,40,67.4468255
30日,日本,中部,日本,那覇,22:30,90,9,1230000,30000,41,小規模運航,120,2100000,1,1,4,35,40,98.2235789
31日,日本,中部,日本,那覇,07:00,90,9,1170000,30000,39,小規模運航,120,2100000,1,1,4,35,40,71.3224848
31日,日本,中部,日本,那覇,07:30,90,9,1110000,30000,37,小規模運航,120,2100000,1,1,4,35,40,84.9170449
31日,日本,中部,日本,那覇,08:00,90,9,1770000,30000,59,小規模運航,120,2100000,1,1,4,35,40,98.8816556
31日,日本,中部,日本,那覇,08:30,90,9,1710000,30000,57,小規模運航,120,2100000,1,1,4,35,40,99.0905142
31日,日本,中部,日本,那覇,09:00,90,9,1620000,30000,54,小規模運航,120,2100000,1,1,4,35,40,98.3891231
31日,日本,中部,日本,那覇,09:30,90,9,1590000,30000,53,小規模運航,120,2100000,1,1,4,35,40,95.9879555
31日,日本,中部,日本,那覇,10:00,90,9,1410000,30000,47,小規模運航,120,2100000,1,1,4,35,40,94.2143154
31日,日本,中部,日本,那覇,10:30,90,9,1500000,30000,50,小規模運航,120,2100000,1,1,4,35,40,98.4420364
31日,日本,中部,日本,那覇,11:00,90,9,1380000,30000,46,小規模運航,120,2100000,1,1,4,35,40,92.6238321
31日,日本,中部,日本,那覇,11:30,90,9,1380000,30000,46,小規模運航,120,2100000,1,1,4,35,40,98.0967761
31日,日本,中部,日本,那覇,12:00,90,9,1530000,30000,51,小規模運航,120,2100000,1,1,4,35,40,98.3869154
31日,日本,中部,日本,那覇,12:30,90,9,1410000,30000,47,小規模運航,120,2100000,1,1,4,35,40,92.0451295
31日,日本,中部,日本,那覇,13:00,90,9,1440000,30000,48,小規模運航,120,2100000,1,1,4,35,40,93.9178631
31日,日本,中部,日本,那覇,13:30,90,9,1470000,30000,49,小規模運航,120,2100000,1,1,4,35,40,90.5125307
31日,日本,中部,日本,那覇,14:00,90,9,1290000,30000,43,小規模運航,120,2100000,1,1,4,35,40,91.6744656
31日,日本,中部,日本,那覇,14:30,90,9,1290000,30000,43,小規模運航,120,2100000,1,1,4,35,40,95.2142544
31日,日本,中部,日本,那覇,15:00,90,9,1380000,30000,46,小規模運航,120,2100000,1,1,4,35,40,92.3367864
31日,日本,中部,日本,那覇,15:30,90,9,1380000,30000,46,小規模運航,120,2100000,1,1,4,35,40,91.2188026
31日,日本,中部,日本,那覇,16:00,90,9,1320000,30000,44,小規模運航,120,2100000,1,1,4,35,40,91.5235289
31日,日本,中部,日本,那覇,16:30,90,9,1410000,30000,47,小規模運航,120,2100000,1,1,4,35,40,92.2438625
31日,日本,中部,日本,那覇,17:00,90,9,1560000,30000,52,小規模運航,120,2100000,1,1,4,35,40,91.4966411
31日,日本,中部,日本,那覇,17:30,90,9,1650000,30000,55,小規模運航,120,2100000,1,1,4,35,40,95.9267435
31日,日本,中部,日本,那覇,18:00,90,9,1740000,30000,58,小規模運航,120,2100000,1,1,4,35,40,94.5984586
31日,日本,中部,日本,那覇,18:30,90,9,1590000,30000,53,小規模運航,120,2100000,1,1,4,35,40,91.8667819
31日,日本,中部,日本,那覇,19:00,90,9,1770000,30000,59,小規模運航,120,2100000,1,1,4,35,40,95.5687863
31日,日本,中部,日本,那覇,19:30,90,9,1530000,30000,51,小規模運航,120,2100000,1,1,4,35,40,93.3512989
31日,日本,中部,日本,那覇,20:00,90,9,1320000,30000,44,小規模運航,120,2100000,1,1,4,35,40,95.197006
31日,日本,中部,日本,那覇,20:30,90,9,1440000,30000,48,小規模運航,120,2100000,1,1,4,35,40,85.4645846
31日,日本,中部,日本,那覇,21:00,90,9,1260000,30000,42,小規模運航,120,2100000,1,1,4,35,40,98.7571791
31日,日本,中部,日本,那覇,21:30,90,9,1410000,30000,47,小規模運航,120,2100000,1,1,4,35,40,95.2810304
31日,日本,中部,日本,那覇,22:00,90,9,1200000,30000,40,小規模運航,120,2100000,1,1,4,35,40,97.8038935
31日,日本,中部,日本,那覇,22:30,90,9,1050000,30000,35,小規模運航,120,2100000,1,1,4,35,40,90.6207489
